"PHA193804230","19380423",0,"Saturday",0,"F","D","BOS","PHA","PHI11","grovl101","smite105","morig101","kolll901","(none)","(none)","","",10895,"115,253","Bob Kistler","D Lamoureaux","2004/05/12 4:45PM","",0,0,0,0,-1,0,0,0,144,9,10,4,11,7,0,1,4,8,"grovl101","smite105","mckaa101","","cramd102",8,"vosmj101",7,"foxxj101",3,"cronj101",6,"higgm101",5,"chapb102",9,"doerb101",4,"desag101",2,"grovl101",1,"finnl101",8,"werbb101",5,"haasm101",9,"johnb102",7,"hassg101",3,"lodid101",4,"amblw101",6,"hayef101",2,"smite105",1,"mckaa101","nelsl101"
"PHA193804240","19380424",0,"Sunday",0,"F","D","BOS","PHA","PHI11","dicke101","castg101","kolll901","morig101","(none)","(none)","","",0,"253","D Lamoureaux","D Lamoureaux","2007/09/29 7:38PM","",0,0,0,0,-1,0,0,0,132,9,4,10,8,14,2,1,11,8,"castg101","dicke101","","","cramd102",8,"vosmj101",7,"foxxj101",3,"cronj101",6,"higgm101",5,"chapb102",9,"doerb101",4,"desag101",2,"dicke101",1,"finnl101",8,"werbb101",5,"haasm101",9,"johnb102",7,"hassg101",3,"lodid101",4,"bruce101",2,"amblw101",6,"castg101",1,"humpb103",""
"PHA193804250","19380425",0,"Monday",0,"F","D","NYA","PHA","PHI11","beggj101","rossb102","morig101","kolll901","(none)","(none)","","",4000,"270","Comly","Comly","2012/12/28 5:53PM","",1,0,0,0,-1,0,0,0,105,9,1,6,7,8,0,0,10,5,"rossb102","beggj101","","","crosf103",6,"rolfr101",5,"selkg101",7,"gehrl101",3,"dickb101",2,"henrt101",9,"hoagm101",8,"gordj101",4,"beggj101",1,"finnl101",8,"werbb101",5,"haasm101",9,"johnb102",7,"hassg101",3,"lodid101",4,"hayef101",2,"amblw101",6,"rossb102",1,"",""
"PHA193804260","19380426",0,"Tuesday",0,"F","D","NYA","PHA","PHI11","pearm101","smite105","kolll901","morig101","(none)","(none)","","",6300,"270","Comly","Comly","2013/01/07 2:07AM","",1,0,0,0,-1,0,0,0,130,9,5,3,9,9,1,1,6,6,"pearm101","smite105","","","crosf103",6,"rolfr101",5,"powej106",9,"gehrl101",3,"hoagm101",8,"selkg101",7,"gordj101",4,"glenj101",2,"pearm101",1,"finnl101",8,"werbb101",5,"haasm101",9,"johnb102",7,"hassg101",3,"lodid101",4,"bruce101",2,"amblw101",6,"smite105",1,"","nelsl101"
"PHA193804270","19380427",0,"Wednesday",0,"F","D","NYA","PHA","PHI11","ruffr101","kellh101","morig101","kolll901","(none)","(none)","","",6000,"270","Comly","Comly","2013/01/07 2:44AM","",1,0,0,0,-1,0,0,0,136,9,9,2,16,8,0,0,9,9,"ruffr101","kellh101","","","crosf103",6,"rolfr101",5,"selkg101",7,"gehrl101",3,"henrt101",9,"hoagm101",8,"gordj101",4,"glenj101",2,"ruffr101",1,"finnl101",8,"werbb101",5,"haasm101",9,"johnb102",7,"hassg101",3,"lodid101",4,"hayef101",2,"amblw101",6,"kellh101",1,"","thomb102"
"PHA193804280","19380428",0,"Thursday",0,"F","D","WS1","PHA","PHI11","ferrw101","castg101","quinj901","rue-j901","(none)","summb901","","",9100,"479","Dick Cramer","Dick Cramer","2014/06/16 8:45PM","",0,0,0,0,-1,0,0,0,0,9,7,2,8,8,1,2,4,10,"ferrw101","castg101","","","almam101",8,"lewib103",5,"simma101",7,"bonuz101",3,"stonj102",9,"travc101",6,"myerb103",4,"ferrr101",2,"ferrw101",1,"finnl101",8,"werbb101",5,"haasm101",9,"johnb102",7,"hassg101",3,"lodid101",4,"bruce101",2,"amblw101",6,"castg101",1,"","kellh101"
"PHA193804290","19380429",0,"Friday",0,"F","D","WS1","PHA","PHI11","weavm101","rossb102","rue-j901","summb901","(none)","quinj901","","",9100,"270","Comly","Comly","2013/01/07 3:37AM","",1,0,0,0,-1,0,0,0,149,9,6,7,11,9,0,5,9,9,"smite105","krakj101","","","almam101",8,"lewib103",5,"goslg101",7,"bonuz101",3,"stonj102",9,"travc101",6,"myerb103",4,"ferrr101",2,"weavm101",1,"finnl101",8,"werbb101",5,"haasm101",9,"johnb102",7,"hassg101",3,"lodid101",4,"hayef101",2,"amblw101",6,"rossb102",1,"phebb101","smite105"
"PHA193805030","19380503",0,"Tuesday",0,"F","D","CHA","PHA","PHI11","cains101","rossb102","hubbc901","mcgob901","(none)","(none)","","",4000,"277","Comly","Comly","2013/02/08 12:50AM","",1,0,0,0,-1,0,0,0,114,9,2,7,5,11,2,4,5,7,"rossb102","cains101","","","bergb101",6,"kreem101",8,"steih102",9,"walkg101",7,"kuhej101",3,"owenm102",5,"dykej101",4,"sewel101",2,"cains101",1,"finnl101",8,"werbb101",5,"mosew101",9,"johnb102",7,"hassg101",3,"lodid101",4,"hayef101",2,"amblw101",6,"rossb102",1,"rignj101",""
"PHA193805040","19380504",0,"Wednesday",0,"F","D","CHA","PHA","PHI11","dietb101","castg101","mcgob901","hubbc901","(none)","(none)","","",3000,"277","Comly","Comly","2013/02/08 2:00PM","",1,0,0,0,-1,0,0,0,110,9,4,1,6,5,1,1,6,9,"dietb101","castg101","","","bergb101",6,"kreem101",8,"steih102",9,"walkg101",7,"kuhej101",3,"owenm102",5,"dykej101",4,"sewel101",2,"dietb101",1,"finnl101",8,"werbb101",5,"mosew101",9,"johnb102",7,"hassg101",3,"lodid101",4,"bruce101",2,"amblw101",6,"castg101",1,"","pottn102"
"PHA193805050","19380505",0,"Thursday",0,"F","D","CHA","PHA","PHI11","gablf101","thomb102","hubbc901","mcgob901","(none)","(none)","","",0,"253,277","D Lamoureaux","D Lamoureaux","2007/09/29 7:46PM","",0,0,0,0,-1,0,0,0,119,9,10,4,17,7,1,0,7,2,"gablf101","thomb102","","","bergb101",6,"kreem101",8,"steih102",9,"walkg101",7,"kuhej101",3,"owenm102",5,"dykej101",4,"sewel101",2,"gablf101",1,"finnl101",8,"werbb101",5,"mosew101",9,"johnb102",7,"hassg101",3,"lodid101",4,"hayef101",2,"amblw101",6,"thomb102",1,"","smite105"
"PHA193805060","19380506",0,"Friday",0,"F","D","CLE","PHA","PHI11","allej102","castg101","mcgob901","hubbc901","(none)","(none)","","",0,"39","D Lamoureaux","D Lamoureaux","2005/03/29 2:28PM","",0,0,0,0,-1,0,0,0,141,9,4,1,13,9,4,1,12,12,"allej102","castg101","","","laryl101",6,"weatr101",7,"haleo101",4,"keltk101",5,"avere101",8,"campb102",9,"pytlf101",2,"kronj101",3,"allej102",1,"finnl101",8,"werbb101",5,"mosew101",9,"johnb102",7,"hassg101",3,"lodid101",4,"bruce101",2,"amblw101",6,"castg101",1,"","nelsl101"
"PHA193805070","19380507",0,"Saturday",0,"F","D","CLE","PHA","PHI11","hudlw101","rossb102","hubbc901","mcgob901","(none)","(none)","","",0,"39","D Lamoureaux","D Lamoureaux","2005/03/29 2:40PM","",0,0,0,0,-1,0,0,0,131,9,4,2,9,6,1,1,8,5,"hudlw101","smite105","","","laryl101",6,"weatr101",7,"haleo101",4,"keltk101",5,"avere101",8,"campb102",9,"pytlf101",2,"kronj101",3,"hudlw101",1,"mosew101",9,"werbb101",5,"finnl101",8,"johnb102",7,"hassg101",3,"lodid101",4,"hayef101",2,"amblw101",6,"rossb102",1,"","pottn102"
"PHA193805080","19380508",0,"Sunday",0,"F","D","DET","PHA","PHI11","rowes101","nelsl101","summb901","romme101","(none)","quinj901","","",10000,"253","D Lamoureaux","D Lamoureaux","2007/09/29 7:55PM","",0,0,0,0,-1,0,0,0,148,10,6,7,9,15,1,0,5,12,"nelsl101","aukee101","","","fox-p102",9,"walkd101",8,"gehrc101",4,"greeh102",3,"yorkr101",2,"rossd101",5,"cullr101",7,"rogeb102",6,"rowes101",1,"amblw101",6,"werbb101",5,"hassg101",3,"hayef101",2,"lodid101",4,"johnb102",7,"mosew101",9,"finnl101",8,"nelsl101",1,"aukee101",""
"PHA193805110","19380511",0,"Wednesday",0,"F","D","SLA","PHA","PHI11","knotj102","smite105","romme101","quinj901","(none)","summb901","","",0,"253","D Lamoureaux","D Lamoureaux","2007/09/30 9:55AM","",0,0,0,0,-1,0,0,0,83,9,9,5,8,16,1,4,10,11,"knotj102","smite105","newsb101","","millb108",7,"hughr101",4,"clifh101",5,"bellb102",9,"wests101",8,"kresr101",6,"mcqug101",3,"heatt101",2,"knotj102",1,"amblw101",6,"werbb101",5,"hassg101",3,"bruce101",2,"eastp101",8,"johnb102",7,"mosew101",9,"lodid101",4,"smite105",1,"newsb101","thomb102"
"PHA193805280","19380528",0,"Saturday",0,"F","D","NYA","PHA","PHI11","chans101","nelsl101","quinj901","summb901","(none)","(none)","","",11000,"253","D Lamoureaux","D Lamoureaux","2007/09/30 10:04AM","",0,0,0,0,-1,0,0,0,130,9,4,10,7,12,2,1,9,5,"nelsl101","chans101","","","crosf103",6,"rolfr101",5,"dimaj101",8,"gehrl101",3,"dickb101",2,"henrt101",9,"powej106",7,"knicb101",4,"chans101",1,"mosew101",9,"siebd102",3,"werbb101",5,"hayef101",2,"johnb102",8,"chaps101",7,"lodid101",4,"amblw101",6,"nelsl101",1,"sunds101",""
"PHA193805290","19380529",0,"Sunday",0,"F","D","NYA","PHA","PHI11","pearm101","thomb102","summb901","quinj901","(none)","grieb901","","",15000,"253","D Lamoureaux","D Lamoureaux","2007/09/30 10:11AM","",0,0,0,0,-1,0,0,0,158,9,9,11,11,10,2,1,6,6,"smite105","hadlb101","pottn102","","crosf103",6,"rolfr101",5,"dimaj101",8,"gehrl101",3,"dickb101",2,"henrt101",9,"powej106",7,"knicb101",4,"pearm101",1,"mosew101",9,"siebd102",3,"werbb101",5,"hayef101",2,"johnb102",8,"chaps101",7,"lodid101",4,"amblw101",6,"thomb102",1,"andri101","pottn102"
"PHA193805301","19380530",1,"Monday",0,"F","D","WS1","PHA","PHI11","weavm101","willa101","quinj901","grieb901","(none)","summb901","","",0,"253","D Lamoureaux","D Lamoureaux","2007/09/30 2:06PM","",0,0,0,0,-1,0,0,0,151,9,9,4,11,9,0,2,12,6,"applp101","willa101","","","myerb103",4,"lewib103",5,"wrigt102",7,"stonj102",9,"bonuz101",3,"travc101",6,"almam101",8,"ferrr101",2,"weavm101",1,"mosew101",9,"siebd102",3,"werbb101",5,"hayef101",2,"johnb102",8,"chaps101",7,"lodid101",4,"amblw101",6,"willa101",1,"applp101","smite105"
"PHA193805302","19380530",2,"Monday",0,"F","D","WS1","PHA","PHI11","chask101","castg101","grieb901","summb901","(none)","quinj901","","",35724,"253","D Lamoureaux","D Lamoureaux","2007/09/30 2:12PM","",0,0,0,0,-1,0,0,0,125,9,1,9,8,8,0,0,12,10,"castg101","chask101","","","myerb103",4,"lewib103",5,"wrigt102",7,"stonj102",9,"bonuz101",3,"travc101",6,"almam101",8,"giult101",2,"chask101",1,"mosew101",9,"siebd102",3,"werbb101",5,"bruce101",2,"johnb102",8,"chaps101",7,"lodid101",4,"amblw101",6,"castg101",1,"kellh101",""
"PHA193806010","19380601",0,"Wednesday",0,"F","D","CLE","PHA","PHI11","hardm101","nelsl101","basis901","geish901","(none)","rue-j901","","",0,"39","D Lamoureaux","D Lamoureaux","2005/04/09 11:45AM","",0,0,0,0,-1,0,0,0,140,9,5,9,10,11,0,1,10,11,"nelsl101","hardm101","","","laryl101",6,"campb102",9,"haleo101",4,"heatj101",7,"avere101",8,"trosh101",3,"keltk101",5,"pytlf101",2,"hardm101",1,"mosew101",9,"siebd102",3,"werbb101",5,"hayef101",2,"johnb102",8,"chaps101",7,"lodid101",4,"amblw101",6,"nelsl101",1,"zubeb101",""
"PHA193806020","19380602",0,"Thursday",0,"F","D","CLE","PHA","PHI11","white102","smite105","geish901","rue-j901","(none)","basis901","","",0,"39","D Lamoureaux","D Lamoureaux","2005/04/09 11:55AM","",0,0,0,0,-1,0,0,0,163,9,10,5,13,10,4,1,6,6,"white102","smite105","zubeb101","","laryl101",6,"campb102",9,"haleo101",4,"soltm101",7,"avere101",8,"trosh101",3,"keltk101",5,"pytlf101",2,"white102",1,"mosew101",9,"siebd102",3,"werbb101",5,"bruce101",2,"johnb102",8,"chaps101",7,"lodid101",4,"amblw101",6,"smite105",1,"zubeb101","pottn102"
"PHA193806030","19380603",0,"Friday",0,"F","D","CLE","PHA","PHI11","allej102","thomb102","rue-j901","basis901","(none)","geish901","","",0,"39","D Lamoureaux","D Lamoureaux","2005/04/09 12:10PM","",0,0,0,0,-1,0,0,0,149,9,10,5,15,11,0,0,7,7,"allej102","pottn102","","","laryl101",6,"campb102",9,"haleo101",4,"heatj101",7,"avere101",8,"trosh101",3,"keltk101",5,"pytlf101",2,"allej102",1,"mosew101",9,"siebd102",3,"werbb101",5,"hayef101",2,"johnb102",8,"chaps101",7,"lodid101",4,"amblw101",6,"thomb102",1,"","willa101"
"PHA193806040","19380604",0,"Saturday",0,"F","D","CHA","PHA","PHI11","lyont102","castg101","basis901","geish901","(none)","rue-j901","","",3000,"253,277","D Lamoureaux","D Lamoureaux","2007/09/30 2:20PM","",0,0,0,0,-1,0,0,0,111,9,4,9,15,14,0,2,9,7,"castg101","lyont102","","","bergb101",6,"hayej101",4,"steih102",9,"kreem101",8,"walkg101",7,"kuhej101",3,"owenm102",5,"sewel101",2,"lyont102",1,"mosew101",9,"siebd102",3,"werbb101",5,"bruce101",2,"johnb102",8,"chaps101",7,"lodid101",4,"amblw101",6,"castg101",1,"cox-b102",""
"PHA193806051","19380605",1,"Sunday",0,"F","D","CHA","PHA","PHI11","stram102","smite105","geish901","basis901","(none)","(none)","","",0,"253","D Lamoureaux","D Lamoureaux ","2007/09/30 2:30PM","",0,0,0,0,-1,0,0,0,112,9,8,2,9,6,0,2,5,2,"stram102","smite105","","","bergb101",6,"owenm102",5,"steih102",9,"kreem101",8,"radcr101",3,"walkg101",7,"hayej101",4,"sewel101",2,"stram102",1,"mosew101",9,"siebd102",3,"werbb101",5,"bruce101",2,"johnb102",8,"chaps101",7,"lodid101",4,"amblw101",6,"smite105",1,"","deanc101"
"PHA193806052","19380605",2,"Sunday",0,"F","D","CHA","PHA","PHI11","whitj101","nelsl101","basis901","geish901","(none)","(none)","","",0,"253","D Lamoureaux","D Lamoureaux","2007/09/30 2:44PM","",0,0,0,0,-1,0,0,0,124,9,6,7,9,10,1,2,6,5,"nelsl101","whitj101","","","bergb101",6,"owenm102",5,"steih102",9,"kreem101",8,"radcr101",3,"walkg101",7,"hayej101",4,"sewel101",2,"whitj101",1,"mosew101",9,"siebd102",3,"werbb101",5,"hayef101",2,"johnb102",8,"chaps101",7,"lodid101",4,"amblw101",6,"nelsl101",1,"rignj101",""
"PHA193806070","19380607",0,"Tuesday",0,"F","D","DET","PHA","PHI11","gillg103","castg101","morig101","kolll901","(none)","(none)","","",0,"253","D Lamoureaux","D Lamoureaux","2007/09/30 2:54PM","",0,0,0,0,-1,0,0,0,125,9,5,4,10,11,1,3,5,10,"gillg103","castg101","lawsr101","","rogeb102",6,"walkd101",7,"gehrc101",4,"greeh102",3,"yorkr101",2,"fox-p102",9,"laabc101",8,"chrim102",5,"gillg103",1,"mosew101",9,"siebd102",3,"werbb101",5,"bruce101",2,"johnb102",8,"chaps101",7,"lodid101",4,"amblw101",6,"castg101",1,"lawsr101","deanc101"
"PHA193806080","19380608",0,"Wednesday",0,"F","D","DET","PHA","PHI11","bridt101","thomb102","kolll901","morig101","(none)","(none)","","",5000,"479","Dick Cramer","Dick Cramer","2014/06/17 4:15PM","",0,0,0,0,-1,0,0,0,140,9,5,1,10,5,2,0,7,6,"bridt101","thomb102","","","rogeb102",6,"whitj104",8,"gehrc101",4,"greeh102",3,"yorkr101",2,"fox-p102",9,"laabc101",7,"chrim102",5,"bridt101",1,"mosew101",9,"finnl101",3,"werbb101",5,"hayef101",2,"johnb102",8,"chaps101",7,"lodid101",4,"amblw101",6,"thomb102",1,"","rossb102"
"PHA193806090","19380609",0,"Thursday",0,"F","D","DET","PHA","PHI11","kennv101","smite105","morig101","kolll901","(none)","(none)","","",15000,"479","Dick Cramer","Dick Cramer","2014/06/24 10:40AM","",0,0,0,0,-1,0,0,0,147,9,5,8,10,10,1,0,9,5,"deanc101","kennv101","pottn102","","rogeb102",6,"whitj104",8,"gehrc101",4,"greeh102",3,"yorkr101",2,"fox-p102",9,"laabc101",7,"chrim102",5,"kennv101",1,"mosew101",9,"finnl101",3,"werbb101",5,"bruce101",2,"johnb102",8,"chaps101",7,"lodid101",4,"amblw101",6,"smite105",1,"coffs101","pottn102"
"PHA193806100","19380610",0,"Friday",0,"F","D","SLA","PHA","PHI11","newsb101","willa101","kolll901","morig101","(none)","(none)","","",154,"479","Dick Cramer","Dick Cramer","2014/06/18 8:45PM","",0,0,0,0,-1,0,0,0,154,9,8,4,11,8,1,3,8,8,"newsb101","willa101","","","millb108",7,"clifh101",5,"kresr101",6,"bellb102",9,"wests101",8,"mcqug101",3,"heatt101",2,"heffd101",4,"newsb101",1,"mosew101",9,"finnl101",3,"parka102",5,"hayef101",2,"johnb102",8,"chaps101",7,"lodid101",4,"amblw101",6,"willa101",1,"","thomb102"
"PHA193806110","19380611",0,"Saturday",0,"F","D","SLA","PHA","PHI11","tietl101","castg101","morig101","kolll901","(none)","(none)","","",0,"253","D Lamoureaux","D Lamoureaux","2007/09/30 3:01PM","",0,0,0,0,-1,0,0,0,135,9,4,5,11,12,0,1,6,13,"castg101","linke101","","","millb108",7,"clifh101",5,"kresr101",6,"bellb102",9,"wests101",8,"mcqug101",3,"sullb103",2,"heffd101",4,"tietl101",1,"mosew101",9,"finnl101",3,"parka102",5,"bruce101",2,"johnb102",8,"chaps101",7,"lodid101",4,"amblw101",6,"castg101",1,"linke101",""
"PHA193806121","19380612",1,"Sunday",0,"F","D","SLA","PHA","PHI11","walkj102","rossb102","kolll901","morig101","(none)","(none)","","",0,"253","D Lamoureaux","D Lamoureaux","2007/10/02 12:14PM","",0,0,0,0,-1,0,0,0,149,9,3,8,7,11,0,1,7,7,"rossb102","walkj102","","","millb108",7,"mcqug101",3,"kresr101",6,"clifh101",5,"wests101",8,"bellb102",9,"sullb103",2,"heffd101",4,"walkj102",1,"mosew101",9,"finnl101",3,"haasm101",8,"hayef101",2,"johnb102",4,"chaps101",7,"parka102",5,"amblw101",6,"rossb102",1,"bonej101",""
"PHA193806122","19380612",2,"Sunday",0,"F","D","SLA","PHA","PHI11","milll102","thomb102","morig101","kolll901","(none)","(none)","","",23000,"479","Dick Cramer","Dick Cramer","2014/06/19 6:5PM","",0,0,0,0,-1,0,0,0,86,5,0,1,1,5,0,0,1,6,"thomb102","milll102","","","millb108",7,"mcqug101",3,"kresr101",6,"clifh101",5,"wests101",8,"bellb102",9,"heatt101",2,"heffd101",4,"milll102",1,"mosew101",9,"finnl101",3,"haasm101",8,"bruce101",2,"johnb102",4,"chaps101",7,"parka102",5,"amblw101",6,"thomb102",1,"",""
"PHA193807010","19380701",0,"Friday",0,"F","D","BOS","PHA","PHI11","grovl101","thomb102","rue-j901","summb901","(none)","hubbc901","","",10000,"479","Dick Cramer","Dick Cramer","2014/06/20 7:45PM","",0,0,0,0,-1,0,0,0,132,9,12,7,10,10,2,7,5,6,"grovl101","pottn102","","","cramd102",8,"vosmj101",7,"foxxj101",3,"cronj101",6,"higgm101",5,"chapb102",9,"doerb101",4,"desag101",2,"grovl101",1,"mosew101",9,"siebd102",3,"werbb101",5,"bruce101",2,"johnb102",8,"chaps101",7,"lodid101",4,"amblw101",6,"thomb102",1,"","smite105"
"PHA193807020","19380702",0,"Saturday",0,"F","D","BOS","PHA","PHI11","wagnc101","deanc101","summb901","hubbc901","(none)","rue-j901","","",5000,"115,253","Bob Kistler","D Lamoureaux","2004/05/14 2:46PM","",0,0,0,0,-1,0,0,0,164,9,6,5,9,8,2,1,12,9,"dicke101","deanc101","ostef101","","cramd102",8,"vosmj101",7,"foxxj101",3,"cronj101",6,"higgm101",5,"chapb102",9,"doerb101",4,"desag101",2,"wagnc101",1,"mosew101",9,"siebd102",3,"werbb101",5,"hayef101",2,"johnb102",8,"chaps101",7,"lodid101",4,"amblw101",6,"deanc101",1,"ostef101","pottn102"
"PHA193807031","19380703",1,"Sunday",0,"F","D","WS1","PHA","PHI11","leond103","castg101","hubbc901","rue-j901","(none)","summb901","","",0,"253","D Lamoureaux","D Lamoureaux","2007/10/02 12:36PM","",0,0,0,0,-1,0,0,0,86,9,0,3,4,5,0,2,6,2,"castg101","leond103","","","caseg101",9,"lewib103",5,"wests101",8,"simma101",7,"myerb103",4,"travc101",6,"wasdj101",3,"giult101",2,"leond103",1,"mosew101",9,"siebd102",3,"werbb101",5,"hayef101",2,"johnb102",8,"chaps101",7,"lodid101",4,"amblw101",6,"castg101",1,"applp101",""
"PHA193807032","19380703",2,"Sunday",0,"F","D","WS1","PHA","PHI11","weavm101","nelsl101","rue-j901","summb901","(none)","hubbc901","","",27682,"253","D Lamoureaux","D Lamoureaux","2007/10/02 12:45PM","",0,0,0,0,-1,0,0,0,157,9,14,2,19,4,2,2,11,7,"weavm101","nelsl101","","","caseg101",9,"lewib103",5,"wests101",8,"simma101",7,"myerb103",4,"travc101",6,"wasdj101",3,"ferrr101",2,"weavm101",1,"mosew101",9,"siebd102",3,"werbb101",5,"hayef101",2,"johnb102",8,"chaps101",7,"lodid101",4,"amblw101",6,"nelsl101",1,"","pottn102"
"PHA193807120","19380712",0,"Tuesday",0,"F","D","CHA","PHA","PHI11","stram102","nelsl101","mcgob901","geish901","(none)","(none)","","",2500,"479","Dick Cramer","Dick Cramer","2014/06/21 7:45AM","",0,0,0,0,-1,0,0,0,140,9,8,6,9,12,1,2,6,11,"stram102","nelsl101","","","hayej101",4,"steih102",9,"kreem101",8,"radcr101",7,"appll101",6,"owenm102",5,"kuhej101",3,"schln101",2,"stram102",1,"finnl101",3,"mosew101",9,"werbb101",5,"hayef101",2,"johnb102",8,"chaps101",7,"parka102",4,"amblw101",6,"nelsl101",1,"","pottn102"
"PHA193807130","19380713",0,"Wednesday",0,"F","D","CHA","PHA","PHI11","knotj102","castg101","geish901","mcgob901","(none)","(none)","","",0,"138","Ron Fisher","Ron Fisher","2000/10/19 12:43PM","",1,0,0,0,-1,0,0,0,126,9,2,5,6,6,3,1,8,3,"castg101","knotj102","","","hayej101",4,"steih102",9,"kreem101",8,"radcr101",7,"appll101",6,"owenm102",5,"kuhej101",3,"renst101",2,"knotj102",1,"finnl101",3,"mosew101",9,"werbb101",5,"bruce101",2,"johnb102",8,"chaps101",7,"parka102",4,"amblw101",6,"castg101",1,"rignj101",""
"PHA193807140","19380714",0,"Thursday",0,"F","D","CHA","PHA","PHI11","whitj101","thomb102","mcgob901","geish901","(none)","(none)","","",5000,"479","Dick Cramer","Dick Cramer","2014/06/21 6:10PM","",0,0,0,0,-1,0,0,0,152,9,9,8,13,11,0,3,8,7,"rignj101","thomb102","","","bergb101",4,"steih102",9,"kreem101",8,"radcr101",7,"appll101",6,"owenm102",5,"kuhej101",3,"sewel101",2,"whitj101",1,"finnl101",3,"mosew101",9,"werbb101",5,"hayef101",2,"johnb102",8,"chaps101",7,"parka102",4,"amblw101",6,"thomb102",1,"rignj101","smite105"
"PHA193807150","19380715",0,"Friday",0,"F","D","CLE","PHA","PHI11","hudlw101","rossb102","mcgob901","geish901","(none)","grieb901","","",0,"39","D Lamoureaux","D Lamoureaux","2005/04/14 6:54PM","",0,0,0,0,-1,0,0,0,135,9,4,5,7,10,0,1,8,7,"rossb102","zubeb101","","","laryl101",6,"weatr101",9,"haleo101",4,"heatj101",7,"avere101",8,"trosh101",3,"keltk101",5,"pytlf101",2,"hudlw101",1,"finnl101",3,"mosew101",9,"werbb101",5,"bruce101",2,"johnb102",8,"chaps101",7,"lodid101",4,"parka102",6,"rossb102",1,"galed101",""
"PHA193807160","19380716",0,"Saturday",0,"F","D","CLE","PHA","PHI11","white102","nelsl101","mcgob901","grieb901","(none)","geish901","","",0,"39","D Lamoureaux","D Lamoureaux","2005/04/14 7:14PM","",0,0,0,0,-1,0,0,0,191,9,9,8,11,11,0,2,9,10,"humpj101","pottn102","","","laryl101",6,"campb102",9,"haleo101",4,"heatj101",7,"avere101",8,"trosh101",3,"keltk101",5,"pytlf101",2,"white102",1,"finnl101",3,"mosew101",9,"werbb101",5,"hayef101",2,"johnb102",8,"chaps101",7,"lodid101",4,"parka102",6,"nelsl101",1,"humpj101","pottn102"
"PHA193807170","19380717",0,"Sunday",0,"F","D","CLE","PHA","PHI11","fellb101","castg101","grieb901","geish901","(none)","mcgob901","","",0,"39","D Lamoureaux","D Lamoureaux","2005/04/14 7:20PM","",0,0,0,0,-1,0,0,0,164,9,7,6,11,8,0,3,9,3,"fellb101","castg101","humpj101","","laryl101",6,"campb102",9,"haleo101",4,"heatj101",7,"avere101",8,"trosh101",3,"keltk101",5,"hemsr101",2,"fellb101",1,"finnl101",3,"mosew101",9,"werbb101",5,"bruce101",2,"johnb102",8,"chaps101",7,"lodid101",4,"amblw101",6,"castg101",1,"humpj101","smite105"
"PHA193807241","19380724",1,"Sunday",0,"F","D","DET","PHA","PHI11","aukee101","rossb102","summb901","basis901","(none)","rue-j901","","",0,"253","D Lamoureaux","D Lamoureaux","2007/10/02 12:58PM","",0,0,0,0,-1,0,0,0,137,9,7,6,6,10,0,0,4,7,"aukee101","rossb102","eiseh101","","whitj104",7,"rogeb102",6,"gehrc101",4,"greeh102",3,"fox-p102",9,"morgc103",8,"tebbb101",2,"chrim102",5,"aukee101",1,"finnl101",3,"mosew101",9,"werbb101",5,"hayef101",2,"johnb102",8,"chaps101",7,"lodid101",4,"amblw101",6,"rossb102",1,"eiseh101","thomb102"
"PHA193807242","19380724",2,"Sunday",0,"F","D","DET","PHA","PHI11","bridt101","castg101","basis901","rue-j901","(none)","summb901","","",0,"253","D Lamoureaux","D Lamoureaux","2007/10/02 7:12PM","",0,0,0,0,-1,0,0,0,152,9,7,3,10,6,0,1,8,7,"bridt101","castg101","","","whitj104",7,"rogeb102",6,"gehrc101",4,"greeh102",3,"fox-p102",9,"morgc103",8,"haywr101",2,"chrim102",5,"bridt101",1,"finnl101",3,"mosew101",9,"werbb101",5,"bruce101",2,"johnb102",8,"chaps101",7,"lodid101",4,"amblw101",6,"castg101",1,"","thomb102"
"PHA193808090","19380809",0,"Tuesday",0,"F","D","BOS","PHA","PHI11","harrb105","pottn102","mcgob901","summb901","(none)","(none)","","",2000,"479","Dick Cramer","Dick Cramer","2014/06/22 3:45PM","",0,0,0,0,-1,0,0,0,143,9,16,4,14,10,0,4,7,7,"harrb105","pottn102","","","cramd102",8,"vosmj101",7,"foxxj101",3,"cronj101",6,"chapb102",9,"taboj101",5,"doerb101",4,"peacj101",2,"harrb105",1,"finnl101",7,"mosew101",9,"werbb101",5,"hayef101",2,"johnb102",8,"spers101",4,"haasm101",3,"parka102",6,"pottn102",1,"","nelsl101"
"PHA193808100","19380810",0,"Wednesday",0,"F","D","BOS","PHA","PHI11","bagbj102","thomb102","summb901","mcgob901","(none)","(none)","","",1500,"115","Bob Kistler","D Lamoureaux","2004/05/17 3:28PM","",0,0,0,0,-1,0,0,0,110,9,3,5,7,7,1,0,7,5,"thomb102","bagbj102","","","cramd102",8,"vosmj101",7,"foxxj101",3,"cronj101",6,"chapb102",9,"taboj101",5,"doerb101",4,"peacj101",2,"bagbj102",1,"spers101",4,"mosew101",9,"werbb101",5,"bruce101",2,"johnb102",8,"chaps101",7,"finnl101",3,"amblw101",6,"thomb102",1,"dicke101",""
"PHA193808110","19380811",0,"Thursday",0,"F","D","BOS","PHA","PHI11","grovl101","castg101","mcgob901","summb901","(none)","(none)","","",5000,"115,210","","Comly","2013/01/01 7:35PM","",0,0,0,0,-1,0,0,0,116,9,3,5,6,10,0,0,5,7,"castg101","grovl101","","","cramd102",8,"vosmj101",7,"foxxj101",3,"cronj101",6,"chapb102",9,"taboj101",5,"doerb101",4,"desag101",2,"grovl101",1,"spers101",4,"mosew101",9,"werbb101",5,"bruce101",2,"johnb102",8,"chaps101",7,"finnl101",3,"amblw101",6,"castg101",1,"midkd101",""
"PHA193808190","19380819",0,"Friday",0,"F","D","NYA","PHA","PHI11","chans101","nelsl101","mcgob901","summb901","(none)","(none)","","",12000,"270,376","Dick Cramer","Dick Cramer","2012/09/25 4:30PM","",0,0,0,0,-1,0,0,0,119,9,5,2,14,6,1,2,13,4,"chans101","nelsl101","","","crosf103",6,"rolfr101",5,"henrt101",9,"dimaj101",8,"gehrl101",3,"dickb101",2,"hoagm101",7,"gordj101",4,"chans101",1,"spers101",4,"mosew101",9,"werbb101",5,"hayef101",2,"johnb102",8,"chaps101",7,"finnl101",3,"amblw101",6,"nelsl101",1,"",""
"PHA193808200","19380820",0,"Saturday",0,"F","D","NYA","PHA","PHI11","pearm101","rossb102","summb901","mcgob901","(none)","(none)","","",9000,"375","Dick Cramer","Dick Cramer","2012/09/25 7:30PM","",0,0,0,0,-1,0,0,0,133,9,11,3,13,8,3,1,7,7,"pearm101","rossb102","","","crosf103",6,"rolfr101",5,"henrt101",9,"dimaj101",8,"gehrl101",3,"dickb101",2,"hoagm101",7,"gordj101",4,"pearm101",1,"spers101",4,"mosew101",9,"werbb101",5,"hayef101",2,"johnb102",8,"chaps101",7,"finnl101",3,"amblw101",6,"rossb102",1,"","smitd105"
"PHA193808211","19380821",1,"Sunday",0,"F","D","NYA","PHA","PHI11","gomel102","pottn102","mcgob901","summb901","(none)","(none)","","",0,"375","Dick Cramer","Dick Cramer","2012/09/26 3:30PM","",0,0,0,0,-1,0,0,0,120,9,8,4,11,10,2,1,8,9,"gomel102","pottn102","","","crosf103",6,"henrt101",9,"hoagm101",7,"dimaj101",8,"gehrl101",3,"dickb101",2,"dahlb101",5,"gordj101",4,"gomel102",1,"spers101",4,"mosew101",9,"werbb101",5,"hayef101",2,"johnb102",8,"chaps101",7,"finnl101",3,"amblw101",6,"pottn102",1,"","smite105"
"PHA193808212","19380821",2,"Sunday",0,"F","D","NYA","PHA","PHI11","ruffr101","castg101","summb901","mcgob901","(none)","(none)","","",30151,"375","Dick Cramer","Dick Cramer","2012/09/26 9:50PM","",0,0,0,0,-1,0,0,0,120,9,8,1,11,5,0,1,7,6,"ruffr101","castg101","","","crosf103",6,"henrt101",9,"powej106",7,"dimaj101",8,"gehrl101",3,"dickb101",2,"dahlb101",5,"gordj101",4,"ruffr101",1,"spers101",4,"mosew101",9,"werbb101",5,"hayef101",2,"johnb102",8,"chaps101",7,"finnl101",3,"amblw101",6,"castg101",1,"","thomb102"
"PHA193808231","19380823",1,"Tuesday",0,"F","D","DET","PHA","PHI11","bridt101","nelsl101","quinj901","basis901","(none)","pipgg101","","",0,"479","Dick Cramer","Dick Cramer","2014/06/23 10:00AM","",0,0,0,0,-1,0,0,0,142,9,13,5,16,12,0,2,6,7,"bridt101","nelsl101","","","morgc103",8,"walkd101",7,"gehrc101",4,"greeh102",3,"yorkr101",2,"fox-p102",9,"rossd101",5,"chrim102",6,"bridt101",1,"spers101",4,"mosew101",9,"werbb101",5,"hayef101",2,"johnb102",8,"chaps101",7,"finnl101",3,"amblw101",6,"nelsl101",1,"","smitd105"
"PHA193808232","19380823",2,"Tuesday",0,"F","D","DET","PHA","PHI11","gillg103","thomb102","basis901","pipgg101","(none)","quinj901","","",8000,"479","Dick Cramer","Dick Cramer","2014/06/24 7:00AM","",0,0,0,0,-1,0,0,0,131,9,8,3,14,10,1,0,9,9,"gillg103","thomb102","","","morgc103",8,"walkd101",7,"gehrc101",4,"yorkr101",2,"fox-p102",9,"greeh102",3,"rossd101",5,"chrim102",6,"gillg103",1,"spers101",4,"mosew101",9,"werbb101",5,"hayef101",2,"johnb102",8,"haasm101",3,"finnl101",7,"amblw101",6,"thomb102",1,"","smite105"
"PHA193808241","19380824",1,"Wednesday",0,"F","D","DET","PHA","PHI11","aukee101","pottn102","pipgg101","quinj901","(none)","basis901","","",0,"253","D Lamoureaux","D Lamoureaux","2007/10/05 7:43PM","",0,0,0,0,-1,0,0,0,121,9,5,10,8,13,1,3,10,10,"pottn102","aukee101","","","morgc103",8,"walkd101",7,"gehrc101",4,"greeh102",3,"yorkr101",2,"fox-p102",9,"rossd101",5,"chrim102",6,"aukee101",1,"mosew101",9,"finnl101",7,"spers101",4,"siebd102",3,"johnb102",8,"werbb101",5,"hayef101",2,"amblw101",6,"pottn102",1,"kennv101",""
"PHA193808242","19380824",2,"Wednesday",0,"F","D","DET","PHA","PHI11","lawsr101","castg101","quinj901","basis901","(none)","pipgg101","","",0,"253","D Lamoureaux","D Lamoureaux","2007/10/05 7:49PM","",0,0,0,0,-1,0,0,0,107,9,2,11,5,12,1,2,6,8,"castg101","lawsr101","","","morgc103",8,"walkd101",7,"gehrc101",4,"greeh102",3,"yorkr101",2,"fox-p102",9,"rossd101",5,"chrim102",6,"lawsr101",1,"mosew101",9,"finnl101",3,"spers101",4,"chaps101",7,"johnb102",8,"werbb101",5,"wagnh102",2,"amblw101",6,"castg101",1,"kennv101",""
"PHA193808251","19380825",1,"Thursday",0,"F","D","SLA","PHA","PHI11","newsb101","willa101","basis901","pipgg101","(none)","quinj901","","",0,"412","","Comly","2012/12/28 6:43PM","",1,0,0,0,-1,0,0,0,200,13,8,5,12,10,0,0,17,4,"newsb101","smite105","","","almam101",8,"mcqug101",3,"millb108",7,"clifh101",5,"bellb102",9,"kresr101",6,"sullb103",2,"heffd101",4,"newsb101",1,"mosew101",9,"finnl101",7,"spers101",4,"siebd102",3,"johnb102",8,"werbb101",5,"wagnh102",2,"amblw101",6,"willa101",1,"","smite105"
"PHA193808252","19380825",2,"Thursday",0,"F","D","SLA","PHA","PHI11","hildo101","rossb102","pipgg101","quinj901","(none)","basis901","","",15000,"412,102,208,266,119","Dick Cramer","Dick Cramer","2018/07/27 4:35PM","",1,0,0,0,-1,0,0,0,107,9,1,4,5,10,0,0,6,6,"rossb102","hildo101","","","almam101",8,"mcqug101",3,"millb108",7,"clifh101",5,"bellb102",9,"kresr101",6,"sullb103",2,"heffd101",4,"hildo101",1,"mosew101",9,"finnl101",7,"spers101",4,"siebd102",3,"johnb102",8,"werbb101",5,"hayef101",2,"amblw101",6,"rossb102",1,"cox-b102",""
"PHA193808261","19380826",1,"Friday",0,"F","D","SLA","PHA","PHI11","tietl101","nelsl101","basis901","pipgg101","(none)","quinj901","","",0,"412","","Comly","2012/12/28 7:13PM","",1,0,0,0,-1,0,0,0,132,9,6,11,8,17,2,3,7,8,"nelsl101","tietl101","pottn102","","almam101",8,"mcqug101",3,"millb108",7,"clifh101",5,"bellb102",9,"kresr101",6,"heatt101",2,"heffd101",4,"tietl101",1,"mosew101",9,"finnl101",7,"spers101",4,"siebd102",3,"johnb102",8,"werbb101",5,"wagnh102",2,"amblw101",6,"nelsl101",1,"cox-b102","pottn102"
"PHA193808262","19380826",2,"Friday",0,"F","D","SLA","PHA","PHI11","johnf101","thomb102","basis901","pipgg101","(none)","quinj901","","",5000,"412","","Comly","2012/12/28 8:25PM","",1,0,0,0,-1,0,0,0,137,9,6,4,11,8,1,1,6,10,"johnf101","thomb102","colee101","","almam101",8,"mcqug101",3,"millb108",7,"clifh101",5,"bellb102",9,"kresr101",6,"sullb103",2,"heffd101",4,"johnf101",1,"mosew101",9,"finnl101",7,"spers101",4,"siebd102",3,"johnb102",8,"werbb101",5,"hayef101",2,"amblw101",6,"thomb102",1,"colee101","smitd105"
"PHA193808271","19380827",1,"Saturday",0,"F","D","SLA","PHA","PHI11","milll102","pottn102","pipgg101","quinj901","(none)","basis901","","",0,"253","D Lamoureaux","D Lamoureaux","2007/10/05 8:03PM","",0,0,0,0,-1,0,0,0,128,9,8,3,14,9,2,0,7,10,"milll102","pottn102","","","almam101",8,"mcqug101",3,"millb108",7,"clifh101",5,"bellb102",9,"kresr101",6,"heatt101",2,"heffd101",4,"milll102",1,"mosew101",9,"finnl101",7,"spers101",4,"siebd102",3,"johnb102",8,"werbb101",5,"hayef101",2,"amblw101",6,"pottn102",1,"",""
"PHA193808272","19380827",2,"Saturday",0,"F","D","SLA","PHA","PHI11","vanar101","castg101","quinj901","basis901","(none)","pipgg101","","",0,"253","D Lamoureaux","D Lamoureaux","2007/10/05 8:19PM","",0,0,0,0,-1,0,0,0,126,9,6,5,14,8,0,1,9,8,"vanar101","castg101","johnf101","","almam101",8,"mcqug101",3,"millb108",7,"clifh101",5,"bellb102",9,"kresr101",6,"sullb103",2,"heffd101",4,"vanar101",1,"mosew101",9,"spers101",4,"chaps101",7,"siebd102",3,"johnb102",8,"werbb101",5,"wagnh102",2,"amblw101",6,"castg101",1,"johnf101",""
"PHA193808281","19380828",1,"Sunday",0,"F","D","CHA","PHA","PHI11","whitj101","rossb102","romme101","morig101","(none)","(none)","","",0,"253","D Lamoureaux","D Lamoureaux","2007/10/05 8:26PM","",0,0,0,0,-1,0,0,0,122,9,4,5,9,12,0,0,4,9,"rossb102","whitj101","","","steih102",9,"owenm102",5,"walkg101",7,"radcr101",3,"appll101",6,"kreem101",8,"dykej101",4,"schln101",2,"whitj101",1,"mosew101",9,"finnl101",7,"spers101",4,"siebd102",3,"johnb102",8,"werbb101",5,"hayef101",2,"amblw101",6,"rossb102",1,"",""
"PHA193808282","19380828",2,"Sunday",0,"F","D","CHA","PHA","PHI11","knotj102","thomb102","morig101","romme101","(none)","(none)","","",15231,"253","D Lamoureaux","D Lamoureaux","2007/10/05 8:35PM","",0,0,0,0,-1,0,0,0,118,9,2,7,7,11,2,1,7,10,"thomb102","knotj102","","","steih102",9,"owenm102",5,"walkg101",7,"radcr101",3,"appll101",6,"kreem101",8,"dykej101",4,"schln101",2,"knotj102",1,"mosew101",9,"finnl101",7,"spers101",4,"siebd102",3,"johnb102",8,"werbb101",5,"hayef101",2,"amblw101",6,"thomb102",1,"boylh101",""
"PHA193808300","19380830",0,"Tuesday",0,"F","D","CLE","PHA","PHI11","allej102","pottn102","romme101","pipgg101","(none)","morig101","","",0,"39","D Lamoureaux","D Lamoureaux","2005/04/23 2:17PM","",0,0,0,0,-1,0,0,0,150,9,10,8,10,12,3,0,4,9,"humpj101","nelsl101","","","laryl101",6,"campb102",9,"heatj101",7,"avere101",8,"trosh101",3,"pytlf101",2,"keltk101",5,"haleo101",4,"allej102",1,"mosew101",9,"spers101",4,"siebd102",3,"chaps101",7,"johnb102",8,"werbb101",5,"hayef101",2,"amblw101",6,"pottn102",1,"humpj101","nelsl101"
"PHA193808310","19380831",0,"Wednesday",0,"F","D","CLE","PHA","PHI11","hudlw101","castg101","pipgg101","morig101","(none)","romme101","","",0,"39","D Lamoureaux","D Lamoureaux","2005/04/23 2:29PM","",0,0,0,0,-1,0,0,0,128,9,8,6,14,12,2,2,8,12,"hudlw101","smite105","","","laryl101",6,"weatr101",8,"campb102",9,"heatj101",7,"trosh101",3,"pytlf101",2,"keltk101",5,"haleo101",4,"hudlw101",1,"finnl101",9,"spers101",4,"siebd102",3,"chaps101",7,"johnb102",8,"werbb101",5,"wagnh102",2,"amblw101",6,"castg101",1,"","smite105"
"PHA193809010","19380901",0,"Thursday",0,"F","D","CLE","PHA","PHI11","fellb101","rossb102","morig101","romme101","(none)","pipgg101","","",0,"39","D Lamoureaux","D Lamoureaux","2005/04/23 2:38PM","",0,0,0,0,-1,0,0,0,137,9,11,4,12,7,1,4,7,6,"fellb101","rossb102","","","laryl101",6,"weatr101",8,"campb102",9,"heatj101",7,"trosh101",3,"hemsr101",2,"keltk101",5,"haleo101",4,"fellb101",1,"finnl101",9,"spers101",4,"siebd102",3,"chaps101",7,"johnb102",8,"werbb101",5,"hayef101",2,"amblw101",6,"rossb102",1,"","thomb102"
"PHA193809240","19380924",0,"Saturday",0,"F","D","WS1","PHA","PHI11","krakj101","castg101","quinj901","mcgob901","(none)","(none)","","",0,"253","D Lamoureaux","D Lamoureaux","2007/10/05 8:45PM","",0,0,0,0,-1,0,0,0,132,10,7,3,12,5,0,2,8,9,"kellh101","castg101","","","caseg101",8,"lewib103",5,"wrigt102",9,"bonuz101",3,"simma101",7,"myerb103",4,"travc101",6,"giult101",2,"krakj101",1,"mosew101",9,"newss101",6,"chaps101",7,"etten101",3,"johnb102",8,"lodid101",5,"amblw101",4,"wagnh102",2,"castg101",1,"kellh101","smitd105"
"PHA193809251","19380925",1,"Sunday",0,"F","D","WS1","PHA","PHI11","applp101","renij101","mcgob901","quinj901","(none)","(none)","","",0,"253","D Lamoureaux","D Lamoureaux","2007/10/05 8:55PM","",0,0,0,0,-1,0,0,0,138,10,5,6,10,11,1,2,10,6,"smitd105","deshj101","","","caseg101",8,"lewib103",5,"wrigt102",9,"bonuz101",3,"simma101",7,"myerb103",4,"travc101",6,"ferrr101",2,"applp101",1,"mosew101",9,"spers101",4,"finnl101",7,"etten101",3,"johnb102",8,"lodid101",5,"barti101",6,"wagnh102",2,"renij101",1,"deshj101","smitd105"
"PHA193809252","19380925",2,"Sunday",0,"F","D","WS1","PHA","PHI11","chask101","thomb102","quinj901","mcgob901","(none)","(none)","","",0,"253","D Lamoureaux","D Lamoureaux","2007/10/05 9:06PM","",0,0,0,0,-1,0,0,0,105,7,5,4,12,8,0,0,7,8,"chask101","thomb102","kellh101","","caseg101",8,"lewib103",5,"wrigt102",9,"bonuz101",3,"simma101",7,"myerb103",4,"travc101",6,"giult101",2,"chask101",1,"mosew101",9,"newss101",6,"chaps101",7,"etten101",3,"johnb102",8,"lodid101",5,"amblw101",4,"hayef101",2,"thomb102",1,"kellh101","smitd105"
"PHA193809280","19380928",0,"Wednesday",0,"F","D","BOS","PHA","PHI11","hevij101","nelsl101","quinj901","rue-j901","(none)","mcgob901","","",0,"266,71,163,274","Rob Wood","David W. Smith","2018/08/29 1:27PM","",1,0,0,0,-1,0,0,0,0,9,2,1,6,6,1,0,6,7,"hevij101","nelsl101","","","cramd102",8,"vosmj101",7,"foxxj101",3,"cronj101",6,"higgm101",5,"chapb102",9,"doerb101",4,"peacj101",2,"hevij101",1,"mosew101",9,"spers101",4,"chaps101",7,"etten101",3,"johnb102",8,"lodid101",5,"newss101",6,"hayef101",2,"nelsl101",1,"",""
"PHA193809291","19380929",1,"Thursday",0,"F","D","NYA","PHA","PHI11","pearm101","renij101","rue-j901","mcgob901","(none)","quinj901","","",0,"375","Dick Cramer","Dick Cramer","2012/09/26 9:50PM","",0,0,0,0,-1,0,0,0,128,9,7,4,13,13,1,1,10,11,"pearm101","smitd105","","","crosf103",6,"rolfr101",5,"henrt101",9,"dimaj101",8,"gehrl101",3,"dickb101",2,"selkg101",7,"gordj101",4,"pearm101",1,"mosew101",9,"spers101",4,"finnl101",7,"etten101",3,"johnb102",8,"lodid101",5,"newss101",6,"hayef101",2,"renij101",1,"","smitd105"
"PHA193809292","19380929",2,"Thursday",0,"F","D","NYA","PHA","PHI11","ruffr101","castg101","rue-j901","quinj901","(none)","mcgob901","","",1500,"375","Dick Cramer","Dick Cramer","2012/09/26 1:40PM","",0,0,0,0,-1,0,4,0,52,5,1,1,4,6,0,2,7,5,"","","","","crosf103",6,"rolfr101",5,"henrt101",9,"dimaj101",8,"gehrl101",3,"selkg101",7,"gordj101",4,"glenj101",2,"ruffr101",1,"mosew101",9,"spers101",4,"chaps101",7,"etten101",3,"johnb102",8,"lodid101",5,"barti101",6,"wagnh102",2,"castg101",1,"sunds101",""
