"TEX198004100","19800410",0,"Thursday",735,"T","N","NYA","TEX","ARL01","guidr001","matlj101","sprim901","brinj901","bremn901","merrd901","","",33196,"Yankees","David W. Smith","David W. Smith","1995/01/04 9:32PM","",1,0,0,0,-1,0,0,0,159,12,0,1,4,4,2,0,6,5,"lyles101","undet001","","","randw001",4,"joner002",8,"watsb001",3,"jackr001",9,"pinil001",7,"sodee101",10,"nettg001",5,"ceror001",2,"dentb001",6,"rivem001",8,"willb101",4,"oliva001",9,"bellb001",5,"ziskr101",10,"ellij101",3,"sampb001",7,"sundj001",2,"friap101",6,"gossr001","lyles101"
"TEX198004110","19800411",0,"Friday",735,"T","N","NYA","TEX","ARL01","johnt001","jenkf101","brinj901","bremn901","merrd901","sprim901","","",21424,"Texas/Yankees","Bill Disney","Bill Disney","1995/09/24 8:46AM","",1,0,0,0,18,0,0,0,138,9,7,11,6,16,1,1,2,9,"jenkf101","davir001","rajsd101","staur001","randw001",4,"joner002",8,"gambo001",7,"jackr001",9,"watsb001",10,"spenj101",3,"nettg001",5,"ceror001",2,"dentb001",6,"rivem001",8,"willb101",4,"oliva001",9,"bellb001",5,"ziskr101",10,"sampb001",7,"putnp001",3,"robed102",2,"friap101",6,"gossr001","rajsd101"
"TEX198004131","19800413",1,"Sunday",335,"T","D","NYA","TEX","ARL01","tianl101","comes001","bremn901","merrd901","sprim901","brinj901","","",0,"Texas/Yankees","Bill Disney","Bill Disney","1995/09/25 6:55AM","",1,0,48,0,28,0,4,0,159,9,9,4,12,8,1,0,7,8,"tianl101","comes001","","gambo001","randw001",4,"joner002",8,"gambo001",7,"jackr001",9,"watsb001",10,"spenj101",3,"nettg001",5,"ceror001",2,"dentb001",6,"rivem001",8,"willb101",4,"oliva001",9,"bellb001",5,"staur001",7,"ziskr101",10,"putnp001",3,"sundj001",2,"normn001",6,"kaatj101","kernj001"
"TEX198004132","19800413",2,"Sunday",645,"T","N","NYA","TEX","ARL01","figue101","perrg101","merrd901","sprim901","brinj901","bremn901","","",13882,"Texas/Yankees","Bill Disney","Bill Disney","1995/09/26 6:56AM","",1,0,50,0,16,0,0,4,187,9,8,2,13,8,1,3,7,11,"figue101","perrg101","undet001","","randw001",4,"joner002",8,"gambo001",7,"jackr001",9,"watsb001",10,"spenj101",3,"nettg001",5,"ceror001",2,"dentb001",6,"rivem001",8,"willb101",4,"oliva001",9,"bellb001",5,"staur001",10,"grubj001",7,"putnp001",3,"robed102",2,"friap101",6,"undet001","lyles101"
"TEX198004140","19800414",0,"Monday",0,"T","N","CLE","TEX","ARL01","waitr001","medid101","pales901","phild901","dimul901","clara901","","",8656,"Texas/Cleveland","Bill Disney","Bill Disney","1995/09/26 9:55AM","",1,0,0,0,-1,0,0,4,152,9,4,7,6,7,0,0,6,6,"medid101","waitr001","lyles101","sundj001","mannr001",8,"harrt001",5,"hargm001",3,"johnc001",10,"ortaj001",9,"charj101",7,"hassr001",2,"kuipd001",4,"veryt001",6,"rivem001",8,"willb101",4,"oliva001",9,"bellb001",5,"ellij101",3,"ziskr101",10,"sampb001",7,"sundj001",2,"normn001",6,"mongs001","lyles101"
"TEX198004150","19800415",0,"Tuesday",0,"T","N","CLE","TEX","ARL01","owchb001","matlj101","phild901","dimul901","clara901","pales901","","",11895,"Texas/Cleveland","Bill Disney","Bill Disney","1995/09/26 11:07AM","",1,0,0,0,-1,0,0,4,135,9,0,3,5,8,0,2,6,6,"matlj101","owchb001","","sampb001","mannr001",8,"harrt001",5,"hargm001",3,"johnc001",10,"ortaj001",9,"charj101",7,"diazb001",2,"kuipd001",4,"veryt001",6,"rivem001",8,"willb101",4,"oliva001",9,"bellb001",5,"ellij101",3,"ziskr101",10,"sampb001",7,"sundj001",2,"normn001",6,"cruzv101",""
"TEX198004160","19800416",0,"Wednesday",0,"T","N","CLE","TEX","ARL01","barkl001","jenkf101","dimul901","clara901","pales901","phild901","","",11557,"Texas/Cleveland","Bill Disney","Bill Disney","1995/09/29 6:18AM","",1,0,0,0,-1,0,0,4,189,9,7,8,11,13,3,1,11,7,"kernj001","cruzv101","","ziskr101","mannr001",8,"harrt001",5,"hargm001",3,"johnc001",10,"ortaj001",9,"charj101",7,"hassr001",2,"kuipd001",4,"veryt001",6,"rivem001",8,"willb101",4,"oliva001",9,"bellb001",5,"staur001",10,"putnp001",3,"grubj001",7,"sundj001",2,"normn001",6,"cruzv101","kernj001"
"TEX198004210","19800421",0,"Monday",0,"T","N","DET","TEX","ARL01","wilcm001","matlj101","denkd901","mccol901","fordd901","koscg901","","",14834,"Texas","Bill Disney","Bill Disney","1995/09/28 6:14AM","",1,0,0,0,-1,0,0,4,134,9,2,3,7,6,0,0,6,5,"matlj101","wilcm001","lyles101","oliva001","whitl001",4,"trama001",6,"kemps001",7,"parrl001",3,"wockj001",10,"broot001",5,"stegd001",8,"dyerd101",2,"peter001",9,"rivem001",8,"willb101",4,"oliva001",9,"bellb001",5,"staur001",3,"ziskr101",10,"grubj001",7,"sundj001",2,"normn001",6,"","lyles101"
"TEX198004220","19800422",0,"Tuesday",0,"T","N","DET","TEX","ARL01","rozed001","jenkf101","mccol901","fordd901","koscg901","denkd901","","",14650,"Texas","Bill Disney","Bill Disney","1995/09/28 6:28AM","",1,0,0,0,-1,0,0,4,114,9,2,0,8,8,0,0,7,7,"rozed001","jenkf101","","gibsk001","whitl001",4,"gibsk001",8,"kemps001",7,"hebnr001",5,"thomj001",3,"summc001",9,"parrl001",2,"corct001",10,"trama001",6,"rivem001",8,"willb101",4,"oliva001",9,"bellb001",5,"staur001",10,"ziskr101",7,"putnp001",3,"sundj001",2,"normn001",6,"",""
"TEX198004230","19800423",0,"Wednesday",0,"T","N","DET","TEX","ARL01","morrj001","comes001","fordd901","koscg901","denkd901","mccol901","","",13334,"Texas","Bill Disney","Bill Disney","1995/09/28 7:07AM","",1,0,0,0,-1,0,0,4,137,9,5,4,9,9,0,1,9,7,"morrj001","comes001","lopea001","","whitl001",4,"gibsk001",8,"kemps001",7,"hebnr001",5,"thomj001",3,"summc001",9,"parrl001",2,"peter001",10,"trama001",6,"rivem001",8,"willb101",4,"oliva001",9,"bellb001",5,"staur001",10,"putnp001",3,"norrj101",7,"sundj001",2,"normn001",6,"lopea001","rajsd101"
"TEX198005020","19800502",0,"Friday",0,"T","N","BAL","TEX","ARL01","flanm001","matlj101","mccol901","fordd901","koscg901","evanj901","","",21962,"Orioles","G. Fitzgerald","G. Fitzgerald","1993/12/28 11:24AM","",1,0,0,0,-1,0,0,4,162,9,7,5,13,8,0,1,9,3,"flanm001","kernj001","stodt001","may-l101","garck001",6,"dempr001",2,"singk001",9,"murre001",3,"ayalb001",7,"roeng001",8,"decid001",5,"may-l101",10,"dauer001",4,"rivem001",8,"willb101",4,"oliva001",7,"bellb001",5,"ellij101",3,"ziskr101",10,"sampb001",9,"sundj001",2,"friap101",6,"stodt001","lyles101"
"TEX198005030","19800503",0,"Saturday",0,"T","N","BAL","TEX","ARL01","palmj001","jenkf101","fordd901","koscg901","evanj901","mccol901","","",25402,"Orioles","G. Fitzgerald","G. Fitzgerald","1993/12/28 11:38AM","",1,0,0,0,-1,0,0,4,128,9,2,3,8,7,2,0,3,4,"jenkf101","palmj001","","oliva001","bumba001",8,"garck001",6,"singk001",9,"murre001",3,"lowej001",10,"roeng001",7,"decid001",5,"dauer001",4,"skagd101",2,"rivem001",8,"willb101",4,"oliva001",7,"bellb001",5,"putnp001",3,"ziskr101",10,"grubj001",9,"sundj001",2,"friap101",6,"stews001",""
"TEX198005040","19800504",0,"Sunday",0,"T","N","BAL","TEX","ARL01","martd001","comes001","koscg901","evanj901","mccol901","fordd901","","",14653,"Orioles","G. Fitzgerald","G. Fitzgerald","1993/12/28 12:04PM","",1,0,0,0,-1,0,0,4,184,9,9,5,15,13,3,1,10,10,"martd001","comes001","fordd101","singk001","bumba001",8,"kellp101",7,"singk001",9,"murre001",3,"crowt101",10,"decid001",5,"dempr001",2,"garck001",4,"belam101",6,"rivem001",8,"willb101",4,"oliva001",7,"bellb001",5,"putnp001",3,"ziskr101",10,"grubj001",9,"sundj001",2,"friap101",6,"fordd101","lyles101"
"TEX198005050","19800505",0,"Monday",0,"T","N","BOS","TEX","ARL01","ecked001","perrg101","deegb901","garcr901","reilm901","neudj901","","",12702,"Texas","Bill Disney","Bill Disney","1995/09/29 9:45AM","",1,0,0,0,-1,0,0,4,180,9,3,11,8,16,4,0,4,9,"perrg101","ecked001","","bellb001","remyj001",4,"burlr001",6,"lynnf001",8,"ricej001",7,"yastc101",3,"peret001",10,"fiskc001",2,"hobsb101",5,"dwyej001",9,"rivem001",8,"willb101",4,"oliva001",7,"bellb001",5,"putnp001",3,"grubj001",10,"norrj101",9,"sundj001",2,"friap101",6,"locks101",""
"TEX198005060","19800506",0,"Tuesday",0,"T","N","BOS","TEX","ARL01","hursb001","medid101","garcr901","reilm901","neudj901","deegb901","","",11349,"Texas","Bill Disney","Bill Disney","1995/09/30 7:29AM","",1,0,0,0,-1,0,0,4,158,9,2,7,6,14,3,0,4,9,"medid101","hursb001","","sampb001","remyj001",4,"burlr001",6,"lynnf001",8,"ricej001",7,"yastc101",3,"peret001",10,"fiskc001",2,"hobsb101",5,"evand002",9,"rivem001",8,"willb101",4,"oliva001",7,"bellb001",5,"ziskr101",10,"sampb001",9,"putnp001",3,"sundj001",2,"friap101",6,"burgt001",""
"TEX198005070","19800507",0,"Wednesday",0,"T","N","BOS","TEX","ARL01","torrm001","matlj101","reilm901","neudj901","deegb901","garcr901","","",13866,"Texas","Bill Disney","Bill Disney","1995/09/30 11:31AM","",1,0,0,0,-1,0,0,0,216,11,7,4,15,6,2,2,11,5,"dragd101","devia101","","","evand002",9,"burlr001",6,"lynnf001",8,"ricej001",7,"peret001",3,"fiskc001",2,"hobsb101",10,"sizet101",4,"hoffg001",5,"rivem001",8,"willb101",4,"oliva001",7,"bellb001",5,"putnp001",3,"ziskr101",10,"grubj001",9,"sundj001",2,"friap101",6,"dragd101","devia101"
"TEX198005090","19800509",0,"Friday",0,"T","N","CHA","TEX","ARL01","baumr101","jenkf101","neudj901","deegb901","garcr901","reilm901","","",23600,"Texas","Bill Disney","Bill Disney","1995/10/01 10:25AM","",1,0,0,0,-1,0,0,4,155,11,1,2,6,6,0,2,6,1,"kernj001","prolm101","","ziskr101","washc001",7,"molib101",10,"bainh001",9,"johnl101",3,"lemoc001",8,"morrj002",4,"moorj101",5,"kimmb101",2,"pryog001",6,"rivem001",8,"willb101",4,"oliva001",7,"bellb001",5,"ellij101",3,"ziskr101",10,"sampb001",9,"sundj001",2,"friap101",6,"prolm101","kernj001"
"TEX198005100","19800510",0,"Saturday",0,"T","D","CHA","TEX","ARL01","dotsr001","perrg101","deegb901","garcr901","reilm901","neudj901","","",24327,"Texas","Bill Disney","Bill Disney","1995/10/02 8:52AM","",1,0,0,0,-1,0,0,0,205,9,10,6,10,12,2,1,7,11,"farme101","darwd001","","boslt001","washc001",7,"chaph101",6,"molib101",10,"johnl101",3,"lemoc001",8,"morrj002",4,"bainh001",9,"kimmb101",2,"moorj101",5,"rivem001",8,"willb101",4,"oliva001",7,"bellb001",5,"putnp001",3,"ziskr101",10,"grubj001",9,"sundj001",2,"friap101",6,"farme101","lyles101"
"TEX198005110","19800511",0,"Sunday",0,"T","N","CHA","TEX","ARL01","wortr101","medid101","garcr901","reilm901","neudj901","deegb901","","",17849,"TEX Scorer","Sean Lahman","Sean Lahman","1996/03/13 10:41PM","",1,0,0,0,-1,0,0,0,140,9,1,5,6,9,1,1,5,6,"medid101","wortr101","","ellij101","washc001",9,"boslt001",8,"molib101",7,"johnl101",3,"nordw101",10,"morrj002",4,"moorj101",5,"kimmb101",2,"pryog001",6,"rivem001",8,"willb101",4,"oliva001",7,"bellb001",5,"ellij101",3,"ziskr101",10,"sampb001",9,"sundj001",2,"friap101",6,"prolm101","lyles101"
"TEX198005190","19800519",0,"Monday",0,"T","N","CAL","TEX","ARL01","frosd101","perrg101","coont901","shulj901","kunkb101","kaisk901","","",15833,"Angels/Rangers","M. Pankin","M. Pankin","1996/06/08 11:18AM","",1,0,0,0,-1,0,0,4,214,13,3,2,9,14,1,1,10,10,"cleam001","kernj001","","cruzt001","harll101",8,"lansc001",5,"carer001",3,"fordd001",9,"rudij101",7,"gricb001",4,"garrr101",10,"patef101",6,"donot101",2,"rivem001",8,"willb101",4,"oliva001",7,"bellb001",5,"putnp001",3,"ziskr101",10,"norrj101",9,"sundj001",2,"friap101",6,"cleam001","rajsd101"
"TEX198005200","19800520",0,"Tuesday",0,"T","N","CAL","TEX","ARL01","marta101","medid101","shulj901","kunkb101","kaisk901","coont901","","",16803,"CAL/TEX","Chris Chestnut","Chris Chestnut","1996/03/11 5:32PM","",1,0,0,0,-1,0,0,0,124,7,5,4,9,7,0,2,5,5,"marta101","medid101","larod101","rudij101","harll101",8,"lansc001",5,"carer001",3,"fordd001",9,"rudij101",7,"gricb001",4,"garrr101",10,"cruzt001",6,"donot101",2,"rivem001",8,"willb101",4,"oliva001",7,"bellb001",5,"ellij101",10,"putnp001",3,"grubj001",9,"sundj001",2,"friap101",6,"larod101","darwd001"
"TEX198005210","19800521",0,"Wednesday",0,"T","N","CAL","TEX","ARL01","kisob001","comes001","kunkb101","kaisk901","coont901","shulj901","","",16232,"Angels/Rangers","M. Pankin","M. Pankin","1996/06/08 10:48AM","",1,0,0,0,-1,0,0,4,180,9,9,8,14,13,1,1,6,11,"cleam001","kernj001","","cowea001","harll101",8,"lansc001",5,"carer001",3,"fordd001",9,"rudij101",7,"gricb001",4,"garrr101",10,"cruzt001",6,"donot101",2,"rivem001",8,"willb101",4,"oliva001",7,"bellb001",5,"putnp001",3,"ziskr101",10,"grubj001",9,"sundj001",2,"harrb101",6,"cleam001","lyles101"
"TEX198005220","19800522",0,"Thursday",0,"T","N","CAL","TEX","ARL01","aased001","matlj101","kaisk901","coont901","shulj901","kunkb101","","",15308,"Angels/Rangers","M. Pankin","M. Pankin","1996/06/07 5:30PM","",1,0,0,0,-1,0,0,4,171,9,6,12,12,16,0,1,8,7,"darwd001","aased001","","willb101","harll101",8,"campb101",6,"carer001",3,"fordd001",10,"rudij101",7,"gricb001",4,"cowea001",9,"cruzt001",5,"clibs101",2,"rivem001",8,"willb101",4,"oliva001",7,"bellb001",5,"ellij101",3,"ziskr101",10,"grubj001",9,"sundj001",2,"friap101",6,"knapc101","darwd001"
"TEX198005300","19800530",0,"Friday",730,"T","N","OAK","TEX","ARL01","mccas001","perrg101","pales901","cousd901","clara901","phild901","","",26613,"OAK/TEX","Chris Chestnut","Chris Chestnut","1996/05/20 3:39PM","",1,0,0,0,-1,0,0,0,154,9,6,3,12,6,2,1,5,5,"mccas001","perrg101","","","hendr001",7,"murpd002",8,"pagem001",10,"grosw001",3,"armat001",9,"newmj001",2,"klutm101",5,"guerm101",6,"edwam101",4,"rivem001",8,"willb101",4,"oliva001",7,"bellb001",5,"ziskr101",10,"putnp001",3,"sundj001",2,"norrj101",9,"harrb101",6,"","lyles101"
"TEX198005310","19800531",0,"Saturday",730,"T","N","OAK","TEX","ARL01","norrm101","medid101","cousd901","clara901","phild901","pales901","","",24305,"OAK/TEX","Chris Chestnut","Chris Chestnut","1996/05/23 12:59PM","",1,0,0,0,-1,0,0,0,162,9,4,3,8,7,1,0,5,7,"norrm101","medid101","laceb001","","hendr001",7,"murpd002",8,"pagem001",10,"grosw001",3,"armat001",9,"newmj001",2,"klutm101",5,"guerm101",6,"edwam101",4,"rivem001",8,"willb101",4,"oliva001",7,"bellb001",5,"ellij101",10,"ziskr101",9,"putnp001",3,"sundj001",2,"harrb101",6,"laceb001","babcb101"
"TEX198006010","19800601",0,"Sunday",730,"T","N","OAK","TEX","ARL01","keoum001","darwd001","clara901","phild901","pales901","cousd901","","",17892,"OAK/TEX","Chris Chestnut","Chris Chestnut","1996/05/27 6:16PM","",1,0,0,0,-1,0,0,0,173,9,3,7,12,11,1,1,7,8,"darwd001","keoum001","","oliva001","hendr001",7,"murpd002",8,"pagem001",10,"grosw001",3,"armat001",9,"newmj001",2,"klutm101",5,"guerm101",6,"edwam101",4,"rivem001",8,"willb101",4,"oliva001",7,"bellb001",5,"putnp001",3,"ziskr101",10,"norrj101",9,"sundj001",2,"harrb101",6,"jonej001","lyles101"
"TEX198006050","19800605",0,"Thursday",735,"T","N","KCA","TEX","ARL01","leond001","kernj001","sprim901","brinj901","bremn901","merrd901","","",16512,"Tex/KC","Vincent","Vincent","1996/03/17 7:08PM","",1,0,91,0,-1,0,0,4,152,9,8,0,14,3,1,0,8,6,"leond001","kernj001","","whitf001","wilsw001",7,"whitf001",4,"bretg001",5,"portd001",10,"aikew001",3,"wathj001",2,"otisa001",8,"hurdc001",9,"washu001",6,"rivem001",8,"willb101",4,"oliva001",7,"staur001",10,"ziskr101",9,"putnp001",3,"sundj001",2,"robed102",5,"harrb101",6,"","babcb101"
"TEX198006060","19800606",0,"Friday",735,"T","N","KCA","TEX","ARL01","splip001","matlj101","brinj901","bremn901","merrd901","sprim901","","",26367,"Tex/KC","Vincent","Vincent","1996/03/17 7:25PM","",1,0,93,0,-1,0,0,4,157,9,4,2,11,7,0,0,7,7,"splip001","matlj101","quisd001","otisa001","wilsw001",7,"washu001",6,"bretg001",5,"otisa001",8,"portd001",10,"wathj001",2,"aikew001",3,"torrr101",9,"whitf001",4,"rivem001",8,"willb101",4,"oliva001",7,"ellij101",3,"ziskr101",10,"sampb001",9,"sundj001",2,"robed102",5,"harrb101",6,"quisd001",""
"TEX198006070","19800607",0,"Saturday",735,"T","N","KCA","TEX","ARL01","galer001","perrg101","bremn901","merrd901","sprim901","brinj901","","",24530,"Tex/KC","Vincent","Vincent","1996/03/17 7:38PM","",1,0,0,0,-1,0,0,4,178,9,7,2,8,8,1,1,8,7,"galer001","perrg101","","hurdc001","wilsw001",7,"mcrah001",10,"bretg001",5,"portd001",2,"otisa001",8,"aikew001",3,"hurdc001",9,"whitf001",4,"washu001",6,"willb101",4,"rivem001",8,"oliva001",7,"staur001",10,"ziskr101",9,"putnp001",3,"sundj001",2,"robed102",5,"harrb101",6,"","allab101"
"TEX198006080","19800608",0,"Sunday",735,"T","N","KCA","TEX","ARL01","gural001","medid101","merrd901","sprim901","brinj901","bremn901","","",16179,"Tex/KC","Vincent","Vincent","1996/03/17 7:51PM","",1,0,0,0,-1,0,0,4,188,9,5,4,15,12,3,1,8,11,"chrig101","babcb101","quisd001","bretg001","wilsw001",7,"washu001",6,"bretg001",5,"portd001",10,"otisa001",8,"aikew001",3,"wathj001",2,"hurdc001",9,"chald101",4,"rivem001",8,"willb101",4,"oliva001",7,"ziskr101",10,"ellij101",3,"sampb001",9,"sundj001",2,"robed102",5,"friap101",6,"quisd001","babcb101"
"TEX198006180","19800618",0,"Wednesday",739,"T","N","MIL","TEX","ARL01","keetr101","medid101","neudj901","deegb901","reilm901","parkd901","","",12750,"Rangers/Brewers","Dobrow","Dobrow","1996/06/23 7:24PM","",1,0,0,0,-1,0,0,0,123,9,1,8,6,13,0,0,5,6,"medid101","keetr101","","oliva001","gantj001",4,"moned101",5,"coopc001",3,"thomg001",8,"oglib001",7,"lezcs001",9,"david101",10,"romee001",6,"martb001",2,"rivem001",8,"willb101",4,"oliva001",7,"staur001",3,"ziskr101",10,"norrj101",9,"sundj001",2,"ashft001",5,"harrb101",6,"mitcp101",""
"TEX198006190","19800619",0,"Thursday",0,"T","N","MIL","TEX","ARL01","travb101","allab101","deegb901","reilm901","parkd901","neudj901","","",12763,"Rangers, Brewer","Doug Burks","Doug Burks","1996/06/04 4:22AM","",0,0,0,0,-1,0,0,0,152,9,10,4,15,5,0,3,5,3,"travb101","allab101","mitcp101","moned101","moorc001",2,"moned101",5,"coopc001",3,"david101",10,"oglib001",7,"lezcs001",9,"thomg001",8,"gantj001",4,"romee001",6,"willb101",4,"sampb001",9,"oliva001",7,"ziskr101",10,"staur001",3,"sundj001",2,"norrj101",8,"ashft001",5,"harrb101",6,"mitcp101","lyles101"
"TEX198006200","19800620",0,"Friday",0,"T","N","TOR","TEX","ARL01","clanj001","jenkf101","reilm901","parkd901","neudj901","deegb901","","",13747,"Rangers, Jays","Doug Burks","Doug Burks","1996/06/08 10:19PM","",0,0,0,0,-1,0,0,0,139,9,2,5,5,12,2,0,4,11,"jenkf101","garvj101","","ziskr101","grifa001",6,"boser101",8,"hower001",5,"maybj101",3,"veleo101",10,"bonnb001",9,"garcd001",4,"mosel001",7,"white002",2,"rivem001",8,"willb101",4,"oliva001",7,"staur001",3,"ziskr101",10,"norrj101",9,"sundj001",2,"ashft001",5,"harrb101",6,"mclaj001",""
"TEX198006210","19800621",0,"Saturday",0,"T","N","TOR","TEX","ARL01","jeffj101","matlj101","parkd901","neudj901","deegb901","reilm901","","",17846,"Rangers, Jays","Doug Burks","Doug Burks","1996/06/12 2:38AM","",0,0,0,0,-1,0,0,0,135,9,1,2,7,11,0,2,6,9,"matlj101","mclaj001","","putnp001","grifa001",6,"boser101",8,"maybj101",3,"veleo101",10,"bonnb001",9,"hower001",5,"aultd101",7,"iorgg001",4,"davib101",2,"rivem001",8,"willb101",4,"oliva001",10,"staur001",3,"ziskr101",9,"norrj101",7,"sundj001",2,"ashft001",5,"harrb101",6,"mclaj001",""
"TEX198006220","19800622",0,"Sunday",0,"T","N","TOR","TEX","ARL01","kucej101","perrg101","neudj901","deegb901","reilm901","parkd901","","",13650,"Rangers, Jays","Doug Burks","Doug Burks","1996/06/15 12:53AM","",0,0,0,0,-1,0,0,0,206,10,6,5,11,11,2,0,8,11,"garvj101","kernj001","","mosel001","grifa001",6,"boser101",8,"hower001",5,"maybj101",3,"veleo101",10,"wooda001",7,"mosel001",9,"iorgg001",4,"white002",2,"rivem001",8,"willb101",4,"oliva001",7,"staur001",3,"ziskr101",10,"norrj101",9,"sundj001",2,"ashft001",5,"harrb101",6,"garvj101","kernj001"
"TEX198006240","19800624",0,"Tuesday",0,"T","N","SEA","TEX","ARL01","abbog001","medid101","fordd901","cousd901","koscg901","denkd901","","",11324,"Seattle/Rangers","Greg Beston","Greg Beston","1996/04/07 7:52PM","",0,0,0,0,-1,0,0,4,138,9,4,5,10,12,1,0,5,8,"lyles101","rawls001","","oliva001","milbl001",4,"benij001",8,"bochb001",3,"meyed001",7,"pacit001",10,"robel001",9,"cox-t101",5,"stinb101",2,"mendm101",6,"rivem001",8,"willb101",4,"oliva001",7,"bellb001",5,"staur001",3,"ziskr101",10,"norrj101",9,"sundj001",2,"harrb101",6,"rawls001","lyles101"
"TEX198006250","19800625",0,"Wednesday",0,"T","N","SEA","TEX","ARL01","parrm101","jenkf101","cousd901","koscg901","denkd901","fordd901","","",14029,"Seattle/Rangers","Greg Beston","Greg Beston","1996/04/07 10:35PM","",0,0,0,0,-1,0,0,4,119,9,1,6,9,10,0,0,7,4,"jenkf101","parrm101","","bellb001","milbl001",4,"benij001",8,"bochb001",3,"meyed001",7,"pacit001",10,"robel001",9,"cox-t101",5,"hillm001",2,"mendm101",6,"rivem001",8,"willb101",4,"oliva001",7,"bellb001",5,"staur001",3,"ziskr101",10,"norrj101",9,"sundj001",2,"harrb101",6,"heavd101",""
"TEX198006260","19800626",0,"Thursday",0,"T","N","SEA","TEX","ARL01","bannf001","matlj101","koscg901","denkd901","fordd901","cousd901","","",9531,"Seattle/Rangers","Greg Beston","Greg Beston","1996/04/07 11:35PM","",0,0,0,0,-1,0,0,4,151,9,8,4,14,7,1,4,6,8,"bannf001","matlj101","rawls001","mendm101","milbl001",4,"benij001",8,"bochb001",10,"pacit001",3,"meyed001",7,"robel001",9,"andej001",5,"mendm101",6,"cox-l101",2,"rivem001",8,"willb101",4,"oliva001",7,"bellb001",5,"ziskr101",10,"staur001",3,"sampb001",9,"sundj001",2,"harrb101",6,"rawls001","darwd001"
"TEX198006270","19800627",0,"Friday",0,"T","N","MIN","TEX","ARL01","redfp101","perrg101","denkd901","fordd901","cousd901","koscg901","","",10818,"Rangers, Twins","Doug Burks","Doug Burks","1996/07/04 5:33PM","",0,0,109,0,10,0,0,0,109,9,0,5,4,9,2,0,3,4,"perrg101","redfp101","","oliva001","wyneb001",2,"smalr001",6,"landk001",8,"goodd101",10,"poweh101",9,"cubbm101",3,"wilfr001",4,"sofir101",7,"castj001",5,"rivem001",8,"willb101",4,"oliva001",7,"bellb001",5,"staur001",10,"putnp001",3,"grubj001",9,"sundj001",2,"harrb101",6,"bacsm101",""
"TEX198006280","19800628",0,"Saturday",0,"T","N","MIN","TEX","ARL01","koosj001","comes001","fordd901","cousd901","koscg901","denkd901","","",14336,"Rangers, Twins","Doug Burks","Doug Burks","1996/07/09 3:37AM","",0,0,107,0,-1,0,0,0,158,9,3,11,5,18,1,1,10,5,"comes001","koosj001","darwd001","oliva001","wilfr001",4,"sofir101",7,"smalr001",6,"wyneb001",2,"adamg101",10,"landk001",8,"jackr002",3,"poweh101",9,"castj001",5,"rivem001",8,"willb101",4,"oliva001",7,"bellb001",5,"ziskr101",10,"staur001",3,"sampb001",9,"sundj001",2,"harrb101",6,"corbd001","darwd001"
"TEX198006290","19800629",0,"Sunday",0,"T","N","MIN","TEX","ARL01","ericr101","medid101","cousd901","koscg901","denkd901","fordd901","","",22342,"Rangers, Twins","Doug Burks","Doug Burks","1996/07/23 3:30AM","",0,0,105,0,-1,0,0,0,179,9,5,3,15,11,0,1,13,11,"ericr101","medid101","corbd001","smalr001","poweh101",9,"sofir101",7,"smalr001",6,"landk001",8,"wyneb001",2,"goodd101",10,"cubbm101",3,"wilfr001",4,"castj001",5,"rivem001",8,"willb101",4,"bellb001",5,"staur001",10,"ziskr101",9,"putnp001",3,"grubj001",7,"sundj001",2,"harrb101",6,"corbd001","lyles101"
"TEX198007100","19800710",0,"Thursday",735,"T","N","NYA","TEX","ARL01","guidr001","jenkf101","malog901","hallb901","goetr901","roe-r901","","",34463,"TEX/NYA","Chris Chestnut","Chris Chestnut","1996/12/01 3:21PM","",1,0,0,0,-1,0,0,0,161,9,13,5,12,12,2,2,5,10,"guidr001","jenkf101","lollt001","","randw001",4,"murcb101",7,"nettg001",5,"jackr001",9,"gambo001",10,"spenj101",3,"joner002",8,"ceror001",2,"dentb001",6,"rivem001",8,"willb101",4,"oliva001",7,"bellb001",5,"ziskr101",9,"ellij101",10,"staur001",3,"sundj001",2,"harrb101",6,"lollt001","darwd001"
"TEX198007110","19800711",0,"Friday",730,"T","N","NYA","TEX","ARL01","undet001","matlj101","hallb901","goetr901","roe-r901","malog901","","",32378,"TEX/NYA","Chris Chestnut","Chris Chestnut","1996/12/02 8:44PM","",1,0,0,0,-1,0,0,0,172,9,8,10,14,18,1,1,7,10,"matlj101","undet001","johnj001","bellb001","randw001",4,"pinil001",7,"watsb001",3,"jackr001",9,"sodee101",10,"nettg001",5,"joner002",8,"ceror001",2,"dentb001",6,"rivem001",8,"willb101",4,"oliva001",7,"bellb001",5,"ziskr101",9,"ellij101",10,"staur001",3,"sundj001",2,"harrb101",6,"gossr001","johnj001"
"TEX198007120","19800712",0,"Saturday",0,"T","N","CLE","TEX","ARL01","barkl001","perrg101","goetr901","roe-r901","malog901","hallb901","","",27784,"Indians/Rangers","Greg Beston","Greg Beston","1996/02/11 2:41PM","",0,0,0,0,-1,0,0,4,197,9,9,8,13,10,2,0,9,6,"barkl001","perrg101","cruzv101","hassr001","dilom001",7,"ortaj001",9,"hargm001",3,"alexg101",10,"harrt001",5,"hassr001",2,"brohj101",4,"mannr001",8,"veryt001",6,"rivem001",8,"willb101",4,"oliva001",7,"bellb001",5,"staur001",10,"ziskr101",9,"putnp001",3,"sundj001",2,"harrb101",6,"cruzv101","hougc001"
"TEX198007130","19800713",0,"Sunday",0,"T","N","CLE","TEX","ARL01","spild001","medid101","roe-r901","malog901","hallb901","goetr901","","",12503,"Indians/Rangers","Greg Beston","Greg Beston","1996/02/11 3:08PM","",0,0,0,0,-1,0,0,4,149,9,2,12,5,18,2,1,6,10,"medid101","spild001","","oliva001","dilom001",7,"ortaj001",9,"hargm001",3,"alexg101",10,"harrt001",5,"hassr001",2,"brohj101",4,"mannr001",8,"veryt001",6,"willb101",4,"bellb001",5,"oliva001",7,"ziskr101",9,"staur001",10,"grubj001",8,"putnp001",3,"sundj001",2,"harrb101",6,"stanm001",""
"TEX198007140","19800714",0,"Monday",0,"T","N","CLE","TEX","ARL01","waitr001","comes001","malog901","hallb901","goetr901","roe-r901","","",9446,"Indians/Rangers","Greg Beston","Greg Beston","1996/02/11 5:25PM","",0,0,0,0,-1,0,0,4,140,9,2,4,8,7,0,0,8,3,"darwd001","waitr001","","staur001","dilom001",7,"ortaj001",9,"hargm001",3,"charj101",10,"harrt001",5,"hassr001",2,"brohj101",4,"mannr001",8,"veryt001",6,"rivem001",8,"willb101",4,"oliva001",7,"bellb001",5,"ziskr101",9,"ellij101",10,"putnp001",3,"sundj001",2,"harrb101",6,"cruzv101","darwd001"
"TEX198007150","19800715",0,"Tuesday",730,"T","N","CHA","TEX","ARL01","burnb001","jenkf101","reilm901","spenf901","neudj901","reedr901","","",13777,"Rangers/ChiSox","Marc Stephenson","Marc Stephenson","1996/06/18 10:31PM","",1,0,102,0,-1,0,0,4,157,9,2,1,7,7,0,2,10,4,"burnb001","jenkf101","","molib101","molib101",10,"morrj002",4,"johnl101",3,"nordw101",7,"lemoc001",8,"bainh001",9,"bellk101",5,"seilr101",2,"cruzt001",6,"rivem001",8,"willb101",4,"oliva001",7,"bellb001",5,"ziskr101",9,"ellij101",10,"putnp001",3,"sundj001",2,"harrb101",6,"","kernj001"
"TEX198007160","19800716",0,"Wednesday",730,"T","N","CHA","TEX","ARL01","dotsr001","matlj101","spenf901","neudj901","reedr901","reilm901","","",11256,"Rangers/ChiSox","Marc Stephenson","Marc Stephenson","1996/06/22 1:35PM","",1,0,106,0,-1,0,0,1,148,9,3,11,11,15,0,1,10,6,"matlj101","dotsr001","lyles101","staur001","kimmb101",2,"morrj002",4,"johnl101",10,"nordw101",9,"lemoc001",8,"pruir101",7,"bellk101",5,"squim001",3,"cruzt001",6,"rivem001",8,"willb101",4,"oliva001",7,"bellb001",5,"ziskr101",9,"staur001",10,"putnp001",3,"robed102",2,"harrb101",6,"hoytl001","lyles101"
"TEX198007170","19800717",0,"Thursday",730,"T","N","CHA","TEX","ARL01","baumr101","perrg101","neudj901","reedr901","reilm901","spenf901","","",13489,"Rangers/ChiSox","Marc Stephenson","Marc Stephenson","1996/06/22 7:51PM","",1,0,0,0,-1,0,0,0,165,9,2,3,7,11,1,1,5,11,"darwd001","prolm101","","ziskr101","molib101",10,"morrj002",4,"bainh001",9,"johnl101",3,"lemoc001",8,"boslt001",7,"bellk101",5,"seilr101",2,"cruzt001",6,"rivem001",8,"willb101",4,"bellb001",5,"ziskr101",9,"ellij101",10,"staur001",3,"sampb001",7,"sundj001",2,"robed102",6,"farme101","darwd001"
"TEX198007290","19800729",0,"Tuesday",0,"T","N","BAL","TEX","ARL01","mcgrs001","hougc001","johnm901","mckej901","fordd901","evanj901","","",15808,"Bal","Fitzgerald","Vincent","1995/05/06 1:17PM","",1,0,0,0,-1,0,0,4,137,9,4,3,8,11,0,1,7,6,"mcgrs001","hougc001","martt001","kellp101","bumba001",8,"dempr001",2,"singk001",9,"murre001",3,"kellp101",10,"roeng001",7,"decid001",5,"garck001",6,"dauer001",4,"rivem001",8,"willb101",4,"oliva001",7,"bellb001",5,"ellij101",10,"staur001",3,"sampb001",9,"sundj001",2,"friap101",6,"martt001",""
"TEX198007300","19800730",0,"Wednesday",0,"T","N","BAL","TEX","ARL01","palmj001","perrg101","mckej901","fordd901","evanj901","johnm901","","",12704,"Bal","Fitzgerald","Vincent","1995/05/06 1:41PM","",1,0,0,0,-1,0,0,4,171,9,3,2,8,13,0,1,6,13,"palmj001","perrg101","stodt001","bumba001","bumba001",8,"lowej001",7,"singk001",9,"murre001",3,"grahd101",2,"crowt101",10,"decid001",5,"garck001",6,"dauer001",4,"rivem001",8,"willb101",4,"oliva001",7,"bellb001",5,"staur001",10,"putnp001",3,"grubj001",9,"sundj001",2,"friap101",6,"stodt001",""
"TEX198007310","19800731",0,"Thursday",0,"T","N","BAL","TEX","ARL01","stons101","jenkf101","fordd901","evanj901","johnm901","mckej901","","",14969,"Bal","Fitzgerald","Vincent","1995/05/07 8:56AM","",1,0,0,0,-1,0,0,4,142,9,4,7,8,14,4,0,9,8,"jenkf101","stons101","darwd001","bellb001","bumba001",8,"sakal001",4,"singk001",9,"murre001",3,"kellp101",10,"grahd101",2,"roeng001",7,"garck001",6,"dauer001",5,"rivem001",8,"willb101",4,"oliva001",7,"bellb001",5,"staur001",10,"putnp001",3,"grubj001",9,"sundj001",2,"friap101",6,"martd001","darwd001"
"TEX198008010","19800801",0,"Friday",739,"T","N","BOS","TEX","ARL01","torrm001","medid101","morrd901","hendt901","shulj901","kunkb101","","",18325,"Red Sox/Rangers","Greg Beston","Greg Beston","1996/03/25 6:02PM","",0,0,101,0,-1,0,0,4,167,9,5,7,14,12,4,0,10,11,"medid101","remmw101","darwd001","putnp001","burlr001",6,"stapd001",4,"lynnf001",8,"peret001",10,"ricej001",7,"yastc101",3,"evand002",9,"raded101",2,"hoffg001",5,"rivem001",8,"willb101",4,"oliva001",7,"bellb001",5,"staur001",10,"putnp001",3,"grubj001",9,"sundj001",2,"friap101",6,"burgt001","darwd001"
"TEX198008020","19800802",0,"Saturday",737,"T","N","BOS","TEX","ARL01","ojedb001","figue101","hendt901","shulj901","kunkb101","morrd901","","",24722,"Red Sox/Rangers","Greg Beston","Greg Beston","1996/03/25 6:54PM","",0,0,102,0,-1,0,0,4,155,9,1,0,7,8,0,0,5,7,"ojedb001","figue101","stanb001","dwyej001","burlr001",6,"stapd001",4,"lynnf001",8,"peret001",3,"ricej001",7,"fiskc001",2,"dwyej001",10,"evand002",9,"hoffg001",5,"rivem001",8,"willb101",4,"oliva001",7,"bellb001",5,"ellij101",10,"staur001",3,"sampb001",9,"sundj001",2,"friap101",6,"stanb001","darwd001"
"TEX198008030","19800803",0,"Sunday",608,"T","N","BOS","TEX","ARL01","torrm001","matlj101","shulj901","kunkb101","morrd901","hendt901","","",32015,"Red Sox/Rangers","Greg Beston","Greg Beston","1996/03/25 8:20PM","",0,0,97,0,-1,0,0,0,180,9,6,4,13,11,0,0,10,5,"torrm001","matlj101","locks101","evand002","burlr001",6,"stapd001",4,"lynnf001",8,"peret001",3,"ricej001",7,"fiskc001",2,"evand002",9,"alleg001",10,"hoffg001",5,"rivem001",8,"willb101",4,"oliva001",7,"bellb001",5,"staur001",10,"putnp001",3,"grubj001",9,"sundj001",2,"friap101",6,"locks101","darwd001"
"TEX198008080","19800808",0,"Friday",0,"T","N","DET","TEX","ARL01","petrd001","figue101","hallb901","morrd901","kaisk901","johnm901","","",14138,"","","R. Elliott","1996/02/17 10:55AM","",0,0,0,0,-1,0,0,0,176,9,8,0,13,5,0,3,11,6,"petrd001","figue101","","trama001","peter001",8,"trama001",6,"kemps001",10,"hebnr001",3,"summc001",7,"parrl001",2,"cowea001",9,"broot001",5,"whitl001",4,"rivem001",8,"willb101",4,"oliva001",7,"bellb001",5,"staur001",9,"ziskr101",10,"putnp001",3,"sundj001",2,"friap101",6,"","kernj001"
"TEX198008090","19800809",0,"Saturday",0,"T","N","DET","TEX","ARL01","schad001","matlj101","morrd901","kaisk901","johnm901","hallb901","","",19021,"","","R. Elliott","1996/02/17 11:58AM","",0,0,0,0,-1,0,0,0,188,10,3,4,8,12,0,3,8,10,"darwd001","lopea001","","grubj001","lentj101",8,"trama001",6,"kemps001",7,"wockj001",3,"parrl001",10,"cowea001",9,"broot001",5,"dyerd101",2,"papis101",4,"rivem001",8,"willb101",4,"oliva001",7,"bellb001",5,"ziskr101",10,"ellij101",3,"staur001",9,"sundj001",2,"friap101",6,"lopea001","darwd001"
"TEX198008100","19800810",0,"Sunday",0,"T","N","DET","TEX","ARL01","weavr101","perrg101","kaisk901","johnm901","hallb901","morrd901","","",11752,"","","R. Elliott","1996/02/17 5:56PM","",0,0,0,0,-1,0,0,0,153,9,2,4,9,8,0,1,7,5,"perrg101","weavr101","darwd001","putnp001","peter001",8,"whitl001",4,"kemps001",10,"hebnr001",3,"summc001",7,"parrl001",2,"cowea001",9,"broot001",5,"wagnm001",6,"norrj101",8,"willb101",4,"oliva001",7,"bellb001",5,"staur001",9,"ziskr101",10,"putnp001",3,"sundj001",2,"friap101",6,"undep101","darwd001"
"TEX198008180","19800818",0,"Monday",735,"T","N","KCA","TEX","ARL01","galer001","figue101","mckej901","barnl901","(none)","bremn901","","",17609,"Tex/KC","Vincent","Vincent","1996/03/23 5:57PM","",1,0,0,0,-1,0,0,4,168,9,6,3,11,7,0,2,12,6,"galer001","figue101","quisd001","portd001","wilsw001",7,"mcrah001",10,"bretg001",5,"portd001",2,"aikew001",3,"otisa001",8,"hurdc001",9,"whitf001",4,"washu001",6,"rivem001",8,"willb101",4,"oliva001",7,"bellb001",5,"ziskr101",10,"putnp001",3,"grubj001",9,"sundj001",2,"friap101",6,"quisd001","hougc001"
"TEX198008190","19800819",0,"Tuesday",735,"T","N","KCA","TEX","ARL01","leond001","matlj101","evanj901","barnl901","bremn901","mckej901","","",17800,"Tex/KC","Vincent","Vincent","1996/03/23 6:12PM","",1,0,0,0,-1,0,0,4,156,9,4,3,8,8,3,1,5,8,"twitj101","darwd001","quisd001","aikew001","wilsw001",7,"washu001",6,"bretg001",5,"mcrah001",10,"otisa001",8,"wathj001",2,"aikew001",3,"whitf001",4,"torrr101",9,"rivem001",8,"willb101",4,"oliva001",7,"bellb001",5,"ziskr101",10,"putnp001",3,"grubj001",9,"sundj001",2,"friap101",6,"quisd001","johnj001"
"TEX198008200","19800820",0,"Wednesday",735,"T","N","KCA","TEX","ARL01","gural001","clayk101","barnl901","bremn901","mckej901","evanj901","","",16996,"Tex/KC","Vincent","Vincent","1996/03/23 6:26PM","",1,0,0,0,-1,0,0,4,201,12,5,3,9,9,0,1,11,6,"quisd001","johnj001","martr001","aikew001","wilsw001",7,"mcrah001",10,"bretg001",5,"portd001",2,"aikew001",3,"otisa001",8,"hurdc001",9,"whitf001",4,"washu001",6,"rivem001",8,"willb101",4,"oliva001",7,"bellb001",5,"ziskr101",10,"ellij101",3,"sampb001",9,"sundj001",2,"friap101",6,"martr001","darwd001"
"TEX198008221","19800822",1,"Friday",537,"T","N","MIL","TEX","ARL01","clevr101","jenkf101","malog901","parkd901","roe-r901","neudj901","","",0,"Brewers, Ranger","Doug Burks","Doug Burks","1996/08/10 10:43PM","",0,0,104,0,-1,0,0,0,145,9,6,12,14,17,1,1,6,5,"rajsd101","clevr101","darwd001","willb101","molip001",4,"moorc001",2,"coopc001",3,"thomg001",8,"oglib001",7,"lezcs001",9,"david101",10,"bands101",5,"romee001",6,"rivem001",8,"willb101",4,"oliva001",7,"bellb001",5,"staur001",10,"putnp001",3,"grubj001",9,"sundj001",2,"friap101",6,"holdf101","darwd001"
"TEX198008222","19800822",2,"Friday",0,"T","N","MIL","TEX","ARL01","mitcp101","medid101","parkd901","roe-r901","neudj901","malog901","","",15514,"Brewers, Ranger","Doug Burks","Doug Burks","1996/08/12 4:33AM","",0,0,0,0,-1,0,0,0,149,9,8,3,14,13,0,0,6,11,"mitcp101","medid101","mcclb001","thomg001","gantj001",5,"younr001",6,"coopc001",3,"thomg001",8,"david101",7,"broum001",10,"harrv101",9,"romee001",4,"martb001",2,"willb101",4,"norrj101",8,"oliva001",10,"bellb001",5,"staur001",3,"ziskr101",9,"grubj001",7,"robed102",2,"friap101",6,"mcclb001","lyles101"
"TEX198008230","19800823",0,"Saturday",0,"T","N","MIL","TEX","ARL01","sorel001","figue101","roe-r901","neudj901","malog901","parkd901","","",10632,"Brewers, Ranger","Doug Burks","Doug Burks","1996/08/18 12:07AM","",0,0,102,0,-1,0,0,0,155,9,5,7,10,10,1,1,8,5,"darwd001","auguj001","","sundj001","gantj001",5,"younr001",6,"coopc001",3,"thomg001",8,"oglib001",7,"david101",10,"harrv101",9,"romee001",4,"martb001",2,"rivem001",8,"willb101",4,"oliva001",7,"bellb001",5,"staur001",10,"putnp001",3,"grubj001",9,"sundj001",2,"friap101",6,"castb101","darwd001"
"TEX198008240","19800824",0,"Sunday",0,"T","D","MIL","TEX","ARL01","travb101","matlj101","neudj901","malog901","parkd901","roe-r901","","",8425,"Brewers, Ranger","Doug Burks","Doug Burks","1996/08/21 7:01PM","",0,0,98,0,-1,0,0,0,198,11,3,4,7,16,0,0,7,12,"johnj001","clevr101","","oliva001","molip001",10,"moorc001",2,"younr001",6,"thomg001",8,"oglib001",7,"david101",9,"bands101",5,"broum001",3,"romee001",4,"sampb001",8,"willb101",4,"oliva001",7,"bellb001",5,"ziskr101",10,"ellij101",3,"robed102",9,"sundj001",2,"friap101",6,"clevr101","johnj001"
"TEX198009010","19800901",0,"Monday",0,"T","N","TOR","TEX","ARL01","mclaj001","medid101","mccol901","phild901","pales901","clara901","","",8224,"Rangers/Jays","Marc Stephenson","Marc Stephenson","1996/08/10 11:28AM","",1,0,0,0,-1,0,0,0,151,9,1,9,7,11,3,0,5,6,"medid101","mclaj001","","grubj001","grifa001",6,"bailb001",7,"mosel001",9,"hower001",5,"maybj101",3,"iorgg001",4,"bonnb001",10,"aingd101",8,"white002",2,"sampb001",8,"grubj001",9,"oliva001",7,"staur001",10,"putnp001",3,"sundj001",2,"robed102",5,"richm001",4,"harrb101",6,"barlm101",""
"TEX198009020","19800902",0,"Tuesday",0,"T","N","TOR","TEX","ARL01","leall001","jenkf101","phild901","pales901","clara901","mccol901","","",6903,"Rangers/Jays","Marc Stephenson","Marc Stephenson","1996/08/10 4:00PM","",1,0,0,0,-1,0,0,0,125,9,2,3,6,9,0,2,6,7,"jenkf101","leall001","","oliva001","grifa001",6,"bailb001",7,"mosel001",9,"hower001",5,"maybj101",3,"bonnb001",10,"iorgg001",4,"aingd101",8,"white002",2,"sampb001",8,"grubj001",9,"oliva001",7,"staur001",10,"putnp001",3,"sundj001",2,"robed102",5,"richm001",4,"harrb101",6,"garvj101",""
"TEX198009030","19800903",0,"Wednesday",0,"T","N","TOR","TEX","ARL01","stied001","figue101","pales901","clara901","mccol901","phild901","","",6984,"Rangers/Jays","Marc Stephenson","Marc Stephenson","1996/08/10 10:24PM","",1,0,0,0,-1,0,0,0,142,9,4,2,13,6,0,2,10,7,"stied001","figue101","","mosel001","grifa001",6,"bailb001",7,"mosel001",9,"hower001",5,"maybj101",3,"bonnb001",10,"iorgg001",4,"aingd101",8,"white002",2,"sampb001",8,"grubj001",9,"oliva001",7,"ziskr101",10,"putnp001",3,"sundj001",2,"robed102",5,"richm001",4,"harrb101",6,"","darwd001"
"TEX198009150","19800915",0,"Monday",730,"T","N","OAK","TEX","ARL01","keoum001","matlj101","parkd901","malog901","neudj901","evanj901","","",6941,"A's, Rangers","Doug Burks","Doug Burks","1996/11/19 8:29PM","",0,0,0,0,-1,0,0,0,157,9,0,2,11,6,0,0,11,8,"matlj101","keoum001","johnj001","oliva001","hendr001",7,"murpd002",8,"heatm001",10,"armat001",9,"newmj001",3,"klutm101",5,"essij001",2,"mckad101",4,"guerm101",6,"rivem001",8,"grubj001",9,"oliva001",7,"ziskr101",10,"staur001",3,"robed102",5,"sundj001",2,"richm001",4,"harrb101",6,"","johnj001"
"TEX198009160","19800916",0,"Tuesday",730,"T","N","OAK","TEX","ARL01","norrm101","medid101","malog901","neudj901","evanj901","parkd901","","",7295,"Rangers, A's","Doug Burks","Doug Burks","1996/12/02 8:36PM","",0,0,0,0,-1,0,0,0,185,11,4,2,10,10,0,2,9,10,"norrm101","darwd001","","mckad101","hendr001",7,"murpd002",8,"pagem001",10,"grosw001",5,"armat001",9,"davim002",3,"mckad101",4,"newmj001",2,"guerm101",6,"rivem001",8,"grubj001",9,"oliva001",7,"staur001",3,"ziskr101",10,"robed102",5,"sundj001",2,"richm001",4,"harrb101",6,"","darwd001"
"TEX198009170","19800917",0,"Wednesday",730,"T","N","OAK","TEX","ARL01","langr001","butcj001","neudj901","evanj901","parkd901","malog901","","",7255,"Rangers, As","Doug Burks","Doug Burks","1996/12/16 9:25PM","",0,0,0,0,-1,0,0,0,153,9,6,4,12,11,0,0,9,5,"langr001","butcj001","laceb001","guerm101","hendr001",7,"murpd002",8,"pagem001",10,"armat001",9,"grosw001",5,"gonzo101",3,"mckad101",4,"newmj001",2,"guerm101",6,"rivem001",8,"grubj001",9,"oliva001",7,"ziskr101",10,"putnp001",3,"robed102",5,"willb101",4,"sundj001",2,"harrb101",6,"laceb001","gleaj001"
"TEX198009180","19800918",0,"Thursday",730,"T","N","OAK","TEX","ARL01","mccas001","clayk101","evanj901","parkd901","malog901","neudj901","","",7560,"Rangers, A's","Doug Burks","Doug Burks","1996/12/23 4:05PM","",0,0,0,0,-1,0,0,0,189,9,6,10,9,16,1,1,9,15,"darwd001","mccas001","johnj001","rivem001","hendr001",7,"murpd002",8,"pagem001",10,"armat001",9,"grosw001",5,"gonzo101",3,"mckad101",4,"newmj001",2,"guerm101",6,"rivem001",8,"grubj001",9,"oliva001",7,"ziskr101",10,"putnp001",3,"willb101",4,"robed102",5,"sundj001",2,"harrb101",6,"beard001","johnj001"
"TEX198009190","19800919",0,"Friday",0,"T","N","CAL","TEX","ARL01","tanaf001","matlj101","bremn901","mckej901","evanj901","barnl901","","",9024,"Angels/Rangers","Greg Beston","Greg Beston","1996/11/19 4:26PM","",0,0,0,0,-1,0,0,4,143,9,6,2,14,7,0,2,8,4,"tanaf001","matlj101","","skagd101","thond001",4,"campb101",6,"lansc001",5,"fordd001",9,"downb001",10,"gricb001",3,"clarb002",7,"millr001",8,"skagd101",2,"sampb001",8,"willb101",4,"oliva001",7,"ziskr101",9,"ellij101",3,"robed102",5,"sundj001",2,"richm001",10,"harrb101",6,"","lewad101"
"TEX198009200","19800920",0,"Saturday",0,"T","N","CAL","TEX","ARL01","dorsj001","kaind101","mckej901","evanj901","barnl901","bremn901","","",10938,"Angels/Rangers","Greg Beston","Greg Beston","1996/11/19 4:56PM","",0,0,0,0,-1,0,0,4,202,10,6,4,15,11,0,0,13,8,"hassa001","hougc001","","kubsg101","thond001",6,"kubsg101",9,"lansc001",5,"thomj001",10,"harrj101",3,"downb001",2,"gricb001",4,"harll101",8,"clarb002",7,"norrj101",8,"grubj001",9,"oliva001",7,"staur001",10,"putnp001",3,"robed102",5,"willb101",4,"sundj001",2,"harrb101",6,"hassa001","hougc001"
"TEX198009210","19800921",0,"Sunday",0,"T","D","CAL","TEX","ARL01","barrj101","medid101","evanj901","barnl901","bremn901","mckej901","","",6794,"Angels/Rangers","Greg Beston","Greg Beston","1996/11/19 5:41PM","",0,0,0,0,-1,0,0,0,149,9,9,2,8,9,2,4,4,9,"barrj101","medid101","aased001","lansc001","thond001",4,"carer001",3,"lansc001",5,"thomj001",10,"kubsg101",9,"harll101",8,"clarb002",7,"patef101",6,"skagd101",2,"norrj101",8,"grubj001",9,"oliva001",7,"staur001",10,"putnp001",3,"robed102",5,"willb101",4,"sundj001",2,"harrb101",6,"aased001","allab101"
"TEX198010021","19801002",1,"Thursday",0,"T","N","MIN","TEX","ARL01","zahng001","matlj101","spenf901","neudj901","parkd901","malog901","","",0,"Rangers/Twins","Greg Beston","Greg Beston","1996/11/22 11:56AM","",0,0,77,0,15,0,1,0,170,9,6,3,13,9,0,1,11,9,"zahng001","matlj101","","moraj001","wardg001",7,"castj001",5,"landk001",8,"smalr001",6,"moraj001",10,"wyneb001",2,"mackp101",4,"jackr002",3,"riveb101",9,"rivem001",10,"willb101",4,"oliva001",7,"bellb001",5,"ziskr101",9,"ellij101",3,"robed102",2,"sampb001",8,"harrb101",6,"corbd001","hougc001"
"TEX198010022","19801002",2,"Thursday",0,"T","N","MIN","TEX","ARL01","willa001","jenkf101","neudj901","parkd901","malog901","spenf901","","",8022,"Rangers/Twins","Greg Beston","Greg Beston","1996/11/22 12:43PM","",0,0,0,0,-1,0,1,4,154,9,4,1,10,9,0,2,10,7,"willa001","jenkf101","","landk001","poweh101",9,"wilfr001",4,"landk001",7,"smalr001",6,"sofir101",10,"wyneb001",2,"cubbm101",3,"johng101",8,"castj001",5,"rivem001",10,"willb101",4,"oliva001",7,"bellb001",5,"putnp001",3,"grubj001",9,"sundj001",2,"norrj101",8,"harrb101",6,"","gleaj001"
"TEX198010030","19801003",0,"Friday",0,"T","N","SEA","TEX","ARL01","abbog001","medid101","coont901","kunkb101","shulj901","hendt901","","",11226,"Rangers/Seattle","Greg Beston","Greg Beston","1996/11/22 1:23PM","",0,0,0,0,-1,0,0,4,130,9,2,6,6,11,0,1,6,6,"medid101","abbog001","","richm001","cruzj002",4,"crair001",8,"meyed001",7,"hortw101",10,"narrj001",2,"pacit001",3,"robel001",9,"milbl001",5,"mendm101",6,"sampb001",8,"grubj001",9,"oliva001",7,"bellb001",5,"staur001",10,"putnp001",3,"sundj001",2,"richm001",4,"harrb101",6,"sarmm101","darwd001"
"TEX198010040","19801004",0,"Saturday",0,"T","N","SEA","TEX","ARL01","beatj001","butcj001","kunkb101","shulj901","hendt901","coont901","","",9241,"Rangers/Seattle","Greg Beston","Greg Beston","1996/11/22 3:02PM","",0,0,0,0,-1,0,0,4,152,9,6,11,9,15,1,0,6,9,"butcj001","beatj001","matlj101","harrb101","cruzj002",4,"simpj101",9,"meyed001",7,"bochb001",3,"hortw101",10,"narrj001",2,"robel001",8,"edled101",5,"mendm101",6,"norrj101",9,"grubj001",7,"bellb001",5,"ziskr101",10,"putnp001",3,"sundj001",2,"sampb001",8,"richm001",4,"harrb101",6,"robed101","matlj101"
"TEX198010050","19801005",0,"Sunday",205,"T","D","SEA","TEX","ARL01","ander101","kaind101","shulj901","hendt901","coont901","kunkb101","","",7384,"Rangers/Seattle","Greg Beston","Greg Beston","1996/11/22 3:24PM","",0,0,0,0,-1,0,0,0,153,9,2,3,8,8,2,2,13,10,"darwd001","parrm101","","grubj001","allek101",4,"simpj101",3,"crair001",8,"hortw101",10,"waltr101",9,"robel001",7,"milbl001",6,"andej001",5,"cox-l101",2,"norrj101",9,"grubj001",7,"bellb001",5,"ziskr101",10,"putnp001",3,"robed102",2,"sampb001",8,"richm001",4,"harrb101",6,"parrm101","darwd001"
