"WAS200704020","20070402",0,"Monday",106,"F","D","FLO","WAS","WAS10","willd003","pattj004","reilm901","kellj901","coope901","hoyej901","","",40389,"","","","","",1,1,72,6,8,0,0,2,175,9,9,2,13,7,0,0,12,6,"willd003","pattj004","","","ramih003",6,"uggld001",4,"cabrm001",5,"jacom001",3,"willj004",7,"borcj001",9,"olivm001",2,"deaza001",8,"willd003",1,"lopef001",4,"guzmc001",6,"zimmr001",5,"keara001",9,"yound001",3,"schnb001",2,"churr001",7,"logan001",8,"pattj004",1,"julij001","coloj001"
"WAS200704030","20070403",0,"Tuesday",705,"F","N","FLO","WAS","WAS10","olses001","hills003","kellj901","coope901","hoyej901","reilm901","","",20894,"","","","","",1,1,73,5,14,0,0,2,177,9,9,3,12,5,0,3,7,8,"olses001","hills003","","","ramih003",6,"uggld001",4,"cabrm001",5,"jacom001",3,"willj004",7,"borcj001",9,"olivm001",2,"deaza001",8,"olses001",1,"lopef001",4,"castk001",7,"zimmr001",5,"keara001",9,"yound001",3,"schnb001",2,"churr001",8,"wilsj003",6,"hills003",1,"gardl001","cordc001"
"WAS200704040","20070404",0,"Wednesday",104,"F","D","FLO","WAS","WAS10","sanca004","chicm001","coope901","hoyej901","reilm901","kellj901","","",18835,"","","","","",1,1,48,3,12,0,0,3,161,9,6,7,10,16,0,2,5,9,"raucj001","julij001","","","ramih003",6,"uggld001",4,"cabrm001",5,"willj004",7,"jacom001",3,"rossc001",9,"olivm001",2,"deaza001",8,"sanca004",1,"lopef001",6,"castk001",7,"zimmr001",5,"keara001",9,"yound001",3,"schnb001",2,"churr001",8,"bellr002",4,"chicm001",1,"julij001","raucj001"
"WAS200704050","20070405",0,"Thursday",705,"F","N","ARI","WAS","WAS10","gonze001","bergj001","hoyej901","reilm901","kellj901","coope901","","",16017,"","","","","",1,1,50,3,20,0,0,2,189,9,4,3,6,11,1,1,9,11,"gonze001","bergj001","valvj001","","byrne001",9,"calla001",6,"hudso001",4,"tracc001",5,"hairs001",7,"jackc002",3,"younc004",8,"snydc002",2,"gonze001",1,"lopef001",6,"castk001",7,"zimmr001",5,"keara001",9,"yound001",3,"schnb001",2,"churr001",8,"bellr002",4,"bergj001",1,"valvj001","raucj001"
"WAS200704060","20070406",0,"Friday",705,"F","N","ARI","WAS","WAS10","owinm001","willj003","mealj901","drecb901","darlg901","poncl901","","",19234,"","","","","",1,1,47,3,8,0,0,1,170,9,7,1,9,4,0,1,6,9,"owinm001","willj003","","","byrne001",9,"calla001",6,"hudso001",4,"tracc001",5,"jackc002",3,"hairs001",7,"younc004",8,"montm001",2,"owinm001",1,"lopef001",6,"snelc001",7,"zimmr001",5,"keara001",9,"yound001",3,"schnb001",2,"churr001",8,"bellr002",4,"willj003",1,"cruzj005","speil001"
"WAS200704070","20070407",0,"Saturday",705,"F","N","ARI","WAS","WAS10","webbb001","pattj004","drecb901","darlg901","poncl901","mealj901","","",16617,"","","","","",1,1,41,4,15,0,0,1,166,9,7,1,11,9,1,0,9,9,"webbb001","pattj004","","","drews001",6,"byrne001",9,"hudso001",4,"tracc001",5,"hairs001",7,"clart002",3,"younc004",8,"snydc002",2,"webbb001",1,"lopef001",6,"castk001",7,"zimmr001",5,"yound001",3,"keara001",9,"churr001",8,"bellr002",4,"schnb001",2,"pattj004",1,"slatd001","cordc001"
"WAS200704080","20070408",0,"Sunday",134,"F","D","ARI","WAS","WAS10","hernl003","hills003","darlg901","poncl901","mealj901","drecb901","","",17224,"","","","","",1,1,45,4,16,0,0,2,164,9,3,1,8,6,0,1,10,10,"hernl003","hills003","valvj001","","drews001",6,"jackc002",3,"hudso001",4,"byrne001",9,"hairs001",7,"montm001",2,"younc004",8,"bardb001",5,"hernl003",1,"lopef001",6,"castk001",7,"zimmr001",5,"keara001",9,"churr001",8,"bellr002",4,"fickr001",3,"florj002",2,"hills003",1,"valvj001","cordc001"
"WAS200704160","20070416",0,"Monday",705,"F","N","ATL","WAS","WAS10","jamec002","chicm001","marsr901","davib902","holbs901","wendh902","","",16316,"","","","","",1,1,44,8,18,0,0,3,155,9,1,5,5,9,0,1,9,7,"chicm001","jamec002","","","woodc001",4,"rente001",6,"jonec004",5,"jonea002",8,"franj004",9,"mccab002",2,"diazm003",7,"wilsc003",3,"jamec002",1,"lopef001",6,"bellr002",4,"zimmr001",5,"yound001",3,"keara001",9,"churr001",8,"schnb001",2,"snelc001",7,"chicm001",1,"gonzm001","cordc001"
"WAS200704170","20070417",0,"Tuesday",705,"F","N","ATL","WAS","WAS10","smolj001","willj003","davib902","holbs901","wendh902","marsr901","","",17791,"","","","","",1,1,53,4,13,0,0,0,190,9,6,4,11,7,3,2,9,6,"smolj001","willj003","wickb001","","johnk003",4,"rente001",6,"jonec004",5,"jonea002",8,"mccab002",2,"franj004",9,"thors001",3,"langr002",7,"smolj001",1,"lopef001",6,"bellr002",4,"zimmr001",5,"yound001",3,"churr001",8,"fickr001",9,"schnb001",2,"snelc001",7,"willj003",1,"wickb001","raucj001"
"WAS200704180","20070418",0,"Wednesday",706,"F","N","PHI","WAS","WAS10","eatoa001","bergj001","holbs901","wendh902","marsr901","davib902","","",18584,"","","","","",1,1,52,5,7,0,0,0,256,13,4,5,11,15,1,0,9,13,"speil001","rosaf001","","","rollj001",6,"victs001",9,"utlec001",4,"howar001",3,"burrp001",7,"helmw001",5,"rowaa001",8,"barar001",2,"eatoa001",1,"lopef001",6,"bellr002",4,"zimmr001",5,"yound001",3,"keara001",9,"churr001",8,"schnb001",2,"snelc001",7,"bergj001",1,"rosaf001","speil001"
"WAS200704190","20070419",0,"Thursday",105,"F","D","PHI","WAS","WAS10","moyej001","pattj004","wendh902","marsr901","davib902","holbs901","","",18671,"","","","","",1,1,54,3,5,0,0,3,177,9,4,2,10,5,0,0,10,7,"moyej001","pattj004","gordt001","","rollj001",6,"victs001",9,"utlec001",4,"burrp001",7,"dobbg001",3,"helmw001",5,"rowaa001",8,"ruizc001",2,"moyej001",1,"lopef001",6,"bellr002",4,"zimmr001",5,"yound001",3,"keara001",9,"churr001",8,"restm001",7,"florj002",2,"pattj004",1,"gordt001","rives001"
"WAS200704270","20070427",0,"Friday",706,"F","N","NYN","WAS","WAS10","pereo002","chicm001","vanol901","gibsg901","randt901","relic901","","",21662,"","","","","",1,1,67,0,1,0,0,0,167,9,3,4,11,8,0,0,9,4,"chicm001","pereo002","cordc001","","reyej001",6,"lodup001",2,"beltc001",8,"delgc001",3,"wrigd002",5,"aloum001",7,"grees001",9,"valej003",4,"pereo002",1,"lopef001",6,"bellr002",4,"zimmr001",5,"yound001",3,"keara001",9,"churr001",8,"restm001",7,"schnb001",2,"chicm001",1,"smitj002","cordc001"
"WAS200704280","20070428",0,"Saturday",705,"F","N","NYN","WAS","WAS10","glavt001","willj003","gibsg901","randt901","relic901","vanol901","","",29292,"","","","","",1,1,64,3,5,0,0,3,239,12,6,2,9,7,0,1,9,11,"selea001","rives001","","","reyej001",6,"lodup001",2,"beltc001",8,"delgc001",3,"wrigd002",5,"aloum001",7,"grees001",9,"valej003",4,"glavt001",1,"lopef001",6,"bellr002",4,"zimmr001",5,"yound001",3,"keara001",9,"churr001",8,"restm001",7,"florj002",2,"willj003",1,"wagnb001","wagnr001"
"WAS200704290","20070429",0,"Sunday",136,"F","D","NYN","WAS","WAS10","mainj001","bergj001","randt901","relic901","vanol901","gibsg901","","",27361,"","","","","",1,1,72,2,14,0,0,2,161,9,1,0,3,6,0,0,6,10,"mainj001","bergj001","wagnb001","","reyej001",6,"wrigd002",5,"beltc001",8,"aloum001",7,"grees001",9,"franj002",3,"castr002",2,"easld001",4,"mainj001",1,"lopef001",6,"bellr002",4,"zimmr001",5,"yound001",3,"keara001",9,"churr001",8,"florj002",2,"snelc001",7,"bergj001",1,"wagnb001","coloj001"
"WAS200705110","20070511",0,"Friday",707,"F","N","FLO","WAS","WAS10","olses001","hills003","joycj901","nelsj901","wolfj901","tscht901","","",23006,"","","","","",1,1,82,1,7,0,0,1,160,9,0,6,4,15,3,1,7,8,"hills003","olses001","","","ramih003",6,"uggld001",4,"cabrm001",5,"willj004",7,"boona001",3,"olivm001",2,"aberr001",9,"ameza001",8,"olses001",1,"lopef001",4,"guzmc001",6,"zimmr001",5,"churr001",7,"keara001",9,"bellr002",3,"schnb001",2,"logan001",8,"hills003",1,"julij001","raucj001"
"WAS200705120","20070512",0,"Saturday",705,"F","N","FLO","WAS","WAS10","nolar001","chicm001","nelsj901","wolfj901","tscht901","joycj901","","",19278,"","","","","",1,1,79,8,8,0,0,2,179,9,3,7,13,9,0,0,12,6,"raucj001","tankt001","","","ramih003",6,"uggld001",4,"cabrm001",5,"willj004",7,"boona001",3,"gallj001",9,"olivm001",2,"aberr001",8,"nolar001",1,"lopef001",4,"guzmc001",6,"zimmr001",5,"churr001",7,"keara001",9,"schnb001",2,"fickr001",3,"langr002",8,"chicm001",1,"julij001","raucj001"
"WAS200705130","20070513",0,"Sunday",135,"F","D","FLO","WAS","WAS10","oberw001","simoj001","wolfj901","tscht901","joycj901","nelsj901","","",20486,"","","","","",1,1,67,4,21,0,0,1,158,9,4,6,9,7,1,1,7,2,"simoj001","oberw001","raucj001","","ramih003",6,"uggld001",4,"cabrm001",5,"jacom001",3,"willj004",7,"borcj001",9,"ameza001",8,"tream001",2,"oberw001",1,"lopef001",4,"guzmc001",6,"zimmr001",5,"churr001",7,"keara001",9,"fickr001",3,"florj002",2,"langr002",8,"simoj001",1,"gardl001","raucj001"
"WAS200705140","20070514",0,"Monday",705,"F","N","ATL","WAS","WAS10","smolj001","bergj001","everm901","nauep901","gormb901","davig901","","",18829,"","","","","",1,1,72,8,15,0,0,0,128,9,1,2,3,4,0,0,3,3,"bergj001","smolj001","coloj001","","johnk003",4,"harrw001",7,"rente001",6,"jonea002",8,"mccab002",2,"franj004",9,"thors001",3,"woodc001",5,"smolj001",1,"lopef001",4,"guzmc001",6,"zimmr001",5,"churr001",7,"keara001",9,"schnb001",2,"fickr001",3,"langr002",8,"bergj001",1,"yatet001","coloj001"
"WAS200705150","20070515",0,"Tuesday",705,"F","N","ATL","WAS","WAS10","hudst001","willj003","nauep901","gormb901","davig901","everm901","","",21258,"","","","","",1,1,82,2,14,0,0,1,160,9,6,2,11,4,0,0,6,2,"hudst001","willj003","","","johnk003",4,"harrw001",7,"rente001",6,"jonea002",8,"mccab002",2,"franj004",9,"thors001",3,"orr-p001",5,"hudst001",1,"lopef001",4,"guzmc001",6,"zimmr001",5,"churr001",7,"keara001",9,"schnb001",2,"fickr001",3,"langr002",8,"willj003",1,"sorir001","rives001"
"WAS200705160","20070516",0,"Wednesday",706,"F","N","ATL","WAS","WAS10","davik002","speil001","gormb901","davig901","everm901","nauep901","","",20329,"","","","","",1,1,73,2,6,0,0,3,149,9,4,6,10,5,1,1,6,3,"trabb001","davik002","raucj001","","johnk003",4,"rente001",6,"jonec004",5,"jonea002",8,"mccab002",2,"franj004",9,"thors001",3,"harrw001",7,"davik002",1,"guzmc001",6,"bellr002",4,"zimmr001",5,"churr001",7,"keara001",9,"schnb001",2,"fickr001",3,"langr002",8,"speil001",1,"wickb001","raucj001"
"WAS200705170","20070517",0,"Thursday",105,"F","D","ATL","WAS","WAS10","jamec002","chicm001","davig901","everm901","nauep901","gormb901","","",24631,"","","","","",1,1,67,2,8,0,0,0,156,9,3,4,5,11,0,0,3,10,"chicm001","paroc001","raucj001","","diazm003",7,"rente001",6,"jonec004",5,"jonea002",8,"franj004",9,"woodc001",4,"saltj001",2,"thors001",3,"jamec002",1,"lopef001",4,"bellr002",6,"zimmr001",5,"churr001",7,"keara001",9,"batit001",3,"florj002",2,"logan001",8,"chicm001",1,"moylp001","raucj001"
"WAS200705180","20070518",0,"Friday",705,"F","N","BAL","WAS","WAS10","tracs001","simoj001","barrt901","causk901","younl901","estam901","","",22375,"","","","","",1,1,61,1,7,0,0,3,192,9,5,4,11,6,0,0,9,8,"tracs001","simoj001","ray-c001","","robeb003",4,"markn001",9,"tejam001",6,"hernr002",2,"millk005",3,"moram002",5,"paytj001",7,"pattc001",8,"tracs001",1,"lopef001",4,"guzmc001",6,"zimmr001",5,"churr001",7,"keara001",9,"yound001",3,"schnb001",2,"langr002",8,"simoj001",1,"ray-c001","coloj001"
"WAS200705190","20070519",0,"Saturday",705,"F","N","BAL","WAS","WAS10","guthj001","bacsm001","carlm901","younl901","estam901","barrt901","","",30661,"","","","","",1,1,73,3,16,0,0,2,211,11,3,2,9,6,1,1,9,8,"parrj003","abrew001","ray-c001","","robeb003",4,"markn001",9,"tejam001",6,"hernr002",2,"millk005",3,"moram002",5,"paytj001",7,"pattc001",8,"guthj001",1,"lopef001",4,"guzmc001",6,"zimmr001",5,"churr001",7,"keara001",9,"yound001",3,"schnb001",2,"logan001",8,"bacsm001",1,"ray-c001","kingr001"
"WAS200705200","20070520",0,"Sunday",135,"F","D","BAL","WAS","WAS10","bedae001","bowim001","younl901","estam901","barrt901","carlm901","","",29281,"","","","","",1,1,76,2,9,0,0,0,181,9,3,4,12,7,0,0,10,8,"coloj001","baezd001","cordc001","","robeb003",4,"markn001",9,"tejam001",6,"huffa001",3,"paytj001",8,"moram002",5,"gibbj002",7,"bakop001",2,"bedae001",1,"lopef001",4,"guzmc001",6,"zimmr001",5,"churr001",7,"keara001",9,"bellr002",3,"florj002",2,"logan001",8,"bowim001",1,"walkj001","cordc001"
"WAS200705290","20070529",0,"Tuesday",707,"F","N","LAN","WAS","WAS10","pennb002","simoj001","cuzzp901","guccc901","crawj901","onorb901","","",18483,"","","","","",1,1,79,0,0,0,0,1,154,9,10,0,16,5,0,2,5,6,"pennb002","simoj001","","","pierj002",8,"furcr001",6,"garcn001",3,"kentj001",4,"gonzl001",7,"martr004",2,"ethia001",9,"abret001",5,"pennb002",1,"lopef001",4,"guzmc001",6,"zimmr001",5,"churr001",7,"keara001",9,"bellr002",3,"schnb001",2,"logan001",8,"simoj001",1,"tomkb001","trabb001"
"WAS200705300","20070530",0,"Wednesday",705,"F","N","LAN","WAS","WAS10","lowed001","bacsm001","guccc901","crawj901","onorb901","cuzzp901","","",22360,"","","","","",1,1,84,6,10,0,0,1,147,9,5,0,8,4,1,1,5,4,"lowed001","bacsm001","","","furcr001",6,"pierj002",8,"garcn001",3,"kentj001",4,"gonzl001",7,"martr004",2,"ethia001",9,"abret001",5,"lowed001",1,"lopef001",4,"guzmc001",6,"zimmr001",5,"yound001",3,"keara001",9,"churr001",7,"schnb001",2,"logan001",8,"bacsm001",1,"seanr001","coloj001"
"WAS200705310","20070531",0,"Thursday",704,"F","N","LAN","WAS","WAS10","hendm001","bowim001","crawj901","onorb901","cuzzp901","guccc901","","",20982,"","","","","",1,1,86,6,12,0,0,1,195,9,4,11,8,14,1,0,6,8,"bowim001","hendm001","","","furcr001",6,"pierj002",8,"garcn001",3,"kentj001",4,"gonzl001",7,"martr004",2,"laroa002",5,"ethia001",9,"hendm001",1,"lopef001",4,"guzmc001",6,"zimmr001",5,"yound001",3,"keara001",9,"churr001",7,"schnb001",2,"logan001",8,"bowim001",1,"seanr001","cordc001"
"WAS200706010","20070601",0,"Friday",706,"F","N","SDN","WAS","WAS10","peavj001","chicm001","wendh902","marsr901","davib902","holbs901","","",22354,"","","","","",1,1,86,8,11,0,0,2,180,10,3,4,11,15,0,0,10,8,"raucj001","merec001","","","gilem001",4,"greek002",6,"gonza003",3,"camem001",8,"bardj001",2,"branr001",5,"bocah001",9,"sledt001",7,"peavj001",1,"lopef001",4,"guzmc001",6,"zimmr001",5,"yound001",3,"keara001",9,"churr001",7,"schnb001",2,"langr002",8,"chicm001",1,"merec001","raucj001"
"WAS200706020","20070602",0,"Saturday",706,"F","N","SDN","WAS","WAS10","germj001","speil001","marsr901","davib902","holbs901","wendh902","","",21635,"","","","","",1,1,85,8,14,0,0,0,156,9,11,3,15,8,0,0,7,3,"germj001","speil001","","","gilem001",4,"sledt001",7,"gonza003",3,"camem001",8,"kouzk001",5,"greek002",6,"mcanp001",9,"bower002",2,"germj001",1,"lopef001",4,"guzmc001",6,"zimmr001",5,"yound001",3,"keara001",9,"churr001",7,"schnb001",2,"logan001",8,"speil001",1,"camek001","kingr001"
"WAS200706030","20070603",0,"Sunday",136,"F","D","SDN","WAS","WAS10","welld001","simoj001","davib902","holbs901","wendh902","marsr901","","",26967,"","","","","",1,1,69,6,13,2,4,0,162,9,7,3,9,8,1,1,6,6,"welld001","simoj001","","","gilem001",4,"sledt001",7,"gonza003",3,"bardj001",2,"kouzk001",5,"greek002",6,"mcanp001",9,"bocah001",8,"welld001",1,"guzmc001",6,"bellr002",4,"zimmr001",5,"yound001",3,"keara001",9,"churr001",7,"florj002",2,"logan001",8,"simoj001",1,"brocd001","raucj001"
"WAS200706050","20070605",0,"Tuesday",707,"F","N","PIT","WAS","WAS10","chacs001","bacsm001","rungb901","wegnm901","wintm901","hoyej901","","",19169,"","","","","",1,1,80,1,6,0,0,2,178,9,7,6,9,12,0,0,5,8,"chacs001","bacsm001","cappm001","","davir003",8,"bautj002",5,"sancf001",4,"bay-j001",7,"nadyx001",9,"laroa001",3,"paulr001",2,"wilsj002",6,"chacs001",1,"lopef001",4,"guzmc001",6,"zimmr001",5,"yound001",3,"keara001",9,"churr001",7,"schnb001",2,"langr002",8,"bacsm001",1,"cappm001","cordc001"
"WAS200706060","20070606",0,"Wednesday",706,"F","N","PIT","WAS","WAS10","dukez001","bowim001","wegnm901","wintm901","hoyej901","rungb901","","",24755,"","","","","",1,1,75,4,12,0,0,1,185,9,5,6,5,11,1,0,6,9,"cordc001","torrs001","","","davir003",8,"bautj002",5,"sancf001",4,"bay-j001",7,"nadyx001",9,"laroa001",3,"doumr001",2,"wilsj002",6,"dukez001",1,"lopef001",4,"guzmc001",6,"zimmr001",5,"yound001",3,"keara001",9,"churr001",7,"schnb001",2,"logan001",8,"bowim001",1,"torrs001","cordc001"
"WAS200706070","20070607",0,"Thursday",105,"F","D","PIT","WAS","WAS10","sneli001","chicm001","wintm901","hoyej901","rungb901","wegnm901","","",25622,"","","","","",1,1,82,8,13,0,0,1,136,9,3,2,6,3,0,0,4,3,"cappm001","cordc001","","","davir003",8,"bautj002",5,"sancf001",4,"bay-j001",7,"laroa001",3,"doumr001",9,"paulr001",2,"wilsj002",6,"sneli001",1,"lopef001",4,"guzmc001",6,"zimmr001",5,"yound001",3,"keara001",9,"churr001",7,"schnb001",2,"langr002",8,"chicm001",1,"cappm001","cordc001"
"WAS200706180","20070618",0,"Monday",706,"F","N","DET","WAS","WAS10","marom001","chicm001","davig901","gormb901","everm901","nauep901","","",22562,"","","","","",1,1,91,5,9,0,0,1,174,9,9,8,11,13,1,1,2,7,"marom001","chicm001","","","granc001",8,"polap001",4,"shefg001",7,"ordom001",9,"guilc001",6,"rodri001",2,"thamm001",3,"ingeb001",5,"marom001",1,"guzmc001",6,"lopef001",4,"zimmr001",5,"yound001",3,"keara001",9,"churr001",7,"schnb001",2,"logan001",8,"chicm001",1,"jonet003","raucj001"
"WAS200706190","20070619",0,"Tuesday",705,"F","N","DET","WAS","WAS10","durbc001","simoj001","gormb901","everm901","nauep901","davig901","","",22227,"","","","","",1,1,91,6,10,0,0,3,183,9,15,1,17,6,1,0,9,8,"durbc001","simoj001","","","granc001",8,"polap001",4,"shefg001",7,"ordom001",9,"guilc001",6,"cases001",3,"ingeb001",5,"rabem001",2,"durbc001",1,"guzmc001",6,"lopef001",4,"zimmr001",5,"yound001",3,"keara001",9,"churr001",7,"schnb001",2,"langr002",8,"simoj001",1,"delae001","abrew001"
"WAS200706200","20070620",0,"Wednesday",705,"F","N","DET","WAS","WAS10","bondj001","bacsm001","everm901","nauep901","davig901","gormb901","","",26637,"","","","","",1,1,81,2,15,0,0,1,195,9,8,4,13,9,1,1,6,7,"bondj001","rives001","","","granc001",8,"monrc001",7,"thamm001",3,"ordom001",9,"guilc001",6,"rodri001",2,"ingeb001",5,"infao001",4,"bondj001",1,"guzmc001",6,"lopef001",4,"zimmr001",5,"yound001",3,"keara001",9,"churr001",7,"schnb001",2,"watsb002",8,"bacsm001",1,"jonet003","cordc001"
"WAS200706220","20070622",0,"Friday",706,"F","N","CLE","WAS","WAS10","carmf001","bowim001","welkb901","diazl901","hirsj901","bellw901","","",24534,"","","","","",1,1,73,2,16,0,0,1,184,9,1,4,8,12,0,0,10,7,"rives001","carmf001","cordc001","","sizeg001",8,"michj001",7,"blakc001",5,"martv001",2,"peraj001",6,"garkr001",3,"barfj003",4,"gutif001",9,"carmf001",1,"guzmc001",6,"lopef001",4,"zimmr001",5,"yound001",3,"keara001",9,"churr001",7,"schnb001",2,"watsb002",8,"bowim001",1,"fulta001","cordc001"
"WAS200706230","20070623",0,"Saturday",705,"F","N","CLE","WAS","WAS10","byrdp001","chicm001","diazl901","hirsj901","bellw901","welkb901","","",32539,"","","","","",1,1,72,2,9,0,0,2,164,9,4,3,7,10,1,0,3,8,"mastt001","cordc001","boroj001","","sizeg001",8,"gutif001",9,"blakc001",5,"martv001",3,"peraj001",6,"michj001",7,"shopk001",2,"barfj003",4,"byrdp001",1,"guzmc001",6,"lopef001",4,"zimmr001",5,"yound001",3,"keara001",9,"churr001",7,"schnb001",2,"watsb002",8,"chicm001",1,"boroj001","cordc001"
"WAS200706240","20070624",0,"Sunday",136,"F","D","CLE","WAS","WAS10","westj001","simoj001","hirsj901","bellw901","welkb901","diazl901","","",26413,"","","","","",1,1,82,8,1,0,0,1,152,9,1,3,4,8,0,0,4,4,"simoj001","westj001","cordc001","","sizeg001",8,"blakc001",5,"martv001",2,"hafnt001",3,"peraj001",6,"nixot001",9,"gutif001",7,"barfj003",4,"westj001",1,"guzmc001",6,"watsb002",8,"zimmr001",5,"yound001",3,"keara001",9,"bellr002",4,"langr002",7,"florj002",2,"simoj001",1,"mastt001","cordc001"
"WAS200707020","20070702",0,"Monday",707,"F","N","CHN","WAS","WAS10","lillt001","simoj001","barrs901","fleta901","reilm901","kellj901","","",24015,"","","","","",1,1,78,6,4,0,0,1,179,9,7,2,11,5,2,1,8,6,"lillt001","simoj001","","","soria001",7,"therr001",6,"lee-d002",3,"ramia001",5,"floyc001",9,"derom001",4,"pagaa001",8,"bower002",2,"lillt001",1,"logan001",8,"bellr002",4,"zimmr001",5,"yound001",3,"keara001",9,"churr001",7,"lopef001",6,"schnb001",2,"simoj001",1,"howrb001","kingr001"
"WAS200707030","20070703",0,"Tuesday",706,"F","N","CHN","WAS","WAS10","zambc001","reddt001","fleta901","reilm901","kellj901","barrs901","","",30106,"","","","","",1,1,77,6,11,0,0,0,166,9,3,1,8,5,0,1,6,9,"zambc001","reddt001","howrb001","","soria001",7,"therr001",6,"lee-d002",3,"floyc001",9,"derom001",5,"fontm001",4,"pagaa001",8,"hillk002",2,"zambc001",1,"langr002",8,"bellr002",4,"zimmr001",5,"yound001",3,"churr001",7,"lopef001",6,"schnb001",2,"fickr001",9,"reddt001",1,"howrb001","raucj001"
"WAS200707040","20070704",0,"Wednesday",1205,"F","D","CHN","WAS","WAS10","hillr001","chicm001","reilm901","kellj901","barrs901","fleta901","","",39207,"","","","","",1,1,83,1,16,0,0,2,151,9,0,6,5,11,1,1,7,6,"chicm001","hillr001","","","soria001",7,"therr001",6,"lee-d002",3,"ramia001",5,"derom001",9,"pagaa001",8,"fontm001",4,"bower002",2,"hillr001",1,"logan001",8,"bellr002",4,"zimmr001",5,"yound001",3,"keara001",9,"lopef001",6,"fickr001",7,"florj002",2,"chicm001",1,"eyres001","kingr001"
"WAS200707050","20070705",0,"Thursday",705,"F","N","CHN","WAS","WAS10","marss002","bergj001","kellj901","barrs901","fleta901","reilm901","","",22594,"","","","","",1,1,79,6,11,0,0,0,164,9,4,2,11,7,0,1,8,8,"ohmaw001","ayall001","howrb001","","soria001",7,"fontm001",4,"wardd002",3,"ramia001",5,"floyc001",9,"jonej003",8,"hillk002",2,"iztuc001",6,"marss002",1,"logan001",8,"bellr002",4,"zimmr001",5,"yound001",3,"keara001",9,"lopef001",6,"schnb001",2,"fickr001",7,"bergj001",1,"howrb001","cordc001"
"WAS200707060","20070706",0,"Friday",706,"F","N","MIL","WAS","WAS10","bushd001","bacsm001","carlm901","younl901","herna901","culbf901","","",18961,"","","","","",1,1,87,2,6,0,0,2,167,9,6,2,11,11,1,0,6,11,"bushd001","bacsm001","","","hartc001",8,"hardj003",6,"braur002",5,"fielp001",3,"estrj001",2,"menck001",9,"jenkg001",7,"weekr001",4,"bushd001",1,"langr002",8,"bellr002",4,"zimmr001",5,"yound001",3,"churr001",7,"keara001",9,"lopef001",6,"schnb001",2,"bacsm001",1,"cordf002","rives001"
"WAS200707070","20070707",0,"Saturday",706,"F","N","MIL","WAS","WAS10","suppj001","simoj001","younl901","herna901","culbf901","carlm901","","",24774,"","","","","",1,1,88,3,7,0,0,2,191,9,4,5,10,8,2,0,8,11,"simoj001","suppj001","cordc001","","hartc001",9,"hardj003",6,"braur002",5,"fielp001",3,"jenkg001",7,"milld002",2,"gwynt002",8,"weekr001",4,"suppj001",1,"langr002",8,"bellr002",4,"zimmr001",5,"yound001",3,"churr001",7,"keara001",9,"lopef001",6,"schnb001",2,"simoj001",1,"turnd001","cordc001"
"WAS200707080","20070708",0,"Sunday",136,"F","D","MIL","WAS","WAS10","capuc001","reddt001","herna901","culbf901","carlm901","younl901","","",20637,"","","","","",1,1,93,3,9,0,0,2,159,9,2,7,6,10,0,1,5,6,"reddt001","capuc001","","","hartc001",9,"hardj003",6,"braur002",5,"fielp001",3,"estrj001",2,"grosg002",7,"gwynt002",8,"counc001",4,"capuc001",1,"logan001",8,"jimed001",4,"zimmr001",5,"keara001",9,"batit001",3,"lopef001",6,"churr001",7,"florj002",2,"reddt001",1,"gally001","cordc001"
"WAS200707160","20070716",0,"Monday",706,"F","N","HOU","WAS","WAS10","willw001","bacsm001","hirsj901","diazl901","bellw901","welkb901","","",22392,"","","","","",1,1,87,1,11,0,0,3,143,9,3,4,10,7,0,1,7,3,"rives001","willw001","cordc001","","biggc001",4,"pench001",8,"berkl001",9,"lee-c001",7,"lorem001",3,"ensbm001",5,"brune001",6,"ausmb001",2,"willw001",1,"logan001",8,"bellr002",4,"zimmr001",5,"yound001",3,"churr001",7,"keara001",9,"lopef001",6,"schnb001",2,"bacsm001",1,"lidgb001","cordc001"
"WAS200707170","20070717",0,"Tuesday",705,"F","N","HOU","WAS","WAS10","sampc001","reddt001","diazl901","bellw901","welkb901","hirsj901","","",22362,"","","","","",1,1,90,6,11,0,0,1,168,9,4,2,7,6,0,0,8,5,"sampc001","reddt001","lidgb001","","burkc001",4,"pench001",8,"berkl001",3,"lee-c001",7,"lorem001",6,"lambm001",5,"scotl001",9,"munse001",2,"sampc001",1,"logan001",8,"bellr002",4,"zimmr001",5,"yound001",3,"churr001",7,"keara001",9,"lopef001",6,"schnb001",2,"reddt001",1,"lidgb001","schrc001"
"WAS200707180","20070718",0,"Wednesday",105,"F","D","HOU","WAS","WAS10","jennj001","bergj001","bellw901","welkb901","hirsj901","diazl901","","",27119,"","","","","",1,1,90,5,8,0,0,3,156,9,6,7,11,9,1,1,5,7,"bergj001","jennj001","cordc001","","burkc001",4,"pench001",8,"berkl001",3,"lee-c001",7,"lorem001",6,"lambm001",5,"scotl001",9,"munse001",2,"jennj001",1,"lopef001",6,"bellr002",4,"zimmr001",5,"yound001",3,"churr001",7,"keara001",9,"langr002",8,"florj002",2,"bergj001",1,"wheed001","cordc001"
"WAS200707190","20070719",0,"Thursday",706,"F","N","COL","WAS","WAS10","jimeu001","chicm001","drakr901","tscht901","johna901","joycj901","","",20573,"","","","","",1,1,83,1,11,0,0,0,210,10,4,5,7,8,1,0,5,11,"raucj001","hawkl001","","","tavew001",8,"tulot001",6,"hollm001",7,"heltt001",3,"atkig001",5,"torry001",2,"hawpb001",9,"carrj001",4,"jimeu001",1,"lopef001",6,"bellr002",4,"zimmr001",5,"yound001",3,"churr001",7,"keara001",9,"schnb001",2,"langr002",8,"chicm001",1,"hawkl001","raucj001"
"WAS200707200","20070720",0,"Friday",707,"F","N","COL","WAS","WAS10","cooka002","trabb001","tscht901","johna901","joycj901","drakr901","","",27581,"","","","","",1,1,81,3,16,0,0,2,167,9,3,1,7,7,1,3,10,7,"cooka002","trabb001","corpm001","","tavew001",8,"matsk001",4,"hollm001",7,"heltt001",3,"atkig001",5,"spilr001",9,"tulot001",6,"iannc001",2,"cooka002",1,"lopef001",6,"bellr002",4,"zimmr001",5,"churr001",7,"keara001",9,"fickr001",3,"schnb001",2,"langr002",8,"trabb001",1,"corpm001","raucj001"
"WAS200707210","20070721",0,"Saturday",356,"F","D","COL","WAS","WAS10","loper001","bacsm001","johna901","joycj901","drakr901","tscht901","","",31674,"","","","","",1,1,83,0,6,0,0,1,147,9,0,3,3,6,0,0,4,4,"bacsm001","loper001","cordc001","","tavew001",8,"carrj001",4,"hollm001",7,"heltt001",3,"atkig001",5,"spilr001",9,"tulot001",6,"torry001",2,"loper001",1,"lopef001",6,"bellr002",4,"zimmr001",5,"churr001",7,"keara001",9,"fickr001",3,"schnb001",2,"logan001",8,"bacsm001",1,"ramir003","cordc001"
"WAS200707220","20070722",0,"Sunday",136,"F","D","COL","WAS","WAS10","foggj001","reddt001","joycj901","drakr901","tscht901","johna901","","",21793,"","","","","",1,1,83,4,16,0,0,1,143,9,0,3,7,6,0,0,10,5,"raucj001","julij001","cordc001","","tavew001",8,"matsk001",4,"hollm001",7,"heltt001",3,"atkig001",5,"hawpb001",9,"tulot001",6,"torry001",2,"foggj001",1,"lopef001",6,"jimed001",4,"zimmr001",5,"keara001",9,"batit001",3,"fickr001",7,"langr002",8,"florj002",2,"reddt001",1,"julij001","cordc001"
"WAS200707310","20070731",0,"Tuesday",706,"F","N","CIN","WAS","WAS10","livib001","chicm001","meric901","reedr901","barrs901","timmt901","","",20165,"","","","","",1,1,88,2,10,0,0,1,173,9,3,6,12,12,1,0,12,8,"chicm001","livib001","cordc001","","freer001",8,"keppj001",6,"grifk002",9,"philb001",4,"dunna001",7,"conij001",3,"encae001",5,"rossd001",2,"livib001",1,"lopef001",6,"bellr002",4,"zimmr001",5,"yound001",3,"keara001",9,"churr001",7,"schnb001",2,"logan001",8,"chicm001",1,"burtj001","cordc001"
"WAS200708010","20070801",0,"Wednesday",706,"F","N","CIN","WAS","WAS10","arrob001","lannj001","reedr901","barrs901","timmt901","meric901","","",28944,"","","","","",1,1,88,8,4,0,0,2,177,9,2,7,7,12,0,2,9,6,"lannj001","arrob001","","","hoppn001",8,"keppj001",6,"grifk002",9,"philb001",4,"dunna001",7,"conij001",3,"encae001",5,"rossd001",2,"arrob001",1,"lopef001",6,"bellr002",4,"zimmr001",5,"yound001",3,"keara001",9,"churr001",7,"schnb001",2,"logan001",8,"lannj001",1,"coutj001","ayall001"
"WAS200708020","20070802",0,"Thursday",706,"F","N","CIN","WAS","WAS10","dumap001","bacsm001","barrs901","timmt901","meric901","reedr901","","",26223,"","","","","",1,1,89,8,12,0,0,1,153,9,3,7,5,13,0,0,1,11,"bacsm001","dumap001","","","freer001",8,"philb001",4,"grifk002",9,"conij001",3,"dunna001",7,"encae001",5,"gonza002",6,"rossd001",2,"dumap001",1,"lopef001",6,"bellr002",4,"zimmr001",5,"yound001",3,"keara001",9,"churr001",7,"florj002",2,"logan001",8,"bacsm001",1,"weatd001","rives001"
"WAS200708030","20070803",0,"Friday",706,"F","N","SLN","WAS","WAS10","wellk001","reddt001","johna901","wintm901","rungb901","wegnm901","","",27992,"","","","","",1,1,90,4,8,0,0,0,205,9,2,3,11,10,0,0,12,11,"cordc001","franr001","","","ecksd001",6,"edmoj001",8,"pujoa001",3,"duncc002",7,"roles001",5,"encaj001",9,"kenna001",4,"moliy001",2,"wellk001",1,"lopef001",6,"bellr002",4,"zimmr001",5,"yound001",3,"keara001",9,"churr001",7,"schnb001",2,"logan001",8,"reddt001",1,"franr001","cordc001"
"WAS200708040","20070804",0,"Saturday",705,"F","N","SLN","WAS","WAS10","pinej001","hanrj001","wintm901","rungb901","wegnm901","johna901","","",29252,"","","","","",1,1,93,2,5,0,0,2,170,9,1,12,10,14,2,1,11,5,"hanrj001","pinej001","","","ecksd001",6,"edmoj001",8,"roles001",5,"duncc002",7,"spies001",3,"encaj001",9,"moliy001",2,"pinej001",1,"kenna001",4,"lopef001",6,"bellr002",4,"zimmr001",5,"yound001",3,"keara001",9,"churr001",7,"schnb001",2,"logan001",8,"hanrj001",1,"milea001","schrc001"
"WAS200708050","20070805",0,"Sunday",135,"F","D","SLN","WAS","WAS10","waina001","chicm001","rungb901","wegnm901","johna901","wintm901","","",33517,"","","","","",1,1,86,6,5,0,0,0,192,9,3,6,8,12,0,0,8,11,"kingr001","franr001","cordc001","","ecksd001",6,"spies001",5,"pujoa001",3,"encaj001",9,"ludwr001",7,"edmoj001",8,"benng001",2,"waina001",1,"milea001",4,"lopef001",6,"bellr002",4,"zimmr001",5,"yound001",3,"keara001",9,"churr001",7,"florj002",2,"logan001",8,"chicm001",1,"franr001","cordc001"
"WAS200708140","20070814",0,"Tuesday",707,"F","N","PHI","WAS","WAS10","lohsk001","hills003","monte901","laynj901","hudsm901","guccc901","","",27128,"","","","","",1,1,82,6,6,0,0,1,166,9,3,2,4,6,0,2,3,6,"alfoa001","raucj001","myerb001","","rollj001",6,"iguct001",4,"burrp001",7,"howar001",3,"rowaa001",8,"dobbg001",5,"wertj001",9,"ruizc001",2,"lohsk001",1,"lopef001",6,"bellr002",4,"zimmr001",5,"yound001",3,"keara001",9,"churr001",7,"schnb001",2,"logan001",8,"hills003",1,"myerb001","rives001"
"WAS200708150","20070815",0,"Wednesday",706,"F","N","PHI","WAS","WAS10","kendk001","reddt001","laynj901","hudsm901","guccc901","johna901","","",25575,"","","","","",1,1,88,1,10,0,0,2,162,9,2,4,5,10,0,0,7,5,"reddt001","kendk001","cordc001","","rollj001",6,"iguct001",4,"burrp001",7,"howar001",3,"rowaa001",8,"helmw001",5,"wertj001",9,"costc001",2,"kendk001",1,"lopef001",6,"bellr002",4,"zimmr001",5,"yound001",3,"keara001",9,"churr001",7,"schnb001",2,"logan001",8,"reddt001",1,"romej001","cordc001"
"WAS200708160","20070816",0,"Thursday",705,"F","N","PHI","WAS","WAS10","hamec001","hanrj001","hudsm901","guccc901","johna901","laynj901","","",27308,"","","","","",1,1,88,1,8,0,0,0,183,9,4,2,9,7,1,0,10,8,"hamec001","hanrj001","myerb001","","rollj001",6,"iguct001",4,"burrp001",7,"howar001",3,"rowaa001",8,"wertj001",9,"ruizc001",2,"nunea001",5,"hamec001",1,"lopef001",6,"bellr002",4,"zimmr001",5,"yound001",3,"keara001",9,"churr001",7,"florj002",2,"logan001",8,"hanrj001",1,"myerb001","raucj001"
"WAS200708170","20070817",0,"Friday",707,"F","N","NYN","WAS","WAS10","glavt001","chicm001","westj901","rapue901","hicke901","buckc901","","",23636,"","","","","",1,1,90,5,14,0,0,2,189,9,6,2,8,10,0,1,9,8,"glavt001","chicm001","","","reyej001",6,"castl001",4,"wrigd002",5,"beltc001",8,"aloum001",7,"easld001",3,"grees001",9,"difem001",2,"glavt001",1,"lopef001",6,"bellr002",4,"zimmr001",5,"yound001",3,"keara001",9,"churr001",7,"schnb001",2,"logan001",8,"chicm001",1,"felip002","ayall001"
"WAS200708180","20070818",0,"Saturday",706,"F","N","NYN","WAS","WAS10","pereo002","lannj001","rapue901","hicke901","buckc901","westj901","","",35157,"","","","","",1,1,79,2,6,0,0,2,210,9,7,4,14,9,0,2,10,11,"pereo002","lannj001","wagnb001","","reyej001",6,"castl001",4,"wrigd002",5,"beltc001",8,"aloum001",7,"easld001",3,"milll002",9,"difem001",2,"pereo002",1,"lopef001",6,"bellr002",4,"zimmr001",5,"yound001",3,"keara001",9,"penaw001",7,"florj002",2,"logan001",8,"lannj001",1,"wagnb001","cordc001"
"WAS200708190","20070819",0,"Sunday",135,"F","D","NYN","WAS","WAS10","herno001","hills003","hicke901","buckc901","westj901","rapue901","","",29092,"","","","","",1,1,73,2,10,0,0,3,156,9,8,2,12,3,2,0,6,7,"herno001","raucj001","","","reyej001",6,"castl001",4,"wrigd002",5,"beltc001",8,"grees001",3,"milll002",9,"andem003",7,"aloms001",2,"herno001",1,"lopef001",6,"jimed001",4,"zimmr001",5,"keara001",8,"churr001",7,"penaw001",9,"schnb001",2,"fickr001",3,"hills003",1,"felip002","schrc001"
"WAS200708310","20070831",0,"Friday",706,"F","N","SFN","WAS","WAS10","corrk001","reddt001","marsr901","davib902","wendh902","holbs901","","",25169,"","","","","",1,1,84,3,15,0,0,1,164,9,3,2,7,6,0,0,10,6,"corrk001","reddt001","hennb001","","robed001",7,"davir003",8,"durhr001",4,"klesr001",3,"molib001",2,"felip001",5,"vizqo001",6,"ortmd001",9,"corrk001",1,"logan001",8,"lopef001",6,"zimmr001",5,"yound001",3,"keara001",9,"penaw001",7,"bellr002",4,"schnb001",2,"reddt001",1,"hennb001","raucj001"
"WAS200709010","20070901",0,"Saturday",706,"F","N","SFN","WAS","WAS10","sancj002","hanrj001","davib902","wendh902","holbs901","marsr901","","",30221,"","","","","",1,1,82,5,3,0,0,2,153,9,1,4,2,9,1,0,3,8,"hanrj001","sancj002","cordc001","","robed001",8,"durhr001",4,"winnr001",9,"bondb001",7,"klesr001",3,"molib001",2,"felip001",5,"vizqo001",6,"sancj002",1,"logan001",8,"lopef001",6,"zimmr001",5,"yound001",3,"keara001",9,"penaw001",7,"bellr002",4,"florj002",2,"hanrj001",1,"klins002","cordc001"
"WAS200709020","20070902",0,"Sunday",136,"F","D","SFN","WAS","WAS10","zitob001","chicm001","wendh902","holbs901","marsr901","davib902","","",27310,"","","","","",1,1,79,1,5,0,0,2,140,9,1,2,6,4,1,0,5,3,"cordc001","wilsb001","","","davir003",8,"vizqo001",6,"winnr001",9,"felip001",5,"aurir001",3,"ortmd001",7,"rodrg001",2,"frank001",4,"zitob001",1,"logan001",8,"lopef001",6,"zimmr001",5,"yound001",3,"keara001",9,"penaw001",7,"bellr002",4,"schnb001",2,"chicm001",1,"wilsb001","cordc001"
"WAS200709030","20070903",0,"Monday",106,"F","D","FLO","WAS","WAS10","vandr001","bergj001","dimum901","welkb901","diazl901","bellw901","","",27592,"","","","","",1,1,80,2,12,0,0,1,179,9,3,6,7,11,1,1,8,5,"bergj001","vandr001","cordc001","","ramih003",6,"uggld001",4,"hermj001",9,"cabrm001",5,"willj004",7,"jacom001",3,"rossc001",8,"olivm001",2,"vandr001",1,"logan001",8,"lopef001",6,"zimmr001",5,"yound001",3,"keara001",9,"penaw001",7,"bellr002",4,"schnb001",2,"bergj001",1,"seddc001","cordc001"
"WAS200709040","20070904",0,"Tuesday",704,"F","N","FLO","WAS","WAS10","willd003","hills003","welkb901","diazl901","bellw901","dimum901","","",15611,"","","","","",1,1,89,0,0,0,0,1,170,9,3,4,11,10,0,2,7,5,"schrc001","gregk001","","","ramih003",6,"ameza001",4,"hermj001",9,"cabrm001",5,"willj004",7,"jacom001",3,"rossc001",8,"olivm001",2,"willd003",1,"logan001",8,"lopef001",6,"zimmr001",5,"yound001",3,"keara001",9,"penaw001",7,"bellr002",4,"florj002",2,"hills003",1,"gregk001","schrc001"
"WAS200709050","20070905",0,"Wednesday",705,"F","N","FLO","WAS","WAS10","mitrs001","reddt001","diazl901","bellw901","dimum901","welkb901","","",19222,"","","","","",1,1,86,8,9,0,0,1,194,9,4,6,8,11,0,0,7,8,"ayall001","lindm001","cordc001","","ramih003",6,"uggld001",4,"hermj001",9,"cabrm001",5,"willj004",7,"jacom001",3,"rossc001",8,"olivm001",2,"mitrs001",1,"lopef001",6,"bellr002",4,"zimmr001",5,"keara001",9,"churr001",8,"penaw001",7,"schnb001",2,"fickr001",3,"reddt001",1,"millj002","cordc001"
"WAS200709140","20070914",0,"Friday",721,"F","N","ATL","WAS","WAS10","jamec002","chicm001","wolfj901","tscht901","joycj901","nelsj901","","",18568,"","","","","",1,1,74,1,5,2,4,0,313,13,8,5,15,12,1,0,14,15,"ascaj001","coloj001","","","escoy001",4,"rente001",6,"jonec004",5,"teixm001",3,"franj004",9,"jonea002",8,"mccab002",2,"diazm003",7,"jamec002",1,"lopef001",6,"bellr002",4,"zimmr001",5,"yound001",3,"keara001",9,"penaw001",7,"florj002",2,"maxwj002",8,"chicm001",1,"ascaj001","coloj001"
"WAS200709150","20070915",0,"Saturday",706,"F","N","ATL","WAS","WAS10","corml001","bergj001","tscht901","joycj901","nelsj901","wolfj901","","",26866,"","","","","",1,1,66,4,16,0,0,1,171,9,4,7,11,8,2,0,8,4,"bergj001","corml001","cordc001","","johnk003",4,"rente001",6,"jonec004",5,"teixm001",3,"franj004",9,"jonea002",8,"diazm003",7,"millc001",2,"corml001",1,"logan001",8,"jimed001",6,"zimmr001",5,"yound001",3,"keara001",9,"penaw001",7,"bellr002",4,"schnb001",2,"bergj001",1,"ringr001","cordc001"
"WAS200709160","20070916",0,"Sunday",135,"F","D","ATL","WAS","WAS10","hudst001","hills003","joycj901","nelsj901","wolfj901","tscht901","","",23935,"","","","","",1,1,65,5,8,0,0,2,144,9,3,0,8,7,1,0,9,7,"hudst001","hills003","","","johnk003",4,"rente001",6,"jonec004",5,"teixm001",3,"mccab002",2,"franj004",9,"jonea002",8,"joneb005",7,"hudst001",1,"jimed001",4,"lopef001",6,"zimmr001",5,"keara001",9,"churr001",8,"penaw001",7,"fickr001",3,"florj002",2,"hills003",1,"","ayall001"
"WAS200709170","20070917",0,"Monday",705,"F","N","NYN","WAS","WAS10","lawrb001","reddt001","gibsg901","vanol901","fairc901","randt901","","",18678,"","","","","",1,1,69,5,6,0,0,1,193,9,4,12,10,13,4,1,7,8,"albaj001","selea001","","","reyej001",6,"castl001",4,"wrigd002",5,"beltc001",8,"aloum001",7,"grees001",3,"lodup001",2,"milll002",9,"lawrb001",1,"logan001",8,"jimed001",6,"zimmr001",5,"penaw001",7,"keara001",9,"bellr002",4,"fickr001",3,"schnb001",2,"reddt001",1,"smitj002","coloj001"
"WAS200709180","20070918",0,"Tuesday",705,"F","N","NYN","WAS","WAS10","mainj001","hanrj001","vanol901","fairc901","randt901","gibsg901","","",19966,"","","","","",1,1,71,6,10,0,0,1,196,9,8,9,16,13,0,0,10,4,"coloj001","mainj001","cordc001","","reyej001",6,"castl001",4,"wrigd002",5,"beltc001",8,"aloum001",7,"grees001",3,"lodup001",2,"chave002",9,"mainj001",1,"logan001",8,"lopef001",6,"zimmr001",5,"penaw001",7,"keara001",9,"bellr002",4,"fickr001",3,"schnb001",2,"hanrj001",1,"felip002","cordc001"
"WAS200709190","20070919",0,"Wednesday",705,"F","N","NYN","WAS","WAS10","pelfm001","chicm001","fairc901","randt901","gibsg901","vanol901","","",20558,"","","","","",1,1,74,8,6,0,0,0,194,9,8,4,11,12,3,1,5,9,"pelfm001","chicm001","","","reyej001",6,"castl001",4,"wrigd002",5,"beltc001",8,"aloum001",7,"conij001",3,"lodup001",2,"milll002",9,"pelfm001",1,"logan001",8,"lopef001",6,"zimmr001",5,"penaw001",7,"keara001",9,"bellr002",4,"fickr001",3,"florj002",2,"chicm001",1,"wagnb001","abrew001"
"WAS200709200","20070920",0,"Thursday",705,"F","N","PHI","WAS","WAS10","lohsk001","bergj001","mealj901","poncl901","fairc901","darlg901","","",19966,"","","","","",1,1,73,2,7,0,0,0,208,9,7,6,8,8,0,0,8,9,"romej001","albaj001","myerb001","","rollj001",6,"victs001",9,"utlec001",4,"howar001",3,"burrp001",7,"rowaa001",8,"dobbg001",5,"ruizc001",2,"lohsk001",1,"lopef001",6,"bellr002",4,"zimmr001",5,"penaw001",7,"churr001",8,"keara001",9,"fickr001",3,"schnb001",2,"bergj001",1,"myerb001","rives001"
"WAS200709210","20070921",0,"Friday",705,"F","N","PHI","WAS","WAS10","eatoa001","hills003","poncl901","fairc901","darlg901","mealj901","","",26949,"","","","","",1,1,80,8,9,0,0,2,178,9,6,3,10,6,0,1,4,10,"eatoa001","hills003","myerb001","","rollj001",6,"utlec001",4,"burrp001",7,"howar001",3,"rowaa001",8,"dobbg001",5,"wertj001",9,"ruizc001",2,"eatoa001",1,"lopef001",6,"bellr002",4,"zimmr001",5,"penaw001",7,"churr001",8,"keara001",9,"fickr001",3,"schnb001",2,"hills003",1,"myerb001","ayall001"
"WAS200709220","20070922",0,"Saturday",705,"F","N","PHI","WAS","WAS10","kendk001","reddt001","fairc901","darlg901","mealj901","poncl901","","",26412,"","","","","",1,1,81,8,7,0,0,1,235,10,4,1,13,8,2,0,11,9,"myerb001","schrc001","condc001","","rollj001",6,"utlec001",4,"burrp001",7,"howar001",3,"rowaa001",8,"dobbg001",5,"wertj001",9,"costc001",2,"kendk001",1,"logan001",8,"lopef001",6,"zimmr001",5,"keara001",9,"churr001",7,"bellr002",4,"fickr001",3,"schnb001",2,"reddt001",1,"condc001","albaj001"
"WAS200709230","20070923",0,"Sunday",1216,"F","D","PHI","WAS","WAS10","hamec001","hanrj001","darlg901","mealj901","poncl901","fairc901","","",40519,"","","","","",1,1,78,4,11,0,0,1,202,9,3,5,8,8,1,2,13,6,"ayall001","alfoa001","cordc001","","rollj001",6,"utlec001",4,"burrp001",7,"howar001",3,"rowaa001",8,"dobbg001",5,"wertj001",9,"ruizc001",2,"hamec001",1,"jimed001",6,"bellr002",4,"zimmr001",5,"keara001",9,"batit001",3,"florj002",2,"maxwj002",7,"logan001",8,"hanrj001",1,"condc001","cordc001"
