"BAL200904060","20090406",0,"Monday",425,"T","D","NYA","BAL","BAL12","sabac001","guthj001","marsr901","wintm901","barkl901","hoyej901","","",48607,"","","","","",1,1,56,4,3,0,0,3,211,9,5,10,11,14,0,0,11,8,"guthj001","sabac001","","","jeted001",6,"damoj001",7,"teixm001",3,"matsh001",10,"posaj001",2,"canor001",4,"nadyx001",9,"ransc001",5,"gardb001",8,"robeb003",4,"jonea003",8,"markn001",9,"moram002",5,"huffa001",3,"wiggt001",10,"scotl001",7,"zaung001",2,"iztuc001",6,"martd004","sherg001"
"BAL200904080","20090408",0,"Wednesday",706,"T","N","NYA","BAL","BAL12","wangc001","uehak001","barkl901","wintm901","hoyej901","marsr901","","",22856,"","","","","",1,1,54,8,6,0,0,2,177,9,5,7,9,9,0,1,8,6,"uehak001","wangc001","sherg001","","jeted001",6,"damoj001",7,"teixm001",3,"matsh001",10,"posaj001",2,"canor001",4,"nadyx001",9,"ransc001",5,"gardb001",8,"robeb003",4,"jonea003",8,"markn001",9,"huffa001",3,"moram002",5,"scotl001",10,"pie-f001",7,"zaung001",2,"iztuc001",6,"veraj001","sherg001"
"BAL200904090","20090409",0,"Thursday",138,"T","D","NYA","BAL","BAL12","burna001","simoa001","wintm901","hoyej901","marsr901","barkl901","","",28534,"","","","","",1,1,61,3,11,0,0,1,190,9,11,2,13,7,0,1,5,5,"burna001","simoa001","","","jeted001",6,"damoj001",7,"teixm001",3,"nadyx001",10,"canor001",4,"swisn001",9,"ransc001",5,"gardb001",8,"molij001",2,"robeb003",4,"jonea003",8,"markn001",9,"huffa001",3,"wiggt001",5,"scotl001",10,"pie-f001",7,"moelc001",2,"iztuc001",6,"rivem002","ray-c001"
"BAL200904100","20090410",0,"Friday",708,"T","N","TBA","BAL","BAL12","sonna001","hendm001","knigb901","cousd901","joycj901","millb901","","",22866,"","","","","",1,1,65,6,6,0,0,0,169,9,4,5,9,11,0,0,5,8,"hendm001","sonna001","sherg001","","bartj001",6,"crawc002",7,"longe001",5,"penac001",3,"burrp001",10,"kaplg001",8,"navad001",2,"zobrb001",9,"iwama001",4,"robeb003",4,"jonea003",8,"markn001",9,"huffa001",3,"moram002",5,"scotl001",10,"freer001",7,"zaung001",2,"iztuc001",6,"howej003","sherg001"
"BAL200904110","20090411",0,"Saturday",707,"T","N","TBA","BAL","BAL12","niemj001","guthj001","cousd901","joycj901","millb901","knigb901","","",15108,"","","","","",1,1,55,4,8,0,0,0,174,9,0,6,8,9,0,0,9,9,"guthj001","niemj001","","","iwama001",4,"crawc002",7,"longe001",5,"penac001",3,"burrp001",10,"joycm001",8,"navad001",2,"grosg002",9,"bartj001",6,"robeb003",4,"jonea003",8,"markn001",9,"huffa001",3,"moram002",5,"wiggt001",10,"pie-f001",7,"zaung001",2,"iztuc001",6,"nelsj002","ray-c001"
"BAL200904120","20090412",0,"Sunday",137,"T","D","TBA","BAL","BAL12","shiej002","eatoa001","joycj901","millb901","knigb901","cousd901","","",15531,"","","","","",1,1,48,4,11,0,0,1,180,9,11,3,17,6,0,0,8,6,"shiej002","eatoa001","","","iwama001",4,"crawc002",7,"longe001",5,"penac001",3,"burrp001",10,"navad001",2,"zobrb001",8,"grosg002",9,"bartj001",6,"robeb003",4,"jonea003",8,"markn001",9,"huffa001",3,"moram002",5,"scotl001",10,"pie-f001",7,"moelc001",2,"andir001",6,"howej003","sarfd001"
"BAL200904210","20090421",0,"Tuesday",843,"T","N","CHA","BAL","BAL12","contj002","bergb002","barrs901","diazl901","meric901","coope901","","",14801,"","","","","",1,1,57,8,10,0,0,0,161,9,3,10,5,12,1,1,5,8,"bergb002","contj002","","","getzc001",4,"fielj001",5,"quenc001",7,"thomj002",10,"dye-j001",9,"konep001",3,"piera001",2,"ramia003",6,"andeb003",8,"robeb003",4,"montl001",7,"markn001",9,"huffa001",3,"wiggt001",5,"scotl001",10,"zaung001",2,"pie-f001",8,"iztuc001",6,"egbej001","bassb001"
"BAL200904220","20090422",0,"Wednesday",706,"T","N","CHA","BAL","BAL12","dankj001","guthj001","diazl901","meric901","coope901","barrs901","","",10868,"","","","","",1,1,46,2,7,0,0,2,168,9,8,2,12,8,0,2,7,5,"dankj001","guthj001","","","getzc001",4,"fielj001",5,"quenc001",7,"thomj002",10,"dye-j001",9,"konep001",3,"piera001",2,"ramia003",6,"andeb003",8,"robeb003",4,"jonea003",8,"markn001",9,"huffa001",3,"wiggt001",5,"scotl001",10,"montl001",7,"zaung001",2,"iztuc001",6,"thorm001","bassb001"
"BAL200904230","20090423",0,"Thursday",707,"T","N","CHA","BAL","BAL12","colob001","eatoa001","meric901","coope901","barrs901","diazl901","","",11723,"","","","","",1,1,57,2,14,0,0,1,151,9,2,6,7,10,2,0,6,10,"eatoa001","colob001","","","getzc001",4,"fielj001",5,"quenc001",7,"thomj002",10,"dye-j001",9,"konep001",3,"piera001",2,"ramia003",6,"andeb003",8,"robeb003",4,"jonea003",8,"markn001",9,"huffa001",3,"wiggt001",5,"scotl001",10,"moelc001",2,"pie-f001",7,"iztuc001",6,"jenkb001","sherg001"
"BAL200904240","20090424",0,"Friday",706,"T","N","TEX","BAL","BAL12","padiv001","uehak001","nauep901","westj901","rapue901","schrp901","","",24319,"","","","","",1,1,67,1,7,0,0,2,178,9,5,4,12,8,0,0,7,9,"wilsc004","sherg001","franf001","","kinsi001",4,"younm003",5,"hamij003",8,"blalh001",10,"byrdm001",7,"cruzn002",9,"davic003",3,"saltj001",2,"andre001",6,"robeb003",4,"jonea003",8,"markn001",9,"huffa001",3,"wiggt001",5,"scotl001",10,"zaung001",2,"pie-f001",7,"iztuc001",6,"franf001","sherg001"
"BAL200904250","20090425",0,"Saturday",706,"T","N","TEX","BAL","BAL12","felds001","hendm001","westj901","rapue901","schrp901","nauep901","","",41160,"","","","","",1,1,83,8,7,0,0,1,167,9,6,5,10,8,2,1,6,8,"felds001","hendm001","franf001","","kinsi001",4,"younm003",5,"hamij003",8,"jonea002",10,"byrdm001",7,"cruzn002",9,"davic003",3,"saltj001",2,"andre001",6,"robeb003",4,"jonea003",8,"markn001",9,"huffa001",3,"wiggt001",5,"scotl001",10,"zaung001",2,"pie-f001",7,"iztuc001",6,"franf001","albem001"
"BAL200904260","20090426",0,"Sunday",136,"T","D","TEX","BAL","BAL12","mccab001","bergb002","rapue901","schrp901","nauep901","westj901","","",22896,"","","","","",1,1,88,5,9,0,0,1,162,9,5,8,11,14,1,2,9,8,"baezd001","jennj001","sherg001","","kinsi001",4,"murpd005",7,"younm003",5,"blalh001",10,"byrdm001",8,"cruzn002",9,"davic003",3,"saltj001",2,"andre001",6,"robeb003",4,"jonea003",8,"markn001",9,"huffa001",3,"wiggt001",5,"scotl001",10,"moelc001",2,"pie-f001",7,"iztuc001",6,"guare001","sherg001"
"BAL200904270","20090427",0,"Monday",706,"T","N","TEX","BAL","BAL12","harrm001","guthj001","welkt901","herna901","welkb901","reynj901","","",10621,"","","","","",1,1,89,2,14,0,0,1,169,9,6,4,10,8,0,0,7,5,"harrm001","albem001","franf001","","kinsi001",4,"murpd005",9,"younm003",5,"jonea002",7,"blalh001",10,"byrdm001",8,"davic003",3,"teagt001",2,"vizqo001",6,"robeb003",4,"jonea003",8,"markn001",9,"huffa001",3,"wiggt001",5,"scotl001",10,"montl001",7,"zaung001",2,"andir001",6,"franf001","ray-c001"
"BAL200904280","20090428",0,"Tuesday",707,"T","N","ANA","BAL","BAL12","saunj001","eatoa001","herna901","welkb901","reynj901","welkt901","","",11857,"","","","","",1,1,82,4,10,0,0,1,177,9,7,5,11,12,2,1,7,9,"saunj001","eatoa001","fuenb001","","figgc001",5,"iztum001",10,"abreb001",9,"huntt001",8,"morak001",3,"napom001",2,"kendh001",4,"rivej001",7,"aybae001",6,"robeb003",4,"jonea003",8,"markn001",9,"huffa001",3,"moram002",5,"wiggt001",10,"montl001",7,"zaung001",2,"iztuc001",6,"fuenb001","bassb001"
"BAL200904290","20090429",0,"Wednesday",1236,"T","D","ANA","BAL","BAL12","louxs001","uehak001","welkb901","reynj901","welkt901","herna901","","",14203,"","","","","",1,1,54,4,8,0,0,0,176,9,3,2,10,7,1,0,7,6,"louxs001","uehak001","fuenb001","","figgc001",5,"iztum001",6,"abreb001",9,"huntt001",10,"morak001",3,"kendh001",4,"mattg002",8,"rivej001",7,"mathj001",2,"robeb003",4,"jonea003",8,"markn001",9,"huffa001",3,"scotl001",10,"wiggt001",5,"moelc001",2,"pie-f001",7,"iztuc001",6,"fuenb001","sherg001"
"BAL200905060","20090506",0,"Wednesday",747,"T","N","MIN","BAL","BAL12","slowk001","hendm001","knigb901","marsr901","wintm901","barkl901","","",10566,"","","","","",1,1,56,4,3,0,0,0,87,6,1,4,5,8,0,0,4,3,"bassb001","slowk001","","","spand001",7,"tolbm001",4,"harrb001",5,"mornj001",3,"cuddm001",9,"yound003",10,"gomec002",8,"redmm001",2,"puntn001",6,"robeb003",4,"jonea003",8,"markn001",9,"huffa001",3,"moram002",5,"scotl001",10,"zaung001",2,"pie-f001",7,"iztuc001",6,"bresc001","bassb001"
"BAL200905070","20090507",0,"Thursday",705,"T","N","MIN","BAL","BAL12","perkg001","bergb002","marsr901","wintm901","barkl901","knigb901","","",11399,"","","","","",1,1,70,3,5,0,0,2,167,9,4,5,14,9,0,1,9,5,"johnj010","mijaj001","sherg001","","spand001",8,"tolbm001",4,"mauej001",2,"mornj001",3,"kubej002",10,"credj001",5,"cuddm001",9,"yound003",7,"puntn001",6,"robeb003",4,"jonea003",8,"markn001",9,"moram002",5,"huffa001",10,"wiggt001",3,"montl001",7,"zaung001",2,"iztuc001",6,"mijaj001","sherg001"
"BAL200905080","20090508",0,"Friday",705,"T","N","NYA","BAL","BAL12","sabac001","guthj001","davib902","nelsj901","carlm901","tscht901","","",36926,"","","","","",1,1,73,4,10,0,0,0,152,9,4,0,9,4,0,0,7,4,"sabac001","guthj001","","","jeted001",6,"damoj001",7,"teixm001",3,"rodra001",5,"matsh001",10,"swisn001",9,"canor001",4,"cabrm002",8,"cervf001",2,"robeb003",4,"jonea003",8,"markn001",9,"moram002",5,"huffa001",3,"wiggt001",10,"montl001",7,"moelc001",2,"iztuc001",6,"","ray-c001"
"BAL200905090","20090509",0,"Saturday",707,"T","N","NYA","BAL","BAL12","hughp001","eatoa001","nelsj901","carlm901","tscht901","davib902","","",41825,"","","","","",1,1,81,3,13,0,0,0,169,9,5,12,6,16,1,0,4,6,"eatoa001","hughp001","","","jeted001",6,"damoj001",7,"teixm001",3,"rodra001",5,"matsh001",10,"swisn001",9,"canor001",4,"cabrm002",8,"cervf001",2,"robeb003",4,"jonea003",8,"markn001",9,"huffa001",3,"moram002",5,"scotl001",10,"montl001",7,"zaung001",2,"iztuc001",6,"tomkb001","johnj010"
"BAL200905100","20090510",0,"Sunday",136,"T","D","NYA","BAL","BAL12","chamj002","uehak001","carlm901","tscht901","davib902","nelsj901","","",33290,"","","","","",1,1,70,3,17,0,0,2,186,9,5,3,11,10,0,0,6,7,"chamj002","johnj010","rivem002","","jeted001",6,"damoj001",7,"teixm001",3,"rodra001",5,"matsh001",10,"swisn001",9,"canor001",4,"cabrm002",8,"cervf001",2,"robeb003",4,"jonea003",8,"markn001",9,"huffa001",3,"moram002",5,"scotl001",10,"zaung001",2,"pie-f001",7,"andir001",6,"rivem002","sherg001"
"BAL200905120","20090512",0,"Tuesday",707,"T","N","TBA","BAL","BAL12","sonna001","hendm001","ticht901","hallt901","crawj901","cuzzp901","","",17122,"","","","","",1,1,64,5,5,0,0,1,181,9,5,7,11,11,0,1,9,5,"bassb001","sonna001","sherg001","","uptob001",8,"crawc002",7,"longe001",5,"penac001",3,"aybaw001",10,"zobrb001",4,"bartj001",6,"kaplg001",9,"navad001",2,"robeb003",4,"jonea003",8,"markn001",9,"huffa001",3,"moram002",5,"montl001",10,"zaung001",2,"pie-f001",7,"iztuc001",6,"wheed001","sherg001"
"BAL200905130","20090513",0,"Wednesday",707,"T","N","TBA","BAL","BAL12","niemj001","bergb002","hallt901","crawj901","cuzzp901","ticht901","","",13237,"","","","","",1,1,66,8,11,0,0,1,206,9,8,6,15,15,0,0,13,10,"niemj001","bergb002","howej003","","uptob001",8,"crawc002",7,"longe001",5,"penac001",3,"aybaw001",10,"grosg002",9,"iwama001",4,"bartj001",6,"navad001",2,"robeb003",4,"jonea003",8,"markn001",9,"huffa001",3,"moram002",5,"montl001",7,"wiggt001",10,"moelc001",2,"iztuc001",6,"howej003","mccrb001"
"BAL200905250","20090525",0,"Monday",139,"T","D","TOR","BAL","BAL12","tallb001","guthj001","timmt901","kellj901","drakr901","wegnm901","","",24904,"","","","","",1,1,82,8,8,0,0,0,171,9,1,4,9,9,0,0,9,9,"guthj001","tallb001","sherg001","","scutm001",6,"hilla001",4,"riosa002",9,"wellv001",8,"linda001",10,"roles001",5,"overl001",3,"barar001",2,"bautj002",7,"robeb003",4,"jonea003",8,"markn001",9,"moram002",5,"huffa001",3,"wiggt001",10,"reimn001",7,"zaung001",2,"iztuc001",6,"wolfb001","sherg001"
"BAL200905260","20090526",0,"Tuesday",706,"T","N","TOR","BAL","BAL12","romer002","berkj001","kellj901","drakr901","wegnm901","timmt901","","",10130,"","","","","",1,1,54,6,11,2,2,0,166,9,2,7,9,14,0,0,10,7,"berkj001","romer002","johnj010","","scutm001",6,"hilla001",4,"linda001",7,"wellv001",8,"millk005",10,"roles001",5,"overl001",3,"barar001",2,"inglj001",9,"robeb003",4,"jonea003",8,"markn001",9,"moram002",5,"huffa001",3,"wiggt001",10,"reimn001",7,"zaung001",2,"iztuc001",6,"downs001","johnj010"
"BAL200905270","20090527",0,"Wednesday",137,"T","D","TOR","BAL","BAL12","hallr001","hillr001","drakr901","wegnm901","timmt901","kellj901","","",13713,"","","","","",1,1,67,6,2,0,0,0,222,11,10,12,12,18,0,1,7,9,"baezd001","wolfb001","","","scutm001",6,"hilla001",4,"riosa002",9,"wellv001",8,"linda001",10,"roles001",5,"millk005",3,"barar001",2,"bautj002",7,"robeb003",4,"jonea003",8,"markn001",9,"huffa001",3,"moram002",5,"scotl001",10,"pie-f001",7,"moelc001",2,"andir001",6,"wolfb001","baezd001"
"BAL200905280","20090528",0,"Thursday",706,"T","N","DET","BAL","BAL12","galaa002","hernd002","johna901","vanol901","iassd901","holbs901","","",11937,"","","","","",1,1,73,4,6,2,2,0,166,9,1,5,5,11,0,2,10,5,"hernd002","galaa002","","","thomc002",7,"polap001",4,"ordom001",9,"cabrm001",3,"granc001",8,"ingeb001",5,"larij001",10,"lairg001",2,"santr002",6,"robeb003",4,"jonea003",8,"markn001",9,"huffa001",3,"moram002",5,"scotl001",10,"reimn001",7,"zaung001",2,"iztuc001",6,"perrr001","sherg001"
"BAL200905290","20090529",0,"Friday",731,"T","N","DET","BAL","BAL12","willd003","bergb002","vanol901","iassd901","holbs901","johna901","","",42704,"","","","","",1,1,68,4,2,0,0,0,132,9,2,7,7,11,0,0,4,6,"bergb002","willd003","","","andej004",7,"polap001",4,"ordom001",10,"cabrm001",3,"granc001",8,"ingeb001",5,"thomc002",9,"lairg001",2,"evera001",6,"robeb003",4,"jonea003",8,"markn001",9,"huffa001",3,"moram002",5,"scotl001",10,"wietm001",2,"reimn001",7,"iztuc001",6,"roben001","johnj010"
"BAL200905300","20090530",0,"Saturday",706,"T","N","DET","BAL","BAL12","verlj001","guthj001","iassd901","holbs901","johna901","vanol901","","",34567,"","","","","",1,1,75,4,14,0,0,2,175,9,6,3,12,11,0,1,8,9,"verlj001","albem001","rodnf001","","thomc002",9,"polap001",4,"ordom001",10,"cabrm001",3,"granc001",8,"ingeb001",5,"rabur001",7,"evera001",6,"sardd001",2,"robeb003",4,"jonea003",8,"markn001",9,"huffa001",3,"moram002",5,"scotl001",10,"wietm001",2,"reimn001",7,"iztuc001",6,"rodnf001","bassb001"
"BAL200905310","20090531",0,"Sunday",136,"T","D","DET","BAL","BAL12","jacke001","berkj001","holbs901","johna901","vanol901","iassd901","","",32233,"","","","","",1,1,76,3,7,0,0,2,141,9,3,0,6,2,0,0,8,3,"jacke001","berkj001","rodnf001","","thomc002",9,"santr002",4,"ordom001",10,"granc001",8,"larij001",3,"ingeb001",5,"andej004",7,"lairg001",2,"evera001",6,"robeb003",4,"jonea003",8,"markn001",9,"huffa001",3,"wiggt001",5,"scotl001",7,"wietm001",10,"zaung001",2,"andir001",6,"rodnf001","hendm001"
"BAL200906090","20090609",0,"Tuesday",722,"T","N","SEA","BAL","BAL12","vargj001","bergb002","cedeg901","wolfj901","onorb901","culbf901","","",17358,"","","","","",1,1,65,2,3,2,2,0,139,9,1,3,7,9,1,0,5,6,"bergb002","vargj001","sherg001","","suzui001",9,"branr001",3,"belta001",5,"grifk002",10,"lopej003",4,"chave002",7,"ceder002",6,"burkj003",2,"gutif001",8,"robeb003",4,"markn001",9,"jonea003",8,"huffa001",3,"moram002",5,"scotl001",10,"reimn001",7,"wietm001",2,"andir001",6,"morrb001","sherg001"
"BAL200906100","20090610",0,"Wednesday",707,"T","N","SEA","BAL","BAL12","hernf002","guthj001","wolfj901","onorb901","culbf901","cedeg901","","",12770,"","","","","",1,1,77,1,4,0,0,3,145,9,4,1,7,7,0,1,5,7,"hernf002","guthj001","aardd001","","suzui001",9,"branr001",3,"belta001",5,"grifk002",10,"lopej003",4,"betay001",6,"chave002",7,"burkj003",2,"gutif001",8,"robeb003",4,"jonea003",8,"markn001",9,"huffa001",3,"moram002",5,"scotl001",10,"reimn001",7,"wietm001",2,"andir001",6,"aardd001","albem001"
"BAL200906110","20090611",0,"Thursday",706,"T","N","SEA","BAL","BAL12","olsog003","uehak001","onorb901","culbf901","cedeg901","wolfj901","","",12260,"","","","","",1,1,71,8,5,0,0,0,173,9,6,3,12,7,0,0,9,7,"olsog003","uehak001","aardd001","","suzui001",9,"branr001",3,"belta001",5,"grifk002",10,"lopej003",4,"betay001",6,"balew001",7,"quirg001",2,"chave002",8,"robeb003",4,"markn001",9,"jonea003",8,"scotl001",10,"moram002",5,"reimn001",7,"wiggt001",3,"zaung001",2,"andir001",6,"aardd001","casta002"
"BAL200906120","20090612",0,"Friday",705,"T","N","ATL","BAL","BAL12","hanst001","berkj001","reilm901","meric901","diazl901","coope901","","",28469,"","","","","",1,1,82,8,2,0,0,2,195,9,7,2,12,12,1,0,10,13,"hanst001","berkj001","","","mclon001",8,"escoy001",6,"jonec004",10,"mccab002",2,"andeg001",7,"canib001",3,"franj004",9,"johnk003",4,"pradm001",5,"robeb003",4,"jonea003",8,"markn001",9,"huffa001",10,"moram002",5,"scotl001",7,"salao001",3,"wietm001",2,"andir001",6,"gonzm001","hendm001"
"BAL200906130","20090613",0,"Saturday",706,"T","N","ATL","BAL","BAL12","kawak001","hillr001","meric901","diazl901","coope901","reilm901","","",29645,"","","","","",1,1,79,1,5,0,0,0,187,9,4,8,9,14,1,0,8,12,"bassb001","oflae001","","","mclon001",8,"escoy001",6,"jonec004",5,"mccab002",2,"canib001",3,"pradm001",10,"diazm003",7,"franj004",9,"johnk003",4,"robeb003",4,"jonea003",8,"markn001",9,"huffa001",3,"moram002",5,"scotl001",10,"reimn001",7,"wietm001",2,"andir001",6,"acosm001","sherg001"
"BAL200906140","20090614",0,"Sunday",136,"T","D","ATL","BAL","BAL12","lowed001","bergb002","diazl901","coope901","reilm901","meric901","","",26770,"","","","","",1,1,76,5,4,0,0,1,162,9,2,11,5,15,0,2,5,12,"bergb002","lowed001","","","mclon001",8,"escoy001",6,"jonec004",10,"mccab002",2,"andeg001",7,"canib001",3,"pradm001",5,"franj004",9,"johnk003",4,"robeb003",4,"reimn001",7,"markn001",9,"huffa001",3,"wiggt001",5,"scotl001",10,"zaung001",2,"pie-f001",8,"andir001",6,"acosm001",""
"BAL200906160","20090616",0,"Tuesday",706,"T","N","NYN","BAL","BAL12","pelfm001","guthj001","kellj901","timmt901","wegnm901","drakr901","","",20626,"","","","","",1,1,68,6,4,0,0,0,180,9,6,4,11,7,0,3,8,7,"pelfm001","guthj001","rodrf003","","coraa001",6,"martf002",7,"beltc001",8,"wrigd002",5,"churr001",9,"shefg001",10,"murpd006",3,"schnb001",2,"castl001",4,"robeb003",4,"jonea003",8,"markn001",9,"huffa001",3,"moram002",5,"scotl001",10,"reimn001",7,"wietm001",2,"andir001",6,"rodrf003","albem001"
"BAL200906170","20090617",0,"Wednesday",706,"T","N","NYN","BAL","BAL12","reddt001","uehak001","timmt901","wegnm901","drakr901","kellj901","","",31906,"","","","","",1,1,62,4,9,0,0,0,175,9,4,6,12,11,0,0,9,8,"johnj010","felip002","sherg001","","coraa001",6,"martf002",7,"beltc001",8,"wrigd002",5,"churr001",9,"shefg001",10,"murpd006",3,"schnb001",2,"castl001",4,"robeb003",4,"jonea003",8,"markn001",9,"huffa001",3,"moram002",5,"scotl001",10,"reimn001",7,"wietm001",2,"andir001",6,"stokb001","sherg001"
"BAL200906180","20090618",0,"Thursday",706,"T","N","NYN","BAL","BAL12","hernl003","berkj001","wegnm901","drakr901","kellj901","timmt901","","",23009,"","","","","",1,1,77,3,2,0,0,2,173,9,4,5,9,12,0,1,9,10,"albem001","rodrf003","","","coraa001",6,"murpd006",3,"beltc001",8,"wrigd002",5,"shefg001",10,"churr001",9,"santo001",2,"martf002",7,"castl001",4,"robeb003",4,"jonea003",8,"markn001",9,"huffa001",10,"moram002",5,"scotl001",7,"wiggt001",3,"wietm001",2,"andir001",6,"rodrf003","albem001"
"BAL200906260","20090626",0,"Friday",705,"T","N","WAS","BAL","BAL12","detwr001","bergb002","knigb901","eddid901","joycj901","wendh902","","",45024,"","","","","",1,1,87,4,6,0,0,0,179,9,1,11,7,16,2,1,9,8,"bergb002","detwr001","","","guzmc001",6,"johnn001",3,"zimmr001",5,"dunna001",10,"willj004",7,"dukee001",9,"bardj001",2,"harrw001",8,"herna003",4,"robeb003",4,"jonea003",8,"markn001",9,"huffa001",3,"reimn001",7,"scotl001",10,"moram002",5,"wietm001",2,"andir001",6,"coloj001","sherg001"
"BAL200906270","20090627",0,"Saturday",705,"T","N","WAS","BAL","BAL12","marts001","guthj001","eddid901","joycj901","wendh902","knigb901","","",39633,"","","","","",1,1,82,5,10,0,0,2,158,9,3,6,8,10,0,0,6,8,"guthj001","marts001","sherg001","","harrw001",8,"guzmc001",10,"zimmr001",5,"dunna001",3,"willj004",7,"bardj001",2,"bellr002",4,"keara001",9,"gonza005",6,"robeb003",4,"jonea003",8,"markn001",9,"huffa001",3,"reimn001",7,"scotl001",10,"moram002",5,"zaung001",2,"andir001",6,"macdm001","sherg001"
"BAL200906280","20090628",0,"Sunday",136,"T","D","WAS","BAL","BAL12","lannj001","hernd002","joycj901","wendh902","knigb901","eddid901","","",25068,"","","","","",1,1,81,4,11,0,0,0,151,9,5,3,12,7,0,1,7,4,"lannj001","hernd002","macdm001","","harrw001",8,"guzmc001",6,"johnn001",3,"zimmr001",5,"dunna001",10,"willj004",7,"dukee001",9,"herna003",4,"nievw001",2,"jonea003",8,"wiggt001",4,"markn001",9,"huffa001",3,"reimn001",7,"scotl001",10,"salao001",5,"wietm001",2,"andir001",6,"macdm001","baezd001"
"BAL200906290","20090629",0,"Monday",707,"T","N","BOS","BAL","BAL12","lestj001","berkj001","laynj901","randt901","guccc901","wintm901","","",36548,"","","","","",1,1,83,3,9,0,0,1,168,9,4,0,11,6,0,0,10,8,"lestj001","berkj001","papej001","","drewj001",9,"pedrd001",4,"youkk001",5,"bay-j001",7,"ortid001",10,"kotsm001",3,"ellsj001",8,"varij001",2,"green001",6,"robeb003",4,"jonea003",8,"markn001",9,"huffa001",10,"reimn001",7,"wiggt001",3,"moram002",5,"wietm001",2,"andir001",6,"papej001","ray-c001"
"BAL200906300","20090630",0,"Tuesday",706,"T","N","BOS","BAL","BAL12","smolj001","hillr001","randt901","guccc901","wintm901","laynj901","","",31969,"","","","","",1,1,81,3,6,0,0,1,207,9,10,11,16,16,0,1,12,6,"hendm001","saitt001","sherg001","","lugoj001",6,"pedrd001",4,"youkk001",5,"bay-j001",7,"ortid001",10,"varij001",2,"baldr001",9,"ellsj001",8,"bailj001",3,"robeb003",4,"jonea003",8,"markn001",9,"huffa001",3,"reimn001",7,"scotl001",10,"moram002",5,"wietm001",2,"andir001",6,"papej001","sherg001"
"BAL200907010","20090701",0,"Wednesday",136,"T","D","BOS","BAL","BAL12","beckj002","bergb002","guccc901","wintm901","laynj901","randt901","","",29391,"","","","","",1,1,82,1,2,0,0,1,196,11,6,5,10,6,0,1,8,2,"ramir003","baezd001","papej001","","drewj001",9,"pedrd001",4,"youkk001",5,"bay-j001",7,"ortid001",10,"ellsj001",8,"kotsm001",3,"varij001",2,"green001",6,"robeb003",4,"pie-f001",8,"markn001",9,"huffa001",3,"scotl001",10,"reimn001",7,"wiggt001",5,"zaung001",2,"andir001",6,"papej001","baezd001"
"BAL200907100","20090710",0,"Friday",707,"T","N","TOR","BAL","BAL12","cecib001","berkj001","mealj901","dimum901","kulpr901","scotd901","","",30574,"","","","","",1,1,77,4,8,0,0,2,158,9,2,0,6,5,0,0,6,8,"cecib001","berkj001","downs001","","scutm001",6,"hilla001",4,"linda001",10,"roles001",5,"wellv001",8,"overl001",3,"riosa002",9,"delld001",7,"chavr001",2,"robeb003",4,"jonea003",8,"markn001",9,"huffa001",3,"reimn001",7,"scotl001",10,"moram002",5,"wietm001",2,"iztuc001",6,"downs001","mickk001"
"BAL200907110","20090711",0,"Saturday",708,"T","N","TOR","BAL","BAL12","romer002","hillr001","dimum901","kulpr901","scotd901","mealj901","","",28281,"","","","","",1,1,80,2,7,0,0,0,210,12,3,4,12,10,0,1,9,5,"hendm001","carlj001","","","scutm001",6,"hilla001",4,"linda001",10,"roles001",5,"wellv001",8,"riosa002",9,"millk005",3,"barar001",2,"bautj002",7,"robeb003",4,"jonea003",8,"markn001",9,"huffa001",10,"wiggt001",3,"scotl001",7,"moram002",5,"wietm001",2,"andir001",6,"carlj001","hendm001"
"BAL200907120","20090712",0,"Sunday",136,"T","D","TOR","BAL","BAL12","rzepm001","bergb002","kulpr901","scotd901","mealj901","dimum901","","",21621,"","","","","",1,1,84,4,11,0,0,0,164,9,2,4,8,7,1,1,7,5,"bergb002","rzepm001","sherg001","","scutm001",6,"hilla001",4,"linda001",7,"roles001",5,"wellv001",8,"overl001",3,"riosa002",9,"delld001",10,"chavr001",2,"robeb003",4,"jonea003",8,"markn001",9,"salao001",10,"wiggt001",3,"reimn001",7,"moram002",5,"zaung001",2,"iztuc001",6,"accaj001","sherg001"
"BAL200907270","20090727",0,"Monday",707,"T","N","KCA","BAL","BAL12","chenb001","hillr001","hirsj901","fostm901","bellw901","fairc901","","",15169,"","","","","",1,1,87,1,7,0,0,2,175,9,5,3,14,9,0,1,12,8,"tejer001","albem001","sorij001","","bloow001",8,"calla001",4,"butlb003",3,"teahm001",9,"olivm001",10,"penab002",2,"freer001",7,"gorda001",5,"betay001",6,"robeb003",4,"markn001",9,"jonea003",8,"huffa001",3,"reimn001",7,"scotl001",10,"moram002",5,"wietm001",2,"iztuc001",6,"sorij001","merec001"
"BAL200907280","20090728",0,"Tuesday",708,"T","N","KCA","BAL","BAL12","bannb001","berkj001","fostm901","bellw901","fairc901","hirsj901","","",21545,"","","","","",1,1,81,1,5,0,0,2,205,11,4,3,10,11,0,1,7,11,"wrigj001","baezd001","sorij001","","dejed001",7,"bloow001",8,"butlb003",3,"teahm001",9,"calla001",4,"jacom001",10,"penab002",2,"gorda001",5,"betay001",6,"robeb003",4,"jonea003",8,"huffa001",3,"markn001",9,"reimn001",7,"scotl001",10,"moram002",5,"wietm001",2,"iztuc001",6,"sorij001","baezd001"
"BAL200907290","20090729",0,"Wednesday",747,"T","N","KCA","BAL","BAL12","greiz001","tillc001","bellw901","fairc901","hirsj901","fostm901","","",19741,"","","","","",1,1,83,8,14,0,0,0,193,9,3,7,9,10,0,0,5,10,"albem001","tejer001","johnj010","","dejed001",7,"bloow001",9,"butlb003",3,"teahm001",5,"calla001",4,"jacom001",10,"olivm001",2,"maiem001",8,"betay001",6,"robeb003",4,"jonea003",8,"markn001",9,"huffa001",10,"reimn001",7,"wiggt001",3,"moram002",5,"zaung001",2,"iztuc001",6,"mahar001","johnj010"
"BAL200907300","20090730",0,"Thursday",1236,"T","D","KCA","BAL","BAL12","hochl001","bergb002","fairc901","hirsj901","fostm901","bellw901","","",19194,"","","","","",1,1,80,4,5,0,0,2,146,9,3,7,10,12,0,0,9,5,"bergb002","hochl001","","","dejed001",7,"maiem001",8,"butlb003",3,"jacom001",10,"calla001",4,"buckj001",2,"gorda001",5,"freer001",9,"betay001",6,"robeb003",4,"pie-f001",7,"jonea003",8,"markn001",9,"huffa001",3,"wiggt001",5,"scotl001",10,"wietm001",2,"iztuc001",6,"mahar001","hendm001"
"BAL200907310","20090731",0,"Friday",706,"T","N","BOS","BAL","BAL12","smolj001","guthj001","knigb901","kellj901","wendh902","eddid901","","",44091,"","","","","",1,1,75,2,2,0,0,2,164,9,6,5,11,9,2,0,4,6,"smolj001","guthj001","papej001","","ellsj001",8,"pedrd001",4,"youkk001",3,"ortid001",10,"bay-j001",7,"lowem001",5,"varij001",2,"baldr001",9,"green001",6,"robeb003",4,"reimn001",7,"jonea003",8,"markn001",9,"huffa001",3,"wiggt001",5,"scotl001",10,"wietm001",2,"iztuc001",6,"papej001","merec001"
"BAL200908010","20090801",0,"Saturday",711,"T","N","BOS","BAL","BAL12","beckj002","hernd002","kellj901","wendh902","eddid901","knigb901","","",49384,"","","","","",1,1,83,1,9,0,0,0,200,9,4,0,13,8,0,0,15,7,"beckj002","hernd002","","","ellsj001",8,"pedrd001",4,"martv001",3,"youkk001",5,"ortid001",10,"bay-j001",7,"varij001",2,"reddj001",9,"lowrj001",6,"robeb003",4,"jonea003",8,"markn001",9,"huffa001",3,"reimn001",7,"scotl001",10,"moram002",5,"wietm001",2,"iztuc001",6,"bardd001","baezd001"
"BAL200908020","20090802",0,"Sunday",136,"T","D","BOS","BAL","BAL12","buchc001","berkj001","wendh902","eddid901","knigb901","kellj901","","",43115,"","","","","",1,1,79,4,4,0,0,0,226,9,18,10,23,15,0,1,10,8,"delcm001","berkj001","","","ellsj001",8,"pedrd001",4,"martv001",2,"youkk001",3,"ortid001",10,"drewj001",9,"lowem001",5,"reddj001",7,"lowrj001",6,"robeb003",4,"pie-f001",7,"jonea003",8,"markn001",9,"huffa001",3,"wiggt001",5,"scotl001",10,"zaung001",2,"andir001",6,"saitt001","johnj010"
"BAL200908100","20090810",0,"Monday",705,"T","N","OAK","BAL","BAL12","gonzg003","guthj001","fleta901","gibsg901","barrt901","mcclt901","","",14688,"","","","","",1,1,93,4,7,0,0,2,156,9,9,1,16,9,0,0,9,8,"gonzg003","guthj001","","","kenna001",5,"davir003",8,"hairs001",7,"custj001",10,"suzuk001",2,"evert001",3,"sweer001",9,"ellim001",4,"pennc001",6,"robeb003",4,"reimn001",7,"jonea003",8,"markn001",9,"wiggt001",3,"scotl001",10,"moram002",5,"wietm001",2,"iztuc001",6,"grayj002","merec001"
"BAL200908110","20090811",0,"Tuesday",706,"T","N","OAK","BAL","BAL12","cahit001","hernd002","gibsg901","barrt901","mcclt901","fleta901","","",23006,"","","","","",1,1,89,8,9,0,0,2,143,9,2,3,7,8,0,1,7,3,"hernd002","cahit001","johnj010","","kenna001",5,"davir003",8,"hairs001",7,"custj001",10,"suzuk001",2,"evert001",3,"sweer001",9,"ellim001",4,"pennc001",6,"robeb003",4,"jonea003",8,"markn001",9,"huffa001",3,"reimn001",7,"scotl001",10,"moram002",5,"moelc001",2,"iztuc001",6,"marsj001","johnj010"
"BAL200908120","20090812",0,"Wednesday",135,"T","D","OAK","BAL","BAL12","mazzv001","berkj001","barrt901","mcclt901","fleta901","gibsg901","","",19128,"","","","","",1,1,82,8,5,0,0,0,156,9,6,3,13,9,1,1,8,7,"mazzv001","berkj001","baila001","","kenna001",5,"davir003",8,"hairs001",10,"custj001",9,"evert001",3,"sweer001",7,"ellim001",4,"powel001",2,"pennc001",6,"robeb003",4,"pie-f001",7,"markn001",9,"huffa001",3,"jonea003",8,"scotl001",10,"wietm001",2,"wiggt001",5,"iztuc001",6,"baila001","merec001"
"BAL200908140","20090814",0,"Friday",707,"T","N","ANA","BAL","BAL12","weavj003","tillc001","estam901","vanol901","iassd901","holbs901","","",25836,"","","","","",1,1,84,4,6,0,0,2,189,9,6,16,12,19,0,1,5,8,"tillc001","weavj003","","","figgc001",5,"iztum001",4,"abreb001",9,"guerv001",10,"rivej001",7,"morak001",3,"aybae001",6,"napom001",2,"mattg002",8,"robeb003",4,"jonea003",8,"markn001",9,"huffa001",3,"reimn001",10,"wietm001",2,"moram002",5,"pie-f001",7,"iztuc001",6,"arrej001","ray-c001"
"BAL200908150","20090815",0,"Saturday",706,"T","N","ANA","BAL","BAL12","lackj001","matub001","vanol901","iassd901","holbs901","estam901","","",28770,"","","","","",1,1,84,1,4,0,0,2,171,9,5,1,12,9,0,1,10,10,"lackj001","matub001","fuenb001","","figgc001",5,"aybae001",6,"abreb001",9,"guerv001",10,"rivej001",7,"kendh001",4,"quinr002",3,"mattg002",8,"mathj001",2,"robeb003",4,"jonea003",8,"markn001",9,"huffa001",3,"reimn001",10,"wietm001",2,"moram002",5,"pie-f001",7,"iztuc001",6,"fuenb001","johnj010"
"BAL200908160","20090816",0,"Sunday",136,"T","D","ANA","BAL","BAL12","osuls001","guthj001","iassd901","holbs901","estam901","vanol901","","",26529,"","","","","",1,1,92,1,9,0,0,2,268,13,17,8,23,14,0,1,12,8,"bulgj001","bassb001","","","figgc001",5,"iztum001",4,"abreb001",9,"rivej001",7,"morak001",3,"huntt001",8,"aybae001",6,"napom001",2,"kendh001",10,"robeb003",4,"jonea003",8,"markn001",9,"huffa001",3,"reimn001",7,"scotl001",10,"wiggt001",5,"moelc001",2,"andir001",6,"bulgj001","albem001"
"BAL200908170","20090817",0,"Monday",705,"T","N","ANA","BAL","BAL12","sante001","hernd002","holbs901","estam901","vanol901","iassd901","","",18460,"","","","","",1,1,88,4,8,0,0,2,176,9,8,5,9,9,0,0,4,5,"sante001","hernd002","fuenb001","","figgc001",5,"iztum001",4,"abreb001",9,"guerv001",10,"rivej001",7,"morak001",3,"aybae001",6,"mattg002",8,"mathj001",2,"robeb003",4,"iztuc001",6,"jonea003",8,"markn001",9,"scotl001",3,"wietm001",2,"moram002",5,"wiggt001",10,"pie-f001",7,"fuenb001","bassb001"
"BAL200908270","20090827",0,"Thursday",707,"T","N","CLE","BAL","BAL12","laffa001","hernd002","causk901","tscht901","davib902","hoyej901","","",13991,"","","","","",1,1,84,8,6,0,0,0,188,9,5,4,10,10,2,1,6,9,"perer002","johnj010","woodk002","","sizeg001",8,"carrj001",5,"cabra002",6,"choos001",9,"hafnt001",10,"valbl001",4,"shopk001",2,"lapom001",7,"marta004",3,"iztuc001",6,"pie-f001",8,"reimn001",7,"markn001",9,"moram002",5,"scotl001",10,"wiggt001",3,"wietm001",2,"andir001",4,"woodk002","johnj010"
"BAL200908280","20090828",0,"Friday",801,"T","N","CLE","BAL","BAL12","carmf001","berkj001","tscht901","davib902","campa902","nelsj901","","",13961,"","","","","",1,1,74,1,8,0,0,0,186,9,4,13,12,15,0,0,13,7,"berkj001","carmf001","","","sizeg001",8,"cabra002",6,"choos001",9,"peraj001",5,"hafnt001",10,"valbl001",4,"lapom001",7,"marta004",3,"torew001",2,"robeb003",4,"pie-f001",8,"reimn001",7,"markn001",9,"moram002",5,"scotl001",3,"wietm001",2,"wiggt001",10,"iztuc001",6,"sippt001","mickk001"
"BAL200908290","20090829",0,"Saturday",711,"T","N","CLE","BAL","BAL12","sowej001","tillc001","davib902","campa902","(none)","tscht901","","",24358,"","","","","",1,1,85,2,3,0,0,0,184,9,5,3,13,9,0,0,7,5,"perer002","ray-c001","perec002","","sizeg001",8,"cabra002",6,"choos001",10,"peraj001",5,"valbl001",4,"lapom001",7,"marta004",3,"shopk001",2,"gimec001",9,"robeb003",4,"iztuc001",6,"jonea003",8,"markn001",9,"reimn001",7,"wietm001",10,"moram002",5,"wiggt001",3,"moelc001",2,"perec002","merec001"
"BAL200908300","20090830",0,"Sunday",135,"T","D","CLE","BAL","BAL12","mastj001","matub001","campa902","causk901","tscht901","davib902","","",20643,"","","","","",1,1,80,4,10,0,0,2,146,9,2,5,7,8,2,0,6,6,"matub001","mastj001","johnj010","","sizeg001",8,"carrj001",5,"cabra002",6,"choos001",9,"peraj001",10,"lapom001",7,"marta004",3,"valbl001",4,"torew001",2,"robeb003",4,"pie-f001",7,"jonea003",8,"markn001",9,"reimn001",10,"scotl001",3,"wietm001",2,"wiggt001",5,"iztuc001",6,"toddj001","johnj010"
"BAL200908310","20090831",0,"Monday",705,"T","N","NYA","BAL","BAL12","petta001","guthj001","hudsm901","herna901","marsr901","barkl901","","",25063,"","","","","",1,1,67,4,7,0,0,1,166,9,5,1,10,3,1,1,7,4,"petta001","guthj001","rivem002","","jeted001",6,"damoj001",7,"teixm001",3,"matsh001",10,"posaj001",2,"canor001",4,"swisn001",9,"hairj002",5,"cabrm002",8,"robeb003",4,"iztuc001",6,"jonea003",8,"markn001",9,"reimn001",7,"moram002",5,"scotl001",10,"wietm001",2,"wiggt001",3,"rivem002","bassb001"
"BAL200909010","20090901",0,"Tuesday",705,"T","N","NYA","BAL","BAL12","burna001","hernd002","herna901","marsr901","barkl901","hudsm901","","",25782,"","","","","",1,1,73,6,5,0,0,1,221,9,9,6,12,13,1,1,12,9,"martd004","ray-c001","rivem002","","jeted001",6,"damoj001",10,"teixm001",3,"rodra001",5,"posaj001",2,"canor001",4,"swisn001",7,"hinse001",9,"cabrm002",8,"robeb003",4,"pie-f001",7,"jonea003",8,"markn001",9,"reimn001",10,"scotl001",3,"moram002",5,"wietm001",2,"iztuc001",6,"rivem002","merec001"
"BAL200909020","20090902",0,"Wednesday",706,"T","N","NYA","BAL","BAL12","sabac001","berkj001","marsr901","barkl901","hudsm901","herna901","","",21126,"","","","","",1,1,74,6,1,0,0,1,203,9,10,2,17,8,0,0,11,6,"sabac001","mickk001","hughp001","","jeted001",6,"damoj001",7,"swisn001",3,"rodra001",5,"matsh001",10,"canor001",4,"cabrm002",8,"hinse001",9,"molij001",2,"robeb003",4,"iztuc001",6,"reimn001",7,"markn001",9,"moram002",5,"wietm001",2,"scotl001",10,"wiggt001",3,"pie-f001",8,"hughp001","bassb001"
"BAL200909040","20090904",0,"Friday",707,"T","N","TEX","BAL","BAL12","felds001","tillc001","schrp901","nauep901","westj901","rapue901","","",15557,"","","","","",1,1,78,6,5,0,0,2,167,9,5,1,8,4,1,0,5,5,"felds001","tillc001","felin001","","borbj001",10,"andre001",6,"kinsi001",4,"byrdm001",8,"murpd005",7,"cruzn002",9,"rodri001",2,"davic003",3,"vizqo001",5,"pie-f001",8,"reimn001",7,"robeb003",4,"markn001",9,"scotl001",10,"wietm001",2,"moram002",5,"aubrm001",3,"iztuc001",6,"felin001","albem001"
"BAL200909050","20090905",0,"Saturday",412,"T","D","TEX","BAL","BAL12","millk004","matub001","nauep901","westj901","rapue901","schrp901","","",18028,"","","","","",1,1,82,4,4,0,0,2,156,9,4,5,6,8,1,0,2,6,"matub001","millk004","johnj010","","kinsi001",4,"andre001",6,"byrdm001",8,"cruzn002",9,"murpd005",7,"rodri001",2,"davic003",3,"saltj001",10,"germe001",5,"pie-f001",8,"reimn001",7,"robeb003",4,"markn001",9,"scotl001",10,"wietm001",2,"moram002",5,"wiggt001",3,"iztuc001",6,"eyrew001","johnj010"
"BAL200909060","20090906",0,"Sunday",137,"T","D","TEX","BAL","BAL12","holld003","guthj001","westj901","rapue901","schrp901","nauep901","","",21599,"","","","","",1,1,81,7,10,0,0,0,162,9,0,7,7,11,0,0,9,8,"guthj001","holld003","","","borbj001",7,"andre001",6,"kinsi001",4,"byrdm001",8,"blalh001",10,"cruzn002",9,"davic003",3,"teagt001",2,"vizqo001",5,"robeb003",4,"pie-f001",8,"reimn001",10,"markn001",9,"moram002",5,"wiggt001",3,"fiorj001",7,"moelc001",2,"andir001",6,"mathd001","mickk001"
"BAL200909140","20090914",0,"Monday",706,"T","N","TBA","BAL","BAL12","pricd001","hernd002","scotd901","drakr901","dimum901","kulpr901","","",10628,"","","","","",1,1,77,3,4,0,0,1,182,9,8,4,15,9,1,2,9,7,"pricd001","hernd002","","","bartj001",10,"crawc002",7,"longe001",5,"zobrb001",9,"richc001",3,"zaung001",2,"iwama001",4,"uptob001",8,"brigr001",6,"robeb003",4,"iztuc001",6,"markn001",9,"reimn001",7,"moram002",5,"wietm001",2,"scotl001",10,"wiggt001",3,"fiorj001",8,"howej003","casta002"
"BAL200909150","20090915",0,"Tuesday",706,"T","N","TBA","BAL","BAL12","niemj001","berkj001","drakr901","dimum901","kulpr901","scotd901","","",11575,"","","","","",1,1,75,8,7,0,0,2,175,9,5,10,8,16,0,1,4,10,"berkj001","niemj001","","","bartj001",6,"crawc002",7,"longe001",5,"zobrb001",9,"burrp001",10,"aybaw001",3,"uptob001",8,"navad001",2,"brigr001",4,"pie-f001",8,"fiorj001",7,"robeb003",4,"markn001",9,"moram002",5,"scotl001",10,"wietm001",2,"aubrm001",3,"iztuc001",6,"bradc001","johnj010"
"BAL200909160","20090916",0,"Wednesday",705,"T","N","TBA","BAL","BAL12","sonna001","tillc001","dimum901","kulpr901","scotd901","drakr901","","",10548,"","","","","",1,1,67,6,8,0,0,3,142,9,2,4,7,5,1,0,4,6,"johnj010","sprir001","","","bartj001",6,"crawc002",7,"longe001",5,"zobrb001",9,"burrp001",10,"aybaw001",3,"uptob001",8,"zaung001",2,"iwama001",4,"pie-f001",8,"iztuc001",6,"robeb003",4,"markn001",9,"moram002",5,"scotl001",10,"wietm001",2,"wiggt001",3,"fiorj001",7,"sprir001","johnj010"
"BAL200909170","20090917",0,"Thursday",707,"T","N","TBA","BAL","BAL12","daviw001","hendm001","kulpr901","scotd901","drakr901","dimum901","","",12436,"","","","","",1,1,63,6,4,0,0,0,167,9,3,0,10,4,0,0,12,4,"daviw001","hendm001","","","bartj001",6,"crawc002",7,"longe001",5,"zobrb001",4,"burrp001",10,"aybaw001",3,"kaplg001",9,"navad001",2,"peref001",8,"robeb003",4,"pie-f001",8,"reimn001",7,"markn001",9,"moram002",5,"scotl001",10,"wietm001",2,"aubrm001",3,"andir001",6,"","casta002"
"BAL200909180","20090918",0,"Friday",705,"T","N","BOS","BAL","BAL12","buchc001","guthj001","wendh902","demud901","eddid901","knigb901","","",26812,"","","","","",1,1,77,2,2,0,0,1,170,9,3,1,11,5,0,0,10,7,"buchc001","guthj001","papej001","","ellsj001",8,"pedrd001",4,"martv001",2,"youkk001",5,"ortid001",10,"bay-j001",7,"drewj001",9,"kotcc001",3,"gonza002",6,"pie-f001",8,"iztuc001",6,"robeb003",4,"markn001",9,"moram002",5,"wietm001",2,"scotl001",10,"wiggt001",3,"fiorj001",7,"papej001","merec001"
"BAL200909190","20090919",0,"Saturday",706,"T","N","BOS","BAL","BAL12","lestj001","hernd002","demud901","eddid901","knigb901","wendh902","","",39285,"","","","","",1,1,68,7,6,0,0,1,208,9,11,5,17,12,0,1,11,7,"lestj001","albem001","","","ellsj001",8,"pedrd001",4,"martv001",2,"youkk001",3,"ortid001",10,"drewj001",9,"lowem001",5,"reddj001",7,"gonza002",6,"robeb003",4,"iztuc001",6,"wietm001",10,"markn001",9,"moram002",5,"wiggt001",3,"pie-f001",8,"moelc001",2,"fiorj001",7,"ramir003","lambc001"
"BAL200909200","20090920",0,"Sunday",137,"T","D","BOS","BAL","BAL12","matsd001","berkj001","eddid901","knigb901","wendh902","demud901","","",27546,"","","","","",1,1,73,7,6,0,0,2,174,9,9,3,14,9,0,0,8,8,"matsd001","berkj001","","","ellsj001",8,"pedrd001",4,"martv001",3,"youkk001",5,"bay-j001",7,"drewj001",9,"lowem001",10,"varij001",2,"gonza002",6,"robeb003",4,"pie-f001",8,"wietm001",2,"markn001",9,"scotl001",7,"wiggt001",10,"aubrm001",3,"turnj001",5,"iztuc001",6,"saitt001","johnj010"
"BAL200910020","20091002",0,"Friday",709,"T","N","TOR","BAL","BAL12","purcd001","berkj001","drecb901","hohnb901","ticht901","estam901","","",16921,"","","","","",1,1,65,1,9,0,0,3,167,9,7,13,9,14,0,1,6,5,"berkj001","purcd001","","","bautj002",9,"hilla001",4,"encae001",5,"wellv001",8,"overl001",3,"ruizr001",10,"snidt001",7,"mcdoj003",6,"philk001",2,"robeb003",4,"iztuc001",6,"wietm001",2,"markn001",9,"wiggt001",10,"moram002",5,"aubrm001",3,"montl001",7,"fiorj001",8,"wolfb001","casta002"
"BAL200910030","20091003",0,"Saturday",708,"T","N","TOR","BAL","BAL12","richs001","hendm001","hohnb901","ticht901","estam901","drecb901","","",23254,"","","","","",1,1,73,4,2,0,0,2,156,9,3,6,8,11,0,1,8,8,"hendm001","richs001","johnj010","","bautj002",9,"hilla001",4,"encae001",5,"wellv001",8,"barar001",2,"ruizr001",10,"millk005",3,"mcdoj003",6,"snidt001",7,"robeb003",4,"iztuc001",6,"wietm001",10,"markn001",9,"wiggt001",5,"aubrm001",3,"montl001",7,"fiorj001",8,"rodrg001",2,"leagb001","johnj010"
"BAL200910040","20091004",0,"Sunday",136,"T","D","TOR","BAL","BAL12","romer002","guthj001","ticht901","estam901","drecb901","hohnb901","","",17969,"","","","","",1,1,70,3,14,0,0,1,167,11,4,5,9,8,2,0,7,10,"albem001","leagb001","","","bautj002",9,"hilla001",4,"encae001",5,"wellv001",8,"overl001",3,"barar001",2,"ruizr001",10,"snidt001",7,"mcdoj003",6,"robeb003",4,"andir001",6,"wietm001",2,"markn001",9,"moram002",5,"scotl001",10,"aubrm001",3,"montl001",7,"fiorj001",8,"leagb001","albem001"
