"PIT200104090","20010409",0,"Monday",137,"F","D","CIN","PIT","PIT08","reitc001","ritct001","welkb901","hirsj901","meric901","onorb901","","",36954,"","","","","",1,1,77,1,5,0,0,3,172,9,8,2,12,6,1,0,7,5,"reitc001","ritct001","","","larkb001",6,"tuckm001",8,"yound001",7,"cases001",3,"ochoa001",9,"boona001",5,"castj004",4,"stink001",2,"reitc001",1,"browa001",8,"belld001",9,"kendj001",2,"gileb002",7,"ramia001",5,"younk001",3,"mearp001",4,"wilsj002",6,"ritct001",1,"gravd001","wilkm001"
"PIT200104110","20010411",0,"Wednesday",708,"F","N","CIN","PIT","PIT08","desse001","andej002","hirsj901","meric901","onorb901","welkb901","","",35045,"","","","","",1,1,67,1,3,0,0,3,219,9,5,6,15,10,1,2,12,8,"silvj001","riedj001","willm005","","larkb001",6,"yound001",7,"ochoa001",9,"cases001",3,"boona001",5,"river002",8,"reesp001",4,"laruj001",2,"desse001",1,"browa001",8,"kendj001",2,"vandj001",9,"gileb002",7,"ramia001",5,"younk001",3,"wehnj001",4,"wilsj002",6,"andej002",1,"wohlm001","willm005"
"PIT200104120","20010412",0,"Thursday",706,"F","N","CIN","PIT","PIT08","harnp001","olivo001","meric901","onorb901","welkb901","hirsj901","","",33045,"","","","","",1,1,81,1,2,0,0,1,167,9,11,6,12,7,2,2,6,2,"harnp001","olivo001","","","larkb001",6,"tuckm001",8,"yound001",7,"cases001",3,"ochoa001",9,"boona001",5,"reesp001",4,"stink001",2,"harnp001",1,"belld001",7,"kendj001",2,"vandj001",9,"gileb002",8,"ramia001",5,"younk001",3,"mearp001",4,"wilsj002",6,"olivo001",1,"merch002","silvj001"
"PIT200104160","20010416",0,"Monday",708,"F","N","HOU","PIT","PIT08","millw001","andej002","reilm901","kellj901","buckc901","rungb901","","",20128,"","","","","",1,1,45,4,5,0,0,3,173,9,0,3,8,5,2,1,10,5,"andej002","millw001","willm005","","lugoj001",6,"biggc001",4,"bagwj001",3,"hidar001",8,"wardd002",9,"berkl001",7,"ausmb001",2,"trubc001",5,"millw001",1,"kendj001",2,"browe001",8,"vandj001",3,"gileb002",7,"ramia001",5,"belld001",9,"mearp001",4,"wilsj002",6,"andej002",1,"franw001","willm005"
"PIT200104180","20010418",0,"Wednesday",707,"F","N","HOU","PIT","PIT08","reyns001","olivo001","kellj901","buckc901","rungb901","reilm901","","",20339,"","","","","",1,1,45,4,5,0,0,2,154,9,4,8,6,12,1,0,3,6,"arrob001","reyns001","","","lugoj001",6,"biggc001",4,"bagwj001",3,"berkl001",7,"hidar001",8,"wardd002",9,"ausmb001",2,"trubc001",5,"reyns001",1,"kendj001",2,"browe001",8,"vandj001",9,"gileb002",7,"ramia001",5,"younk001",3,"mearp001",4,"wilsj002",6,"olivo001",1,"jackm001","silvj001"
"PIT200104200","20010420",0,"Friday",708,"F","N","CHN","PIT","PIT08","liebj001","martr002","shulj901","everm901","roe-r901","reynj901","","",31692,"","","","","",1,1,48,2,5,0,0,3,181,9,8,2,7,6,0,2,6,3,"liebj001","martr002","","","youne001",4,"muelb001",5,"whitr001",7,"sosas001",9,"hundt001",2,"gutir001",6,"staim001",3,"mattg002",8,"liebj001",1,"kendj001",2,"belld001",7,"vandj001",9,"gileb002",8,"younk001",3,"wilse001",4,"wehnj001",5,"nunea001",6,"martr002",1,"fassj001","silvj001"
"PIT200104210","20010421",0,"Saturday",136,"F","D","CHN","PIT","PIT08","woodk002","ritct001","everm901","roe-r901","reynj901","shulj901","","",33105,"","","","","",1,1,55,1,2,0,0,3,156,9,4,3,7,9,0,2,5,5,"heref001","willm005","fassj001","","youne001",4,"muelb001",5,"whitr001",7,"sosas001",9,"hundt001",2,"gutir001",6,"staim001",3,"mattg002",8,"woodk002",1,"kendj001",2,"browe001",8,"vandj001",9,"gileb002",7,"ramia001",5,"younk001",3,"mearp001",4,"wilsj002",6,"ritct001",1,"fassj001","willm005"
"PIT200104220","20010422",0,"Sunday",137,"F","D","CHN","PIT","PIT08","tavaj001","andej002","roe-r901","reynj901","shulj901","everm901","","",35676,"","","","","",1,1,73,2,3,0,0,1,184,10,3,4,9,12,2,0,8,14,"willm005","fassj001","","","youne001",4,"muelb001",5,"whitr001",7,"sosas001",9,"zulej001",3,"gutir001",6,"giraj001",2,"bufod001",8,"tavaj001",1,"wilsj002",6,"browe001",8,"vandj001",3,"gileb002",7,"ramia001",5,"belld001",9,"mearp001",4,"osikk001",2,"andej002",1,"fassj001","willm005"
"PIT200105010","20010501",0,"Tuesday",707,"F","N","SFN","PIT","PIT08","ruetk001","martr002","barkl901","kulpr901","bellw901","hirsm901","","",22926,"","","","","",1,1,85,1,3,0,0,1,165,9,11,6,14,7,0,1,10,4,"ruetk001","martr002","","","benam001",8,"aurir001",6,"bondb001",7,"kentj001",4,"snowj001",3,"santb001",2,"riosa001",9,"felip001",5,"ruetk001",1,"kendj001",2,"browe001",8,"gileb002",7,"ramia001",5,"vandj001",3,"wilse001",6,"belld001",9,"mearp001",4,"martr002",1,"zerbc001","willm005"
"PIT200105020","20010502",0,"Wednesday",707,"F","N","SFN","PIT","PIT08","ortir001","ritct001","kulpr901","bellw901","hirsm901","barkl901","","",22880,"","","","","",1,1,75,8,3,0,0,1,193,9,7,6,9,7,1,3,7,9,"ortir001","silvj001","nen-r001","","benam001",8,"aurir001",6,"bondb001",7,"kentj001",4,"snowj001",3,"davir002",5,"riosa001",9,"estab001",2,"ortir001",1,"kendj001",2,"browe001",8,"gileb002",7,"ramia001",5,"vandj001",9,"wilsc003",3,"mearp001",4,"wilsj002",6,"ritct001",1,"nen-r001","mulht001"
"PIT200105030","20010503",0,"Thursday",707,"F","N","SFN","PIT","PIT08","estes001","andej002","bellw901","hirsm901","fostm901","kulpr901","","",23048,"","","","","",1,1,85,1,2,0,0,1,176,9,3,4,9,6,4,0,10,6,"silvj001","estes001","willm005","","dunss001",8,"martr003",4,"bondb001",7,"kentj001",3,"davie001",9,"aurir001",6,"davir002",5,"santb001",2,"estes001",1,"kendj001",2,"browe001",8,"gileb002",7,"ramia001",5,"wilse001",6,"belld001",9,"mearp001",4,"wilsc003",3,"andej002",1,"worrt002","willm005"
"PIT200105040","20010504",0,"Friday",707,"F","N","COL","PIT","PIT08","hampm001","arrob001","mckej901","joycj901","craft901","millb901","","",32653,"","","","","",1,1,83,1,3,0,0,3,169,9,9,3,13,6,3,2,8,6,"hampm001","arrob001","","","walkt002",4,"peren001",6,"walkl001",9,"heltt001",3,"nortg001",5,"hollt001",8,"gantr001",7,"maynb001",2,"hampm001",1,"kendj001",2,"belld001",9,"gileb002",7,"ramia001",5,"vandj001",3,"browe001",8,"mearp001",4,"wilsj002",6,"arrob001",1,"choub001","beimj001"
"PIT200105050","20010505",0,"Saturday",706,"F","N","COL","PIT","PIT08","chacs001","olivo001","joycj901","craft901","millb901","mckej901","","",37596,"","","","","",1,1,77,2,2,0,0,1,163,9,3,11,3,12,1,0,6,7,"olivo001","chacs001","","","pierj002",8,"peren001",6,"walkl001",9,"heltt001",3,"nortg001",5,"gantr001",7,"walkt002",4,"petrb001",2,"chacs001",1,"kendj001",2,"belld001",7,"gileb002",8,"ramia001",5,"vandj001",9,"morrw001",4,"wehnj001",3,"nunea001",6,"olivo001",1,"choub001","beimj001"
"PIT200105060","20010506",0,"Sunday",135,"F","D","COL","PIT","PIT08","neagd001","wengd001","craft901","millb901","mckej901","joycj901","","",34915,"","","","","",1,1,75,5,5,0,0,1,195,11,3,4,12,9,1,0,13,6,"beimj001","whitg001","","","pierj002",8,"peren001",6,"walkl001",9,"heltt001",3,"nortg001",5,"hollt001",7,"shumt001",4,"maynb001",2,"neagd001",1,"kendj001",2,"belld001",9,"gileb002",7,"ramia001",5,"younk001",3,"wilse001",6,"mearp001",4,"browe001",8,"wengd001",1,"jimej001","beimj001"
"PIT200105150","20010515",0,"Tuesday",707,"F","N","SLN","PIT","PIT08","hermd001","olivo001","randt901","monte901","laynj901","schrp901","","",30883,"","","","","",1,1,68,1,1,0,0,1,176,9,8,3,14,9,1,1,9,7,"hermd001","olivo001","","","vinaf001",4,"polap001",6,"edmoj001",8,"pujoa001",5,"drewj001",9,"bonib001",3,"lankr001",7,"mathm001",2,"hermd001",1,"kendj001",2,"vandj001",9,"ramia001",5,"gileb002",7,"younk001",3,"wilse001",6,"browe001",8,"mearp001",4,"olivo001",1,"chrij002","willm005"
"PIT200105160","20010516",0,"Wednesday",706,"F","N","SLN","PIT","PIT08","kiled001","schmj001","monte901","laynj901","schrp901","randt901","","",29128,"","","","","",1,1,62,5,5,0,0,2,152,9,3,0,5,7,1,2,3,7,"kiled001","schmj001","","","paquc001",4,"polap001",6,"edmoj001",8,"pujoa001",5,"drewj001",9,"bonib001",3,"lankr001",7,"mathm001",2,"kiled001",1,"browe001",8,"kendj001",2,"gileb002",7,"ramia001",5,"vandj001",9,"younk001",3,"wilse001",6,"mearp001",4,"schmj001",1,"","beimj001"
"PIT200105170","20010517",0,"Thursday",708,"F","N","SLN","PIT","PIT08","morrm001","ritct001","laynj901","schrp901","randt901","monte901","","",29835,"","","","","",1,1,70,4,4,0,0,3,153,9,12,2,13,8,1,4,6,7,"morrm001","ritct001","","","vinaf001",4,"polap001",5,"edmoj001",8,"pujoa001",3,"drewj001",9,"lankr001",7,"rente001",6,"marre001",2,"morrm001",1,"browe001",8,"kendj001",2,"gileb002",7,"ramia001",5,"vandj001",9,"wilse001",6,"wilsc003",3,"mearp001",4,"ritct001",1,"vered001","silvj001"
"PIT200105190","20010519",0,"Saturday",707,"F","N","MIL","PIT","PIT08","sheeb001","andej002","morrd901","marsr901","iassd901","wendh902","","",37857,"","","","","",1,1,73,2,5,0,0,1,166,9,1,6,5,9,1,1,7,12,"andej002","sheeb001","","","bellr002",4,"lorem001",5,"jenkg001",7,"sexsr001",3,"burnj001",9,"hammj001",8,"hernj001",6,"casar001",2,"sheeb001",1,"nunea001",6,"kendj001",2,"gileb002",7,"ramia001",5,"vandj001",9,"younk001",3,"mackr001",4,"browe001",8,"andej002",1,"kingr001","willm005"
"PIT200105200","20010520",0,"Sunday",135,"F","D","MIL","PIT","PIT08","wrigj001","wengd001","marsr901","iassd901","wendh902","morrd901","","",35728,"","","","","",1,1,73,5,3,0,0,2,158,9,7,8,10,12,1,0,4,8,"manzj001","weatd001","willm005","","whitd001",8,"lorem001",4,"jenkg001",7,"burnj001",9,"sexsr001",3,"houst001",5,"hernj001",6,"casar001",2,"wrigj001",1,"browe001",8,"kendj001",2,"gileb002",7,"ramia001",5,"vandj001",9,"younk001",3,"wilse001",6,"mearp001",4,"wengd001",1,"weatd001","willm005"
"PIT200105280","20010528",0,"Monday",736,"F","N","FLO","PIT","PIT08","smitc001","olivo001","culbf901","scotd901","younl901","fleta901","","",26512,"","","","","",1,1,65,1,2,0,0,1,161,9,5,8,10,12,3,0,6,5,"silvj001","miced001","willm005","","castl001",4,"owene001",9,"floyc001",7,"wilsp002",8,"lowem001",5,"johnc002",2,"lee-d002",3,"gonza002",6,"smitc001",1,"kendj001",2,"wilse001",6,"gileb002",8,"ramia001",5,"vandj001",9,"younk001",3,"barka001",7,"mearp001",4,"olivo001",1,"nunev001","willm005"
"PIT200105290","20010529",0,"Tuesday",706,"F","N","FLO","PIT","PIT08","burna001","andej002","scotd901","younl901","fleta901","culbf901","","",21083,"","","","","",1,1,62,1,2,0,0,2,158,9,5,0,9,8,0,1,8,7,"burna001","andej002","","","castl001",4,"owene001",9,"floyc001",7,"wilsp002",8,"lowem001",5,"johnc002",2,"lee-d002",3,"gonza002",6,"burna001",1,"kendj001",2,"wilse001",6,"gileb002",8,"ramia001",5,"vandj001",9,"younk001",3,"barka001",7,"mearp001",4,"andej002",1,"alfoa001","mulht001"
"PIT200105300","20010530",0,"Wednesday",706,"F","N","FLO","PIT","PIT08","pennb002","schmj001","younl901","fleta901","culbf901","scotd901","","",24343,"","","","","",1,1,62,0,5,0,0,1,217,10,9,7,12,12,0,2,8,8,"alfoa001","willm005","loopb001","","castl001",4,"owene001",9,"floyc001",7,"wilsp002",8,"lowem001",5,"johnc002",2,"lee-d002",3,"gonza002",6,"pennb002",1,"kendj001",2,"vandj001",9,"gileb002",8,"ramia001",5,"barka001",7,"younk001",3,"mackr001",4,"nunea001",6,"schmj001",1,"loopb001","willm005"
"PIT200106010","20010601",0,"Friday",756,"F","N","ATL","PIT","PIT08","burkj001","ritct001","barrt901","marqa901","ripps901","wintm901","","",34230,"","","","","",1,1,62,1,3,0,0,3,153,9,5,1,10,4,1,0,4,6,"burkj001","ritct001","","","veraq001",4,"furcr001",6,"jonea002",8,"jonec004",5,"jordb001",9,"surhb001",7,"brogr001",3,"bakop001",2,"burkj001",1,"kendj001",2,"mearp001",4,"gileb002",7,"ramia001",5,"vandj001",9,"younk001",3,"wilse001",6,"browe001",8,"ritct001",1,"rockj001","beimj001"
"PIT200106031","20010603",1,"Sunday",135,"F","D","ATL","PIT","PIT08","glavt001","olivo001","marqa901","timmt901","wintm901","barrt901","","",0,"","","","","",1,1,62,8,8,0,0,3,194,9,11,7,18,13,1,1,9,11,"glavt001","olivo001","","","veraq001",4,"furcr001",6,"jonea002",8,"jonec004",5,"jordb001",9,"martd002",7,"lopej001",2,"brogr001",3,"glavt001",1,"kendj001",7,"nunea001",6,"gileb002",8,"ramia001",5,"vandj001",9,"younk001",3,"mearp001",4,"osikk001",2,"olivo001",1,"remlm001","manzj001"
"PIT200106032","20010603",2,"Sunday",519,"F","D","ATL","PIT","PIT08","smolj001","andej002","ripps901","wintm901","barrt901","timmt901","","",36924,"","","","","",1,1,62,8,12,0,0,2,160,9,8,3,12,6,2,0,8,4,"smolj001","andej002","","","veraq001",4,"furcr001",6,"jonea002",8,"jonec004",5,"jordb001",9,"lopej001",2,"gilkb001",7,"helmw001",3,"smolj001",1,"kendj001",7,"vandj001",9,"gileb002",8,"ramia001",5,"mackr001",4,"barka001",3,"wilsc003",2,"nunea001",6,"andej002",1,"cabrj001","willm005"
"PIT200106150","20010615",0,"Friday",707,"F","N","CLE","PIT","PIT08","burbd001","andej002","riekr901","carlm901","tscht901","vanvm901","","",36235,"","","","","",1,1,93,5,3,0,0,1,176,9,3,6,6,11,1,0,7,8,"andej002","burbd001","willm005","","cabrj002",8,"burke001",7,"alomr001",4,"gonzj002",9,"frymt001",5,"thomj002",3,"diaze002",2,"vizqo001",6,"burbd001",1,"nunea001",4,"wilsj002",6,"kendj001",2,"gileb002",8,"vandj001",3,"ramia001",5,"mackr001",7,"belld001",9,"andej002",1,"reeds001","willm005"
"PIT200106160","20010616",0,"Saturday",706,"F","N","CLE","PIT","PIT08","wrigj002","schmj001","carlm901","tscht901","vanvm901","riekr901","","",37056,"","","","","",1,1,73,1,2,0,0,2,179,9,4,6,11,8,0,0,9,3,"schmj001","wrigj002","willm005","","loftk001",8,"vizqo001",6,"alomr001",4,"gonzj002",9,"thomj002",3,"frymt001",5,"branr001",7,"diaze002",2,"wrigj002",1,"belld001",7,"wilsj002",6,"kendj001",2,"gileb002",8,"vandj001",9,"ramia001",5,"younk001",3,"mearp001",4,"schmj001",1,"karss001","willm005"
"PIT200106170","20010617",0,"Sunday",135,"F","D","CLE","PIT","PIT08","sabac001","ritct001","tscht901","vanvm901","riekr901","carlm901","","",36694,"","","","","",1,1,81,1,5,0,0,1,147,9,0,1,4,3,1,1,5,5,"ritct001","karss001","","","loftk001",8,"vizqo001",6,"alomr001",4,"gonzj002",9,"burke001",7,"thomj002",3,"frymt001",5,"diaze002",2,"sabac001",1,"browe001",8,"wilsj002",6,"kendj001",9,"gileb002",7,"ramia001",5,"younk001",3,"osikk001",2,"mearp001",4,"ritct001",1,"karss001",""
"PIT200106190","20010619",0,"Tuesday",706,"F","N","PHI","PIT","PIT08","chenb001","beimj001","fostm901","kulpr901","hirsm901","bellw901","","",33713,"","","","","",1,1,89,8,3,0,0,1,179,9,5,8,8,17,1,0,8,8,"beimj001","chenb001","saues001","","gland001",8,"rollj001",6,"abreb001",9,"roles001",5,"burrp001",7,"lee-t002",3,"benng001",2,"andem003",4,"chenb001",1,"belld001",9,"wilsj002",6,"kendj001",7,"gileb002",8,"ramia001",5,"younk001",3,"mearp001",4,"osikk001",2,"beimj001",1,"gomew001","saues001"
"PIT200106200","20010620",0,"Wednesday",706,"F","N","PHI","PIT","PIT08","daalo001","arrob001","kulpr901","hirsm901","bellw901","fostm901","","",28145,"","","","","",1,1,81,1,3,0,0,2,172,9,9,5,14,8,2,4,8,7,"daalo001","arrob001","","","gland001",8,"rollj001",6,"abreb001",9,"roles001",5,"lee-t002",3,"burrp001",7,"andem003",4,"estrj001",2,"daalo001",1,"belld001",9,"wilsj002",6,"kendj001",7,"gileb002",8,"ramia001",5,"younk001",3,"mearp001",4,"osikk001",2,"arrob001",1,"mesaj001","willm005"
"PIT200106210","20010621",0,"Thursday",706,"F","N","PHI","PIT","PIT08","persr001","andej002","hirsm901","bellw901","fostm901","kulpr901","","",29560,"","","","","",1,1,85,1,2,0,0,1,152,9,6,3,8,5,2,2,6,4,"persr001","andej002","mesaj001","","rollj001",6,"huntb002",8,"abreb001",9,"roles001",5,"burrp001",7,"lee-t002",3,"estrj001",2,"peret003",4,"persr001",1,"nunea001",4,"wilsj002",6,"kendj001",2,"gileb002",8,"ramia001",5,"vandj001",9,"wilsc003",3,"mackr001",7,"andej002",1,"mesaj001","olivo001"
"PIT200106220","20010622",0,"Friday",706,"F","N","MON","PIT","PIT08","armat002","schmj001","culbf901","scotd901","younl901","fleta901","","",33439,"","","","","",1,1,78,1,2,0,0,2,185,9,11,5,10,7,0,1,10,3,"armat002","schmj001","","","duceb001",8,"vidrj001",4,"guerv001",9,"stevl001",3,"cabro001",6,"knorr001",2,"blumg001",7,"minor001",5,"armat002",1,"belld001",7,"wilsj002",6,"kendj001",2,"gileb002",8,"vandj001",9,"ramia001",5,"younk001",3,"mackr001",4,"schmj001",1,"stris001","loisr001"
"PIT200106230","20010623",0,"Saturday",704,"F","N","MON","PIT","PIT08","yoshm001","ritct001","scotd901","younl901","fleta901","culbf901","","",38169,"","","","","",1,1,68,1,2,0,0,2,172,9,4,7,9,13,1,0,7,9,"ritct001","yoshm001","willm005","","duceb001",7,"vidrj001",4,"guerv001",9,"stevl001",3,"cabro001",6,"barrm003",2,"blumg001",5,"bergp001",8,"yoshm001",1,"belld001",9,"wilsj002",6,"kendj001",2,"gileb002",8,"ramia001",5,"vandj001",7,"younk001",3,"mackr001",4,"ritct001",1,"urbiu001","willm005"
"PIT200106240","20010624",0,"Sunday",135,"F","D","MON","PIT","PIT08","mattt001","beimj001","younl901","fleta901","culbf901","scotd901","","",36826,"","","","","",1,1,72,1,2,0,0,2,173,9,11,4,16,8,1,3,9,9,"mattt001","beimj001","","","bergp001",8,"vidrj001",4,"guerv001",9,"cabro001",6,"stevl001",3,"barrm003",2,"smitm004",7,"mordm001",5,"mattt001",1,"nunea001",6,"mackr001",4,"kendj001",7,"gileb002",8,"ramia001",5,"vandj001",9,"barka001",3,"osikk001",2,"beimj001",1,"stris001","martd004"
"PIT200106250","20010625",0,"Monday",705,"F","N","MIL","PIT","PIT08","levra001","willd002","diazl901","tscht901","reedr901","wegnm901","","",22470,"","","","","",1,1,79,1,1,0,0,1,158,9,4,6,7,10,0,0,7,8,"willd002","levra001","willm005","","moutj001",8,"lorem001",5,"jenkg001",7,"sexsr001",3,"burnj001",9,"hernj001",6,"bellr002",4,"blanh001",2,"levra001",1,"nunea001",6,"mackr001",4,"kendj001",2,"gileb002",8,"ramia001",5,"vandj001",7,"younk001",3,"belld001",9,"willd002",1,"dejem001","willm005"
"PIT200106260","20010626",0,"Tuesday",706,"F","N","MIL","PIT","PIT08","rigdp001","andej002","tscht901","reedr901","wegnm901","diazl901","","",24120,"","","","","",1,1,81,1,2,0,0,1,239,12,6,7,12,10,1,1,12,13,"olivo001","kingr001","","","whitd001",8,"lorem001",5,"jenkg001",7,"sexsr001",3,"burnj001",9,"hernj001",6,"bellr002",4,"blanh001",2,"rigdp001",1,"nunea001",6,"mearp001",4,"kendj001",2,"gileb002",8,"ramia001",5,"vandj001",7,"younk001",3,"belld001",9,"andej002",1,"kingr001","olivo001"
"PIT200106270","20010627",0,"Wednesday",707,"F","N","MIL","PIT","PIT08","haynj001","schmj001","reedr901","wegnm901","diazl901","tscht901","","",25756,"","","","","",1,1,87,2,3,0,0,1,160,9,2,6,4,10,1,0,5,7,"schmj001","haynj001","","","whitd001",8,"lorem001",4,"jenkg001",7,"burnj001",9,"sexsr001",3,"houst001",5,"hernj001",6,"casar001",2,"haynj001",1,"nunea001",6,"mackr001",4,"kendj001",2,"gileb002",8,"ramia001",5,"vandj001",7,"younk001",3,"belld001",9,"schmj001",1,"cunnw001",""
"PIT200106280","20010628",0,"Thursday",135,"F","D","MIL","PIT","PIT08","wrigj001","ritct001","wegnm901","diazl901","tscht901","reedr901","","",36390,"","","","","",1,1,89,1,2,0,0,1,166,9,0,1,6,7,0,0,8,9,"ritct001","wrigj001","willm005","","moutj001",8,"bellr002",4,"jenkg001",7,"burnj001",9,"sexsr001",3,"houst001",5,"hernj001",6,"casar001",2,"wrigj001",1,"nunea001",6,"mackr001",4,"kendj001",2,"gileb002",8,"ramia001",5,"vandj001",7,"younk001",3,"belld001",9,"ritct001",1,"fox-c001","willm005"
"PIT200107120","20010712",0,"Thursday",706,"F","N","KCA","PIT","PIT08","suppj001","andej002","crawj901","gormb901","eddid901","coope901","","",26393,"","","","","",1,1,74,4,3,0,0,1,130,9,0,2,6,5,1,0,5,6,"andej002","suppj001","willm005","","sadld001",4,"sancr001",6,"sweem002",3,"quinm001",7,"dye-j001",9,"randj002",5,"beltc001",8,"ortih001",2,"suppj001",1,"nunea001",4,"wilsj002",6,"kendj001",2,"gileb002",8,"ramia001",5,"vandj001",9,"younk001",3,"mackr001",7,"andej002",1,"austj002","willm005"
"PIT200107130","20010713",0,"Friday",705,"F","N","KCA","PIT","PIT08","durbc001","ritct001","gormb901","eddid901","coope901","crawj901","","",35325,"","","","","",1,1,83,4,8,0,0,1,126,9,0,1,1,11,0,1,2,6,"ritct001","grimj001","","","alicl001",4,"sancr001",6,"sweem002",3,"quinm001",7,"dye-j001",9,"randj002",5,"beltc001",8,"maynb001",2,"durbc001",1,"redmt001",8,"wilsj002",6,"kendj001",2,"gileb002",7,"ramia001",5,"vandj001",9,"younk001",3,"nunea001",4,"ritct001",1,"grimj001",""
"PIT200107140","20010714",0,"Saturday",139,"F","D","KCA","PIT","PIT08","wilsk001","willd002","eddid901","coope901","crawj901","gormb901","","",37789,"","","","","",1,1,75,4,8,0,0,2,149,9,7,4,12,6,0,0,9,3,"wilsk001","willd002","hernr001","","alicl001",4,"sancr001",6,"beltc001",8,"quinm001",7,"dye-j001",9,"randj002",5,"mccad001",3,"ortih001",2,"wilsk001",1,"redmt001",8,"wilsj002",6,"kendj001",2,"gileb002",7,"ramia001",5,"vandj001",9,"younk001",3,"mackr001",4,"willd002",1,"hernr001","manzj001"
"PIT200107150","20010715",0,"Sunday",505,"F","N","LAN","PIT","PIT08","browk001","schmj001","coope901","crawj901","gormb901","eddid901","","",38152,"","","","","",1,1,77,1,2,0,0,1,158,9,4,2,7,7,0,2,4,6,"browk001","schmj001","shawj001","","goodt001",8,"lodup001",2,"shefg001",7,"grees001",9,"karre001",3,"hansd001",5,"reboj001",4,"coraa001",6,"browk001",1,"redmt001",8,"wilsj002",6,"kendj001",2,"gileb002",7,"ramia001",5,"vandj001",9,"younk001",3,"mackr001",4,"schmj001",1,"shawj001","saues001"
"PIT200107160","20010716",0,"Monday",705,"F","N","LAN","PIT","PIT08","gagne001","beimj001","kulpr901","hirsm901","fostm901","hollm901","","",26145,"","","","","",1,1,82,1,2,0,0,1,151,9,6,4,8,7,1,1,5,6,"gagne001","beimj001","shawj001","","lodup001",2,"grudm001",4,"grees001",9,"shefg001",7,"karre001",3,"belta001",5,"grism001",8,"reboj001",6,"gagne001",1,"redmt001",8,"wilsj002",6,"kendj001",2,"gileb002",7,"ramia001",5,"vandj001",9,"younk001",3,"nunea001",4,"beimj001",1,"shawj001","loisr001"
"PIT200107170","20010717",0,"Tuesday",706,"F","N","LAN","PIT","PIT08","adamt001","andej002","hirsm901","fostm901","hollm901","kulpr901","","",30150,"","","","","",1,1,77,1,2,0,0,3,165,9,4,1,8,5,0,1,7,4,"adamt001","andej002","hergm001","","lodup001",2,"grudm001",4,"grees001",9,"shefg001",7,"karre001",3,"belta001",5,"grism001",8,"reboj001",6,"adamt001",1,"redmt001",8,"wilsj002",6,"kendj001",2,"gileb002",7,"ramia001",5,"vandj001",9,"younk001",3,"nunea001",4,"andej002",1,"hergm001","willm005"
"PIT200107180","20010718",0,"Wednesday",707,"F","N","CHN","PIT","PIT08","woodk002","ritct001","iassd901","hudsm901","welkt901","cedeg901","","",31919,"","","","","",1,1,84,1,2,0,0,3,173,9,6,5,10,6,2,0,5,4,"fassj001","willm005","gordt001","","youne001",4,"deshd001",7,"sosas001",9,"coomr001",5,"staim001",3,"gutir001",6,"pattc001",8,"giraj001",2,"woodk002",1,"redmt001",8,"wilsj002",6,"kendj001",2,"gileb002",7,"ramia001",5,"vandj001",9,"younk001",3,"mackr001",4,"ritct001",1,"gordt001","willm005"
"PIT200107190","20010719",0,"Thursday",704,"F","N","CHN","PIT","PIT08","tavaj001","willd002","hudsm901","welkt901","cedeg901","iassd901","","",34921,"","","","","",1,1,83,4,8,0,0,1,170,9,2,3,5,11,0,0,7,10,"olivo001","duncc001","willm005","","youne001",4,"deshd001",7,"sosas001",9,"coomr001",3,"gutir001",6,"mattg002",8,"cairm001",5,"machr001",2,"tavaj001",1,"redmt001",8,"wilsj002",6,"kendj001",2,"gileb002",7,"wilsc003",3,"vandj001",9,"wehnj001",5,"nunea001",4,"willd002",1,"fyhrm001","willm005"
"PIT200107260","20010726",0,"Thursday",706,"F","N","HOU","PIT","PIT08","mlicd001","schmj001","onorb901","meric901","welkb901","hirsj901","","",30245,"","","","","",1,1,74,4,3,0,0,2,150,9,3,2,6,6,2,0,1,6,"mlicd001","schmj001","wagnb001","","biggc001",4,"vizcj001",6,"bagwj001",3,"berkl001",7,"aloum001",9,"hidar001",8,"castv001",5,"ausmb001",2,"mlicd001",1,"nunea001",6,"redmt001",8,"kendj001",2,"gileb002",7,"ramia001",5,"vandj001",9,"younk001",3,"mearp001",4,"schmj001",1,"wagnb001","manzj001"
"PIT200107270","20010727",0,"Friday",705,"F","N","HOU","PIT","PIT08","reyns001","beimj001","welkb901","hirsj901","meric901","klemj901","","",38463,"","","","","",1,1,76,5,5,0,0,1,176,9,2,3,9,10,1,0,11,10,"beimj001","reyns001","willm005","","biggc001",4,"lugoj001",6,"bagwj001",3,"berkl001",7,"aloum001",9,"hidar001",8,"castv001",5,"euset001",2,"reyns001",1,"redmt001",8,"wilsj002",6,"kendj001",2,"gileb002",7,"ramia001",5,"vandj001",9,"morrw001",4,"wehnj001",3,"beimj001",1,"doteo001","willm005"
"PIT200107281","20010728",1,"Saturday",106,"F","D","HOU","PIT","PIT08","oswar001","arrob001","hirsj901","klemj901","onorb901","welkb901","","",32977,"","","","","",1,1,78,1,2,0,0,1,150,9,8,9,12,12,0,0,7,5,"olivo001","wagnb001","","","biggc001",4,"lugoj001",6,"berkl001",8,"castv001",5,"aloum001",9,"wardd002",3,"euset001",2,"merco002",7,"oswar001",1,"redmt001",8,"wilsj002",6,"kendj001",2,"gileb002",7,"ramia001",5,"vandj001",9,"younk001",3,"mearp001",4,"arrob001",1,"wagnb001","olivo001"
"PIT200107282","20010728",2,"Saturday",706,"F","N","HOU","PIT","PIT08","mcknt001","andej002","meric901","onorb901","welkb901","klemj901","","",38295,"","","","","",1,1,75,5,2,0,0,3,179,9,12,3,15,11,0,2,6,9,"mcknt001","andej002","","","biggc001",4,"lugoj001",6,"bagwj001",3,"berkl001",7,"aloum001",9,"hidar001",8,"castv001",5,"ausmb001",2,"mcknt001",1,"redmt001",8,"nunea001",6,"kendj001",2,"gileb002",7,"vandj001",9,"wilsc003",3,"morrw001",4,"osikk001",5,"andej002",1,"doteo001","manzj001"
"PIT200107290","20010729",0,"Sunday",135,"F","D","HOU","PIT","PIT08","millw001","ritct001","klemj901","welkb901","onorb901","hirsj901","","",37166,"","","","","",1,1,74,5,5,0,0,3,135,9,1,4,6,7,0,2,5,6,"ritct001","millw001","willm005","","biggc001",4,"lugoj001",6,"bagwj001",3,"berkl001",7,"aloum001",9,"hidar001",8,"castv001",5,"ausmb001",2,"millw001",1,"redmt001",8,"wilsj002",6,"gileb002",7,"younk001",3,"morrw001",5,"hyzda001",9,"mearp001",4,"osikk001",2,"ritct001",1,"villr001","willm005"
"PIT200108070","20010807",0,"Tuesday",705,"F","N","LAN","PIT","PIT08","adamt001","mcknt001","guccc901","davig901","tscht901","higgs901","","",28873,"","","","","",1,1,94,1,5,0,0,1,145,9,2,1,9,7,0,1,6,6,"adamt001","mcknt001","shawj001","","lodup001",2,"grudm001",4,"shefg001",7,"grees001",9,"karre001",3,"belta001",5,"grism001",8,"coraa001",6,"adamt001",1,"redmt001",8,"wilsj002",6,"kendj001",2,"gileb002",7,"ramia001",5,"younk001",3,"herna001",9,"mearp001",4,"mcknt001",1,"shawj001","lincm001"
"PIT200108080","20010808",0,"Wednesday",705,"F","N","LAN","PIT","PIT08","prokl001","andej002","davig901","tscht901","higgs901","guccc901","","",29528,"","","","","",1,1,92,1,2,0,0,1,164,9,9,4,13,11,1,1,6,9,"carrg001","andej002","","","lodup001",2,"grudm001",4,"grees001",9,"shefg001",7,"grism001",8,"karre001",3,"belta001",5,"reboj001",6,"prokl001",1,"nunea001",4,"wilsj002",6,"ramia001",5,"gileb002",7,"kendj001",2,"wilsc003",9,"younk001",3,"redmt001",8,"andej002",1,"mulht001","manzj001"
"PIT200108090","20010809",0,"Thursday",704,"F","N","LAN","PIT","PIT08","parkc002","ritct001","tscht901","higgs901","guccc901","davig901","","",29841,"","","","","",1,1,92,1,10,0,0,3,177,9,5,8,11,11,2,2,10,4,"ritct001","parkc002","fettm001","","chrim002",8,"grudm001",4,"shefg001",7,"grees001",9,"belta001",5,"hansd001",3,"kreuc001",2,"coraa001",6,"parkc002",1,"nunea001",4,"wilsj002",6,"ramia001",5,"gileb002",7,"kendj001",2,"wilsc003",9,"younk001",3,"redmt001",8,"ritct001",1,"hergm001","fettm001"
"PIT200108100","20010810",0,"Friday",706,"F","N","SDN","PIT","PIT08","tollb001","willd002","shulj901","reynj901","barnr901","everm901","","",36588,"","","","","",1,1,83,1,9,0,0,3,158,9,3,2,7,7,0,1,6,8,"tollb001","willd002","hofft001","","hendr001",7,"kotsm001",8,"klesr001",3,"nevip001",5,"tramb001",9,"davib003",2,"jackd003",4,"jimed001",6,"tollb001",1,"nunea001",6,"mearp001",4,"ramia001",5,"gileb002",7,"kendj001",2,"wilsc003",9,"younk001",3,"redmt001",8,"willd002",1,"hofft001","lincm001"
"PIT200108110","20010811",0,"Saturday",705,"F","N","SDN","PIT","PIT08","lawrb001","beimj001","reynj901","barnr901","everm901","shulj901","","",39388,"","","","","",1,1,85,1,1,0,0,1,157,9,6,2,12,7,1,1,7,6,"lawrb001","beimj001","","","hendr001",7,"kotsm001",8,"klesr001",3,"nevip001",5,"gwynt001",9,"davib003",2,"jackd003",4,"jimed001",6,"lawrb001",1,"mattg002",8,"wilsj002",6,"ramia001",5,"gileb002",7,"kendj001",2,"wilsc003",9,"younk001",3,"mearp001",4,"beimj001",1,"myerr002","olivo001"
"PIT200108120","20010812",0,"Sunday",317,"F","D","SDN","PIT","PIT08","joneb003","mcknt001","barnr901","everm901","shulj901","reynj901","","",37150,"","","","","",1,1,80,1,2,0,0,2,196,9,6,7,11,13,0,1,9,7,"manzj001","myerr002","","","jackd003",4,"darrm001",8,"klesr001",3,"magad001",5,"lankr001",7,"tramb001",9,"davib003",2,"jimed001",6,"joneb003",1,"nunea001",4,"wilsj002",6,"ramia001",5,"gileb002",7,"kendj001",9,"mattg002",8,"hyzda001",3,"osikk001",2,"mcknt001",1,"myerr002","manzj001"
"PIT200108210","20010821",0,"Tuesday",706,"F","N","ARI","PIT","PIT08","schic002","willd002","froeb901","mealj901","fichm901","barrm901","","",35131,"","","","","",1,1,74,1,2,0,0,1,150,9,2,4,2,9,0,0,7,3,"olivo001","schic002","fettm001","","counc001",6,"spivj001",4,"gonzl001",7,"gracm001",3,"willm003",5,"sandr002",9,"bautd001",8,"milld002",2,"schic002",1,"nunea001",4,"wilsj002",6,"ramia001",5,"gileb002",7,"kendj001",2,"mattg002",8,"younk001",3,"mackr001",9,"willd002",1,"broht001","fettm001"
"PIT200108220","20010822",0,"Wednesday",706,"F","N","ARI","PIT","PIT08","lopea002","beimj001","mealj901","fichm901","barrm901","froeb901","","",26531,"","","","","",1,1,74,1,2,0,0,1,147,9,6,0,11,4,0,1,6,4,"lopea002","beimj001","","","counc001",6,"spivj001",4,"gonzl001",7,"willm003",5,"gracm001",3,"sandr002",9,"finls001",8,"milld002",2,"lopea002",1,"mattg002",8,"wilsj002",6,"gileb002",7,"ramia001",5,"kendj001",2,"younk001",3,"mackr001",9,"mearp001",4,"beimj001",1,"","wilkm001"
"PIT200108230","20010823",0,"Thursday",705,"F","N","ARI","PIT","PIT08","johnr005","mcknt001","fichm901","barrm901","froeb901","mealj901","","",30794,"","","","","",1,1,73,1,1,0,0,3,163,9,1,5,6,6,1,1,12,3,"mcknt001","johnr005","fettm001","","womat001",6,"bellj001",4,"gonzl001",7,"gracm001",3,"willm003",5,"finls001",8,"sandr002",9,"milld002",2,"johnr005",1,"mattg002",8,"wilsj002",6,"gileb002",7,"ramia001",5,"kendj001",2,"younk001",3,"wilsc003",9,"lopem001",4,"mcknt001",1,"prinb001","fettm001"
"PIT200108240","20010824",0,"Friday",706,"F","N","HOU","PIT","PIT08","oswar001","andej002","barkl901","reedr901","phild901","wegnm901","","",37324,"","","","","",1,1,81,1,3,0,0,1,159,9,5,1,7,7,0,2,10,8,"oswar001","andej002","","","biggc001",4,"vizcj001",6,"bagwj001",3,"berkl001",7,"aloum001",9,"hidar001",8,"trubc001",5,"ausmb001",2,"oswar001",1,"mattg002",8,"wilsj002",6,"gileb002",7,"ramia001",5,"kendj001",2,"younk001",3,"mackr001",9,"nunea001",4,"andej002",1,"doteo001","wilkm001"
"PIT200108250","20010825",0,"Saturday",705,"F","N","HOU","PIT","PIT08","mlicd001","ritct001","reedr901","phild901","wegnm901","barkl901","","",37665,"","","","","",1,1,82,1,2,0,0,1,153,9,2,8,10,7,3,0,9,6,"ritct001","mlicd001","","","biggc001",4,"vizcj001",6,"bagwj001",3,"berkl001",7,"castv001",5,"merco002",9,"hidar001",8,"ausmb001",2,"mlicd001",1,"mattg002",8,"wilsj002",6,"gileb002",7,"ramia001",5,"kendj001",2,"younk001",3,"mackr001",9,"mearp001",4,"ritct001",1,"willm005","manzj001"
"PIT200108260","20010826",0,"Sunday",135,"F","D","HOU","PIT","PIT08","villr001","willd002","phild901","wegnm901","barkl901","reedr901","","",34850,"","","","","",1,1,84,1,15,0,0,3,167,9,3,1,6,7,0,1,7,7,"villr001","willd002","wagnb001","","biggc001",4,"lugoj001",6,"bagwj001",3,"berkl001",7,"aloum001",9,"hidar001",8,"castv001",5,"euset001",2,"villr001",1,"mattg002",8,"wilsj002",6,"gileb002",7,"ramia001",5,"kendj001",9,"younk001",3,"osikk001",2,"mearp001",4,"willd002",1,"wagnb001","wilkm001"
"PIT200109031","20010903",1,"Monday",405,"F","D","MIL","PIT","PIT08","damij001","voger001","cedeg901","packs901","iassd901","welkt901","","",0,"","","","","",1,1,82,1,2,0,0,1,193,9,12,7,11,12,0,1,7,9,"leitm001","voger001","","","whitd001",8,"lorem001",4,"burnj001",9,"sexsr001",3,"jenkg001",7,"houst001",5,"hernj001",6,"browk004",2,"damij001",1,"nunea001",4,"wilsj002",6,"ramia001",5,"gileb002",7,"kendj001",2,"mackr001",9,"mattg002",8,"wilsc003",3,"voger001",1,"buddm001","manzj001"
"PIT200109032","20010903",2,"Monday",752,"F","D","MIL","PIT","PIT08","quevr001","andej002","hudsm901","iassd901","welkt901","packs901","","",29003,"","","","","",1,1,77,1,2,0,0,1,177,9,2,3,6,6,1,0,8,7,"fettm001","fox-c001","","","colll001",8,"lorem001",4,"burnj001",9,"sexsr001",3,"jenkg001",7,"hernj001",6,"coolm001",5,"blanh001",2,"quevr001",1,"kendj001",9,"wilsj002",6,"gileb002",8,"ramia001",5,"younk001",3,"mackr001",7,"osikk001",2,"mearp001",4,"andej002",1,"fox-c001","fettm001"
"PIT200109040","20010904",0,"Tuesday",705,"F","N","MIL","PIT","PIT08","levra001","arrob001","iassd901","welkt901","cedeg901","hudsm901","","",17293,"","","","","",1,1,79,1,2,0,0,1,149,9,2,5,6,6,0,0,9,5,"arrob001","levra001","fettm001","","whitd001",8,"lorem001",4,"jenkg001",7,"sexsr001",3,"burnj001",9,"hernj001",6,"lopel002",5,"blanh001",2,"levra001",1,"mattg002",8,"mackr001",9,"ramia001",5,"gileb002",7,"kendj001",2,"morrw001",4,"wilsc003",3,"wilsj002",6,"arrob001",1,"buddm001","fettm001"
"PIT200109050","20010905",0,"Wednesday",704,"F","N","MIL","PIT","PIT08","wrigj001","ritct001","welkt901","cedeg901","hudsm901","iassd901","","",18866,"","","","","",1,1,78,1,2,0,0,1,143,9,1,5,3,8,0,1,3,7,"ritct001","wrigj001","","","whitd001",8,"lorem001",4,"jenkg001",7,"sexsr001",3,"burnj001",9,"hernj001",6,"lopel002",5,"blanh001",2,"wrigj001",1,"hermc001",9,"mattg002",8,"ramia001",5,"gileb002",7,"kendj001",2,"morrw001",4,"younk001",3,"wilsj002",6,"ritct001",1,"kolbb001",""
"PIT200109060","20010906",0,"Thursday",705,"F","N","CIN","PIT","PIT08","acevj002","willd002","everm901","shulj901","reynj901","nelsj901","","",20683,"","","","","",1,1,75,4,5,0,0,1,181,9,8,6,10,10,2,1,6,8,"browj003","loisr001","gravd001","","walkt002",4,"dunna001",9,"grifk002",8,"cases001",3,"boona001",5,"yound001",7,"reesp001",6,"laruj001",2,"acevj002",1,"hermc001",8,"mackr001",9,"ramia001",5,"gileb002",7,"kendj001",2,"morrw001",4,"younk001",3,"wilsj002",6,"willd002",1,"gravd001","saues001"
"PIT200109070","20010907",0,"Friday",706,"F","N","CIN","PIT","PIT08","davil001","mcknt001","shulj901","reynj901","nelsj901","everm901","","",33800,"","","","","",1,1,82,1,3,0,0,1,151,9,1,3,7,6,2,1,7,6,"mcknt001","davil001","olivo001","","walkt002",4,"yound001",7,"grifk002",8,"cases001",3,"boona001",5,"dunna001",9,"reesp001",6,"millc001",2,"davil001",1,"hermc001",9,"mattg002",8,"gileb002",7,"ramia001",5,"kendj001",2,"younk001",3,"lopem001",4,"wilsj002",6,"mcknt001",1,"pierc001","olivo001"
"PIT200109080","20010908",0,"Saturday",705,"F","N","CIN","PIT","PIT08","desse001","andej002","reynj901","nelsj901","everm901","shulj901","","",38638,"","","","","",1,1,82,1,5,0,0,1,151,9,2,5,9,10,0,1,8,6,"andej002","desse001","","","reesp001",6,"yound001",7,"grifk002",8,"cases001",3,"boona001",5,"dunna001",9,"walkt002",4,"laruj001",2,"desse001",1,"nunea001",4,"mattg002",8,"gileb002",7,"ramia001",5,"kendj001",2,"mackr001",9,"younk001",3,"wilsj002",6,"andej002",1,"browj003",""
"PIT200109090","20010909",0,"Sunday",136,"F","D","CIN","PIT","PIT08","reyed001","voger001","nelsj901","everm901","shulj901","reynj901","","",33214,"","","","","",1,1,83,1,5,0,0,1,193,9,5,3,8,13,0,0,6,15,"reyed001","voger001","gravd001","","walkt002",4,"dunna001",7,"grifk002",8,"cases001",3,"boona001",5,"jennr001",9,"castj004",6,"millc001",2,"reyed001",1,"hermc001",9,"mattg002",8,"gileb002",7,"ramia001",5,"wilsc003",3,"osikk001",2,"lopem001",4,"wilsj002",6,"voger001",1,"gravd001","manzj001"
"PIT200109170","20010917",0,"Monday",719,"F","N","NYN","PIT","PIT08","leita001","ritct001","rapue901","emmep901","wolfj901","mcclt901","","",25902,"","","","","",1,1,71,1,2,0,0,2,178,9,4,1,6,5,0,0,6,6,"franj001","fettm001","benia001","","lawtm002",9,"relad001",4,"piazm001",2,"shint001",7,"ventr001",5,"zeilt001",3,"paytj001",8,"ordor001",6,"leita001",1,"hermc001",9,"wilsj002",6,"gileb002",7,"ramia001",5,"kendj001",2,"younk001",3,"mattg002",8,"morrw001",4,"ritct001",1,"benia001","beimj001"
"PIT200109180","20010918",0,"Tuesday",706,"F","N","NYN","PIT","PIT08","appik001","willd002","emmep901","wolfj901","mcclt901","rapue901","","",19285,"","","","","",1,1,68,1,2,0,0,3,183,9,7,5,10,6,2,0,5,3,"riggj001","olivo001","benia001","","lawtm002",9,"alfoe001",4,"piazm001",2,"shint001",7,"zeilt001",3,"paytj001",8,"mcewj001",5,"ordor001",6,"appik001",1,"kendj001",2,"wilsj002",6,"gileb002",7,"ramia001",5,"morrw001",4,"mackr001",9,"younk001",3,"mattg002",8,"willd002",1,"benia001","loisr001"
"PIT200109190","20010919",0,"Wednesday",137,"F","D","NYN","PIT","PIT08","ruscg001","mcknt001","wolfj901","mcclt901","rapue901","emmep901","","",20371,"","","","","",1,1,71,1,5,0,0,3,171,9,9,2,15,11,0,3,5,10,"gonzd002","mcknt001","","","lawtm002",9,"alfoe001",4,"piazm001",2,"ventr001",5,"shint001",7,"zeilt001",3,"paytj001",8,"ordor001",6,"ruscg001",1,"hermc001",9,"wilsj002",6,"gileb002",7,"ramia001",5,"wilsc003",2,"younk001",3,"mattg002",8,"mearp001",4,"mcknt001",1,"nitkc001","loisr001"
"PIT200109200","20010920",0,"Thursday",707,"F","N","SLN","PIT","PIT08","willw001","andej002","eddid901","coope901","crawj901","gormb901","","",21678,"","","","","",1,1,70,1,2,0,0,3,163,9,9,1,11,4,1,1,8,5,"willw001","andej002","","","vinaf001",4,"polap001",5,"drewj001",9,"pujoa001",3,"edmoj001",8,"paquc001",7,"rente001",6,"mathm001",2,"willw001",1,"kendj001",2,"wilsj002",6,"gileb002",7,"ramia001",5,"morrw001",4,"younk001",3,"mackr001",9,"mattg002",8,"andej002",1,"matht002","martd004"
"PIT200109210","20010921",0,"Friday",707,"F","N","SLN","PIT","PIT08","kiled001","arrob001","coope901","crawj901","gormb901","eddid901","","",36209,"","","","","",1,1,67,1,8,0,0,3,177,9,9,5,13,8,1,1,6,4,"hackl001","olivo001","","","paquc001",5,"polap001",4,"drewj001",9,"pujoa001",7,"edmoj001",8,"mcgwm001",3,"rente001",6,"mathm001",2,"kiled001",1,"kendj001",2,"wilsj002",6,"gileb002",7,"ramia001",5,"younk001",3,"morrw001",4,"mattg002",8,"hyzda001",9,"arrob001",1,"stecg001","olivo001"
"PIT200109220","20010922",0,"Saturday",705,"F","N","SLN","PIT","PIT08","smitb004","ritct001","crawj901","gormb901","eddid901","coope901","","",37539,"","","","","",1,1,72,1,3,0,0,3,159,9,4,1,10,5,0,0,10,5,"smitb004","ritct001","stecg001","","robik002",7,"polap001",4,"drewj001",9,"pujoa001",3,"edmoj001",8,"paquc001",5,"rente001",6,"marre001",2,"smitb004",1,"hermc001",8,"wilsj002",6,"gileb002",7,"ramia001",5,"kendj001",2,"wilsc003",9,"younk001",3,"lopem001",4,"ritct001",1,"stecg001","saues001"
"PIT200109230","20010923",0,"Sunday",135,"F","D","SLN","PIT","PIT08","hermd001","willd002","gormb901","eddid901","coope901","crawj901","","",33633,"","","","","",1,1,74,1,3,0,0,2,151,9,1,2,4,7,0,0,6,6,"willd002","hermd001","manzj001","","vinaf001",4,"polap001",5,"drewj001",8,"pujoa001",9,"mcgwm001",3,"paquc001",7,"rente001",6,"mathm001",2,"hermd001",1,"kendj001",9,"wilsj002",6,"gileb002",8,"ramia001",5,"morrw001",4,"wilsc003",3,"mackr001",7,"osikk001",2,"willd002",1,"jamem001","manzj001"
"PIT200109240","20010924",0,"Monday",811,"F","N","CHN","PIT","PIT08","woodk002","mcknt001","barrt901","marqa901","ripps901","wintm901","","",18908,"","","","","",1,1,62,2,5,0,0,3,190,9,6,7,10,10,2,0,7,7,"lincm001","chias002","loisr001","","youne001",4,"gutir001",6,"sosas001",9,"mcgrf001",3,"staim001",7,"tuckm001",8,"hundt001",2,"muelb001",5,"woodk002",1,"kendj001",2,"wilsj002",6,"gileb002",7,"ramia001",5,"morrw001",4,"younk001",3,"mackr001",9,"mattg002",8,"mcknt001",1,"tavaj001","loisr001"
"PIT200109250","20010925",0,"Tuesday",706,"F","N","CHN","PIT","PIT08","berej002","andej002","marqa901","ripps901","wintm901","barrt901","","",18581,"","","","","",1,1,46,1,5,0,0,3,169,9,1,13,6,15,2,1,5,10,"andej002","berej002","","","youne001",4,"pattc001",8,"sosas001",9,"mcgrf001",3,"whitr001",7,"gutir001",6,"giraj001",2,"ojeda001",5,"berej002",1,"kendj001",9,"wilsj002",6,"gileb002",7,"ramia001",5,"mackr001",4,"younk001",3,"wilsc003",2,"mattg002",8,"andej002",1,"chias002","olivo001"
"PIT200109260","20010926",0,"Wednesday",706,"F","N","CHN","PIT","PIT08","cruzj005","arrob001","ripps901","wintm901","barrt901","marqa901","","",25564,"","","","","",1,1,58,1,5,0,0,3,181,9,8,4,13,10,0,0,11,9,"cruzj005","arrob001","","","deshd001",4,"tuckm001",8,"sosas001",9,"mcgrf001",3,"staim001",7,"gutir001",6,"hundt001",2,"muelb001",5,"cruzj005",1,"kendj001",2,"hermc001",8,"gileb002",7,"ramia001",5,"mackr001",9,"younk001",3,"morrw001",4,"lopem001",6,"arrob001",1,"fassj001","manzj001"
