"CLE199604020","19960402",0,"Tuesday",108,"T","D","NYA","CLE","CLE08","coned001","martd001","phild901","merrd901","roe-r901","scotd901","","",42289,"","","","","",0,1,38,2,7,2,1,1,188,9,7,1,10,4,0,0,7,8,"coned001","martd001","","","boggw001",5,"duncm001",4,"oneip001",9,"sierr001",10,"martt002",3,"willb002",8,"willg001",7,"giraj001",2,"jeted001",6,"loftk001",8,"franj002",3,"baerc001",4,"bellj002",7,"murre001",10,"thomj002",5,"ramim002",9,"aloms001",2,"vizqo001",6,"wettj001","assep001"
"CLE199604030","19960403",0,"Wednesday",705,"T","N","NYA","CLE","CLE08","petta001","mcdoj001","roe-r901","merrd901","scotd901","phild901","","",41843,"","","","","",0,1,35,6,12,4,1,4,198,9,5,1,8,9,1,3,9,9,"petta001","mcdoj001","nelsj001","","boggw001",5,"leyrj001",2,"oneip001",9,"sierr001",10,"martt002",3,"willb002",8,"duncm001",4,"willg001",7,"jeted001",6,"loftk001",8,"franj002",3,"baerc001",4,"bellj002",7,"murre001",10,"ramim002",9,"thomj002",5,"aloms001",2,"vizqo001",6,"nelsj001","assep001"
"CLE199604050","19960405",0,"Friday",705,"T","N","TOR","CLE","CLE08","guzmj003","herso001","younl901","cobld901","reedr901","johnm901","","",41782,"","","","","",0,0,33,2,6,4,1,4,169,9,7,1,10,6,1,2,7,8,"guzmj003","herso001","","","nixoo001",8,"britt001",4,"cartj001",7,"olerj001",10,"sprae001",5,"delgc001",3,"grees001",9,"obric001",2,"gonza001",6,"loftk001",8,"franj002",3,"baerc001",4,"bellj002",7,"murre001",10,"thomj002",5,"ramim002",9,"aloms001",2,"vizqo001",6,"crabt001","mesaj001"
"CLE199604060","19960406",0,"Saturday",105,"T","D","TOR","CLE","CLE08","hanse001","nagyc001","cobld901","reedr901","johnm901","younl901","","",41852,"","","","","",0,1,37,4,-1,4,5,1,177,9,3,5,7,7,3,2,10,7,"nagyc001","hanse001","mesaj001","","nixoo001",8,"britt001",4,"cartj001",7,"olerj001",10,"sprae001",5,"delgc001",3,"grees001",9,"marta002",2,"gonza001",6,"loftk001",8,"vizqo001",6,"baerc001",4,"bellj002",7,"murre001",10,"franj002",3,"thomj002",5,"ramim002",9,"penat001",2,"warej001","mesaj001"
"CLE199604070","19960407",0,"Sunday",105,"T","D","TOR","CLE","CLE08","quanp001","martd001","reedr901","johnm901","younl901","cobld901","","",41689,"","","","","",0,1,33,2,9,4,5,1,149,9,3,8,8,10,1,0,5,2,"martd001","quanp001","","","nixoo001",8,"britt001",4,"cartj001",7,"olerj001",3,"sprae001",5,"delgc001",10,"grees001",9,"obric001",2,"gonza001",6,"loftk001",8,"vizqo001",6,"baerc001",4,"bellj002",7,"murre001",10,"franj002",3,"thomj002",5,"ramim002",9,"aloms001",2,"timlm001","mesaj001"
"CLE199604190","19960419",0,"Friday",706,"T","N","BOS","CLE","CLE08","gordt001","martd001","mccol901","fordd901","meric901","evanj901","","",40521,"","","","","",0,1,68,1,1,4,1,4,175,9,4,9,9,13,1,0,7,9,"martd001","gordt001","","","hosed001",8,"valej002",6,"vaugm001",3,"cansj001",10,"greem001",7,"oleat001",9,"stanm002",2,"cordw001",4,"belte001",5,"loftk001",8,"franj002",3,"baerc001",4,"bellj002",7,"murre001",10,"ramim002",9,"thomj002",5,"aloms001",2,"vizqo001",6,"hudsj001","mesaj001"
"CLE199604200","19960420",0,"Saturday",106,"T","D","BOS","CLE","CLE08","waket001","mcdoj001","fordd901","meric901","evanj901","mccol901","","",40498,"","","","","",0,1,70,3,25,2,1,2,157,9,1,2,6,5,2,0,9,7,"mcdoj001","waket001","mesaj001","","cuylm001",8,"valej002",6,"vaugm001",3,"jeffr001",10,"stanm002",2,"greem001",7,"oleat001",9,"cordw001",4,"selbb001",5,"loftk001",8,"franj002",3,"baerc001",4,"bellj002",7,"murre001",10,"ramim002",9,"thomj002",5,"penat001",2,"vizqo001",6,"belis001","mesaj001"
"CLE199604210","19960421",0,"Sunday",105,"T","D","BOS","CLE","CLE08","clemr001","herso001","meric901","evanj901","mccol901","fordd901","","",42256,"","","","","",0,1,51,3,15,4,1,1,207,9,7,11,14,11,0,0,9,8,"ogeac001","pennb001","","","cuylm001",8,"valej002",6,"vaugm001",3,"jeffr001",10,"stanm002",2,"greem001",7,"oleat001",9,"cordw001",4,"selbb001",5,"loftk001",8,"franj002",3,"baerc001",4,"bellj002",7,"murre001",10,"ramim002",9,"thomj002",5,"aloms001",2,"vizqo001",6,"sloch001","assep001"
"CLE199604220","19960422",0,"Monday",736,"T","N","BAL","CLE","CLE08","erics001","nagyc001","shulj901","mcclt901","tscht901","denkd901","","",42236,"","","","","",0,1,53,3,12,3,2,4,195,9,3,6,10,12,1,1,6,8,"nagyc001","erics001","mesaj001","","andeb001",8,"alomr001",4,"palmr001",3,"bonib001",10,"surhb001",5,"ripkc001",6,"hoilc001",2,"tarat001",9,"hammj001",7,"loftk001",8,"franj002",3,"baerc001",4,"bellj002",7,"murre001",10,"ramim002",9,"thomj002",5,"aloms001",2,"vizqo001",6,"sackb001","mesaj001"
"CLE199604230","19960423",0,"Tuesday",735,"T","N","BAL","CLE","CLE08","mussm001","lopea002","mcclt901","tscht901","(none)","shulj901","","",40770,"","","","","",0,1,38,5,20,3,2,4,207,9,8,9,13,10,0,2,7,5,"ogeac001","mussm001","mesaj001","","andeb001",8,"alomr001",4,"palmr001",3,"bonib001",10,"surhb001",5,"ripkc001",6,"hoilc001",2,"tarat001",9,"hammj001",7,"loftk001",8,"franj002",3,"baerc001",4,"bellj002",7,"murre001",10,"ramim002",9,"thomj002",5,"aloms001",2,"vizqo001",6,"myerr001","mesaj001"
"CLE199604300","19960430",0,"Tuesday",707,"T","N","CHA","CLE","CLE08","tapak001","martd001","hicke901","shulj901","mcclt901","tscht901","","",40268,"","","","","",0,1,47,2,22,2,2,4,164,9,3,5,4,12,0,0,3,10,"martd001","tapak001","mesaj001","","philt001",7,"martd002",8,"thomf001",3,"bainh001",10,"ventr001",5,"tartd001",9,"karkr001",2,"durhr001",4,"guilo001",6,"loftk001",8,"franj002",3,"baerc001",4,"bellj002",7,"murre001",10,"ramim002",9,"thomj002",5,"aloms001",2,"vizqo001",6,"keysb001","mesaj001"
"CLE199605010","19960501",0,"Wednesday",706,"T","N","CHA","CLE","CLE08","magrj001","mcdoj001","shulj901","mcclt901","tscht901","hicke901","","",40447,"","","","","",0,0,53,2,12,4,1,4,181,9,5,9,11,12,1,0,7,6,"mcdoj001","mccak001","plune001","","philt001",7,"martd002",8,"thomf001",3,"bainh001",10,"ventr001",5,"tartd001",9,"karkr001",2,"munoj001",4,"guilo001",6,"loftk001",8,"franj002",3,"baerc001",4,"bellj002",7,"murre001",10,"ramim002",9,"thomj002",5,"aloms001",2,"vizqo001",6,"simab001","plune001"
"CLE199605140","19960514",0,"Tuesday",705,"T","N","DET","CLE","CLE08","gohrg001","nagyc001","hirsj901","joycj901","(none)","mckej901","","",40765,"","","","","",0,1,52,1,7,4,1,4,152,9,1,5,7,7,1,0,7,6,"nagyc001","gohrg001","","","curtc001",7,"singd001",8,"frymt001",5,"fielc001",3,"nievm001",9,"pridc001",10,"lewim001",4,"flahj001",2,"trama001",6,"loftk001",8,"franj002",3,"baerc001",4,"bellj002",7,"murre001",10,"thomj002",5,"ramim002",9,"aloms001",2,"vizqo001",6,"lewir001",""
"CLE199605150","19960515",0,"Wednesday",709,"T","N","DET","CLE","CLE08","limaj001","martd001","joycj901","mckej901","hendt901","hirsj901","","",42259,"","","","","",0,1,54,2,20,4,1,4,174,9,2,5,6,11,1,0,4,12,"martd001","limaj001","mesaj001","","curtc001",7,"singd001",8,"frymt001",5,"fielc001",3,"nievm001",9,"wille001",10,"lewim001",4,"flahj001",2,"trama001",6,"loftk001",8,"franj002",3,"baerc001",4,"bellj002",7,"murre001",10,"thomj002",5,"ramim002",9,"penat001",2,"vizqo001",6,"verer001","mesaj001"
"CLE199605160","19960516",0,"Thursday",716,"T","N","DET","CLE","CLE08","willb001","mcdoj001","mckej901","hendt901","hirsj901","joycj901","","",42330,"","","","","",0,1,51,6,8,4,1,4,144,9,3,8,7,5,1,0,6,3,"mcdoj001","willb001","","","curtc001",7,"singd001",8,"frymt001",5,"fielc001",3,"nievm001",9,"wille001",10,"lewim001",4,"flahj001",2,"gomec001",6,"loftk001",8,"franj002",3,"baerc001",4,"bellj002",7,"murre001",10,"thomj002",5,"ramim002",9,"aloms001",2,"vizqo001",6,"olsog001",""
"CLE199605170","19960517",0,"Friday",705,"T","N","TEX","CLE","CLE08","grosk001","herso001","kaisk901","cousd901","welkt901","brinj901","","",41225,"","","","","",0,1,66,3,4,2,1,4,222,9,10,12,14,17,3,0,9,5,"embra001","hereg001","mesaj001","","hamid001",8,"rodri001",2,"clarw001",3,"tettm001",10,"greer001",7,"palmd002",5,"newsw001",9,"mclem001",4,"elstk001",6,"loftk001",8,"franj002",3,"baerc001",4,"bellj002",7,"murre001",10,"thomj002",5,"burnj001",9,"aloms001",2,"vizqo001",6,"hereg001","mesaj001"
"CLE199605180","19960518",0,"Saturday",105,"T","D","TEX","CLE","CLE08","olivd001","andeb002","cousd901","welkt901","brinj901","kaisk901","","",40973,"","","","","",0,1,83,2,24,4,1,1,168,9,6,3,10,7,1,3,4,8,"olivd001","andeb002","hennm001","","hamid001",8,"rodri001",2,"clarw001",3,"tettm001",10,"palmd002",5,"greer001",7,"mclem001",4,"bufod001",9,"elstk001",6,"loftk001",8,"franj002",3,"baerc001",4,"bellj002",7,"murre001",10,"ramim002",9,"aloms001",2,"espia001",5,"vizqo001",6,"hennm001","assep001"
"CLE199605190","19960519",0,"Sunday",105,"T","D","TEX","CLE","CLE08","wittb001","nagyc001","welkt901","brinj901","kaisk901","cousd901","","",43299,"","","","","",0,1,83,2,10,4,1,1,167,9,5,8,9,11,2,0,4,7,"nagyc001","wittb001","mesaj001","","hamid001",8,"rodri001",2,"clarw001",3,"tettm001",10,"palmd002",5,"newsw001",7,"mclem001",4,"bufod001",9,"elstk001",6,"loftk001",8,"franj002",3,"baerc001",4,"bellj002",7,"murre001",10,"thomj002",5,"ramim002",9,"aloms001",2,"vizqo001",6,"branm002","mesaj001"
"CLE199605210","19960521",0,"Tuesday",709,"T","N","MIL","CLE","CLE08","mcdob001","martd001","reilm901","craft901","garcr901","cedeg901","","",39974,"","","","","",0,1,67,2,5,4,1,4,203,9,5,6,13,9,1,0,9,6,"tavaj001","bozem001","","","carrc001",8,"seitk001",5,"valej003",6,"vaugg001",7,"jahaj001",10,"nilsd001",3,"miesm001",9,"vinaf001",4,"mathm001",2,"loftk001",8,"franj002",3,"baerc001",4,"bellj002",7,"murre001",10,"thomj002",5,"ramim002",9,"penat001",2,"vizqo001",6,"bozem001","tavaj001"
"CLE199605220","19960522",0,"Wednesday",705,"T","N","MIL","CLE","CLE08","karls001","mcdoj001","craft901","garcr901","cedeg901","reilm901","","",41027,"","","","","",0,1,73,3,6,4,1,4,203,9,10,8,13,12,1,2,7,5,"karls001","mcdoj001","fettm001","","carrc001",8,"seitk001",3,"valej003",6,"vaugg001",7,"nilsd001",10,"cirij001",5,"vinaf001",4,"wardt001",9,"mathm001",2,"loftk001",8,"franj002",3,"baerc001",4,"bellj002",7,"murre001",10,"ramim002",9,"thomj002",5,"aloms001",2,"vizqo001",6,"fettm001","assep001"
"CLE199605230","19960523",0,"Thursday",705,"T","N","MIL","CLE","CLE08","miraa001","herso001","garcr901","cedeg901","reilm901","craft901","","",42395,"","","","","",0,1,61,1,12,4,1,4,161,9,1,5,8,10,0,0,10,6,"herso001","miraa001","","","carrc001",8,"seitk001",5,"valej003",6,"vaugg001",7,"jahaj001",10,"nilsd001",3,"miesm001",9,"vinaf001",4,"mathm001",2,"loftk001",8,"franj002",3,"baerc001",4,"bellj002",7,"murre001",10,"ramim002",9,"aloms001",2,"leius001",5,"vizqo001",6,"wickk001","tavaj001"
"CLE199606040","19960604",0,"Tuesday",707,"T","N","SEA","CLE","CLE08","hitcs001","andeb002","clara901","morrd901","barnl901","koscg901","","",42179,"","","","","",0,1,68,2,5,4,1,4,203,9,10,7,12,12,3,2,8,9,"carmr001","mesaj001","charn001","","amarr001",7,"rodra001",6,"grifk002",8,"marte001",10,"buhnj001",9,"huntb001",3,"sojol001",4,"wilsd001",2,"davir002",5,"loftk001",8,"franj002",3,"baerc001",4,"bellj002",7,"ramim002",9,"murre001",10,"aloms001",2,"thomj002",5,"vizqo001",6,"charn001","assep001"
"CLE199606050","19960605",0,"Wednesday",739,"T","N","SEA","CLE","CLE08","wagnm002","nagyc001","morrd901","barnl901","koscg901","clara901","","",42274,"","","","","",0,0,69,0,-1,0,0,0,204,9,5,13,11,13,4,2,12,9,"plune001","milab001","","","coraj001",4,"rodra001",6,"grifk002",8,"marte001",10,"buhnj001",9,"sorrp001",3,"wilsd001",2,"bragd001",7,"davir002",5,"loftk001",8,"franj002",3,"baerc001",4,"bellj002",7,"thomj002",5,"murre001",10,"ramim002",9,"aloms001",2,"vizqo001",6,"menhp001","embra001"
"CLE199606060","19960606",0,"Thursday",708,"T","N","SEA","CLE","CLE08","wellb002","martd001","barnl901","koscg901","clara901","morrd901","","",42236,"","","","","",0,1,71,2,14,3,1,4,182,9,5,2,12,6,0,0,7,8,"wellb002","martd001","charn001","","coraj001",4,"rodra001",6,"grifk002",8,"marte001",10,"buhnj001",9,"sorrp001",3,"wilsd001",2,"bragd001",7,"sojol001",5,"kirbw001",8,"franj002",3,"baerc001",4,"bellj002",10,"thomj002",5,"ramim002",9,"burnj001",7,"penat001",2,"vizqo001",6,"charn001","assep001"
"CLE199606070","19960607",0,"Friday",841,"T","N","CAL","CLE","CLE08","bosks001","mcdoj001","mcclt901","tscht901","hicke901","shulj901","","",42260,"","","","","",0,1,70,1,8,3,4,4,146,9,3,4,4,6,2,0,2,6,"mcdoj001","bosks001","mesaj001","","hudlr001",10,"palmo001",8,"snowj001",3,"salmt001",9,"andeg001",7,"wallt001",5,"slaud001",2,"velar001",4,"disag001",6,"loftk001",8,"franj002",10,"baerc001",4,"bellj002",7,"thomj002",5,"aloms001",2,"burnj001",9,"perrh001",3,"vizqo001",6,"","mesaj001"
"CLE199606080","19960608",0,"Saturday",107,"T","D","CAL","CLE","CLE08","finlc001","herso001","tscht901","hicke901","shulj901","mcclt901","","",42267,"","","","","",0,0,72,0,-1,0,0,0,163,9,0,5,6,10,2,0,6,10,"herso001","finlc001","","","hudlr001",4,"palmo001",8,"snowj001",3,"salmt001",9,"andeg001",7,"wallt001",10,"velar001",5,"fabrj001",2,"easld001",6,"loftk001",8,"franj002",10,"baerc001",4,"bellj002",7,"ramim002",9,"thomj002",5,"perrh001",3,"penat001",2,"vizqo001",6,"hancr001","tavaj001"
"CLE199606090","19960609",0,"Sunday",105,"T","D","CAL","CLE","CLE08","grimj001","andeb002","hicke901","shulj901","mcclt901","tscht901","","",42237,"","","","","",0,1,80,6,10,2,3,2,274,13,8,6,15,13,1,0,7,12,"hancr001","tavaj001","","","hudlr001",10,"palmo001",8,"slaud001",2,"salmt001",9,"wallt001",5,"andeg001",7,"snowj001",3,"velar001",4,"easld001",6,"loftk001",8,"franj002",10,"baerc001",4,"bellj002",7,"thomj002",5,"ramim002",9,"aloms001",2,"perrh001",3,"vizqo001",6,"hancr001","tavaj001"
"CLE199606100","19960610",0,"Monday",707,"T","N","OAK","CLE","CLE08","johnd003","nagyc001","mccol901","fordd901","meric901","evanj901","","",42167,"","","","","",0,1,74,6,13,4,1,4,179,9,4,5,9,9,1,1,8,10,"nagyc001","johnd003","mesaj001","","herrj001",9,"gateb001",4,"giamj001",5,"mcgwm001",3,"steit001",2,"berrg001",10,"planp001",7,"youne002",8,"bordm001",6,"loftk001",8,"franj002",3,"baerc001",4,"bellj002",7,"ramim002",9,"murre001",10,"aloms001",2,"thomj002",5,"vizqo001",6,"groob001","mesaj001"
"CLE199606110","19960611",0,"Tuesday",740,"T","N","OAK","CLE","CLE08","adamw001","martd001","fordd901","meric901","evanj901","mccol901","","",42249,"","","","","",0,1,65,2,8,3,1,4,294,13,5,6,15,10,2,1,12,17,"ogeac001","reyec001","","","herrj001",9,"gateb001",4,"giamj001",5,"mcgwm001",3,"berrg001",10,"steit001",2,"planp001",7,"mashd001",8,"bordm001",6,"loftk001",8,"franj002",3,"baerc001",4,"bellj002",7,"thomj002",5,"murre001",10,"ramim002",9,"penat001",2,"vizqo001",6,"reyec001","ogeac001"
"CLE199606120","19960612",0,"Wednesday",705,"T","N","OAK","CLE","CLE08","choub001","mcdoj001","meric901","evanj901","mccol901","fordd901","","",40673,"","","","","",0,1,71,2,8,2,2,2,191,9,9,6,9,10,0,0,6,8,"monts001","mcdoj001","mohlm001","","herrj001",9,"gateb001",4,"giamj001",5,"mcgwm001",3,"berrg001",10,"willg002",2,"planp001",7,"youne002",8,"bordm001",6,"loftk001",8,"franj002",3,"baerc001",4,"bellj002",7,"thomj002",5,"murre001",10,"ramim002",9,"aloms001",2,"vizqo001",6,"mohlm001","tavaj001"
"CLE199606180","19960618",0,"Tuesday",706,"T","N","BOS","CLE","CLE08","selea001","mcdoj001","cousd901","welkt901","brinj901","kaisk901","","",42209,"","","","","",0,1,76,1,12,3,3,4,218,9,7,9,14,13,1,1,10,7,"swing001","selea001","mesaj001","","fryej001",4,"valej002",6,"vaugm001",3,"cansj001",10,"naeht001",5,"oleat001",9,"stanm002",2,"jeffr001",7,"tinsl001",8,"loftk001",8,"franj002",3,"bellj002",7,"murre001",10,"thomj002",5,"ramim002",9,"baerc001",4,"aloms001",2,"vizqo001",6,"stanm003","mesaj001"
"CLE199606190","19960619",0,"Wednesday",739,"T","N","BOS","CLE","CLE08","gordt001","herso001","welkt901","brinj901","kaisk901","cousd901","","",42276,"","","","","",0,1,78,1,9,4,1,4,166,9,4,11,14,13,4,0,12,8,"herso001","gordt001","","","fryej001",4,"valej002",6,"vaugm001",3,"cansj001",10,"jeffr001",7,"naeht001",5,"stanm002",2,"oleat001",9,"tinsl001",8,"loftk001",8,"franj002",3,"thomj002",5,"bellj002",7,"ramim002",9,"murre001",10,"baerc001",4,"penat001",2,"vizqo001",6,"sloch001","assep001"
"CLE199606200","19960620",0,"Thursday",706,"T","N","BOS","CLE","CLE08","clemr001","ogeac001","brinj901","kaisk901","cousd901","welkt901","","",42306,"","","","","",0,1,74,3,14,4,1,4,166,9,4,5,10,10,0,1,5,7,"shuep001","stanm003","","","fryej001",4,"valej002",6,"vaugm001",3,"cansj001",10,"naeht001",5,"jeffr001",7,"haseb001",2,"oleat001",9,"tinsl001",8,"loftk001",8,"franj002",3,"thomj002",5,"bellj002",7,"ramim002",9,"murre001",10,"baerc001",4,"penat001",2,"vizqo001",6,"stanm003","shuep001"
"CLE199606211","19960621",1,"Friday",1203,"T","D","NYA","CLE","CLE08","boehb001","nagyc001","tscht901","cousd901","hicke901","brinj901","","",42176,"","","","","",0,1,82,3,8,4,1,1,236,10,8,7,12,14,1,2,10,9,"nelsj001","mesaj001","wettj001","","boggw001",5,"jeted001",6,"oneip001",9,"martt002",3,"willb002",8,"sierr001",10,"giraj001",2,"willg001",7,"fox-a001",4,"loftk001",8,"vizqo001",6,"franj002",3,"thomj002",5,"ramim002",9,"murre001",10,"baerc001",4,"burnj001",7,"aloms001",2,"wettj001","poolj001"
"CLE199606212","19960621",2,"Friday",704,"T","N","NYA","CLE","CLE08","mendr001","tavaj001","cousd901","mcclt901","brinj901","hicke901","","",42454,"","","","","",0,1,78,2,9,4,1,4,180,9,9,3,17,7,1,0,10,8,"mendr001","tavaj001","","","jeted001",6,"willb002",8,"oneip001",9,"martt002",3,"sierr001",7,"aldrm001",10,"duncm001",4,"leyrj001",2,"fox-a001",5,"loftk001",8,"vizqo001",6,"franj002",3,"thomj002",5,"ramim002",9,"murre001",10,"baerc001",4,"burnj001",7,"aloms001",2,"nelsj001","assep001"
"CLE199606220","19960622",0,"Saturday",108,"T","D","NYA","CLE","CLE08","rogek001","martd001","mcclt901","brinj901","hicke901","tscht901","","",42461,"","","","","",0,0,83,3,15,0,1,3,250,9,11,9,15,12,2,2,10,11,"brewb001","martd001","wettj001","","boggw001",5,"willb002",8,"oneip001",9,"martt002",3,"sierr001",7,"aldrm001",10,"duncm001",4,"giraj001",2,"jeted001",6,"loftk001",8,"vizqo001",6,"franj002",3,"bellj002",7,"ramim002",9,"murre001",10,"baerc001",4,"thomj002",5,"penat001",2,"wettj001","poolj001"
"CLE199606230","19960623",0,"Sunday",105,"T","D","NYA","CLE","CLE08","goodd001","mcdoj001","hicke901","cousd901","tscht901","mcclt901","","",41767,"","","","","",0,1,66,6,10,4,1,1,196,9,6,5,7,9,2,1,4,10,"goodd001","mcdoj001","wettj001","","boggw001",5,"willb002",8,"oneip001",9,"martt002",3,"sierr001",7,"leyrj001",10,"giraj001",2,"jeted001",6,"fox-a001",4,"loftk001",8,"vizqo001",6,"baerc001",4,"bellj002",7,"thomj002",5,"murre001",10,"ramim002",9,"aloms001",2,"espia001",3,"wettj001","ogeac001"
"CLE199607010","19960701",0,"Monday",705,"T","N","KCA","CLE","CLE08","hanec001","nagyc001","coope901","cobld901","reedr901","younl901","","",40814,"","","","","",0,1,77,1,7,4,1,4,143,9,4,2,10,7,0,0,7,4,"hanec001","nagyc001","","","damoj001",8,"goodt001",7,"lockk001",4,"vitij001",10,"macfm001",2,"offej001",3,"tuckm001",9,"randj002",5,"howad001",6,"loftk001",8,"vizqo001",6,"baerc001",4,"bellj002",7,"ramim002",9,"murre001",10,"aloms001",2,"thomj002",5,"espia001",3,"","poolj001"
"CLE199607020","19960702",0,"Tuesday",706,"T","N","KCA","CLE","CLE08","belct001","ogeac001","cobld901","reedr901","younl901","coope901","","",42283,"","","","","",0,1,77,2,8,4,1,4,150,9,2,3,10,8,1,0,11,7,"poolj001","belct001","","","damoj001",8,"goodt001",7,"lockk001",4,"macfm001",2,"tuckm001",9,"paquc001",10,"offej001",3,"randj002",5,"howad001",6,"loftk001",8,"vizqo001",6,"baerc001",4,"bellj002",7,"thomj002",5,"murre001",10,"ramim002",9,"aloms001",2,"leius001",3,"pichh001","poolj001"
"CLE199607030","19960703",0,"Wednesday",705,"T","N","KCA","CLE","CLE08","appik001","tavaj001","reedr901","younl901","coope901","cobld901","","",42470,"","","","","",0,1,66,6,22,4,1,4,160,9,4,6,10,9,0,0,4,9,"tavaj001","magnm001","shuep001","","damoj001",8,"goodt001",7,"lockk001",4,"paquc001",10,"tuckm001",9,"offej001",3,"randj002",5,"fasas001",2,"howad001",6,"loftk001",8,"vizqo001",6,"baerc001",4,"bellj002",7,"thomj002",5,"murre001",10,"ramim002",9,"aloms001",2,"espia001",3,"jacoj001","shuep001"
"CLE199607040","19960704",0,"Thursday",106,"T","D","CHA","CLE","CLE08","baldj002","mcdoj001","younl901","coope901","cobld901","reedr901","","",42355,"","","","","",0,0,68,3,18,4,1,1,212,10,6,5,12,13,0,2,11,9,"karcm001","mesaj001","hernr001","","philt001",7,"martd002",8,"thomf001",3,"bainh001",10,"tartd001",9,"ventr001",5,"kreuc001",2,"durhr001",4,"guilo001",6,"loftk001",8,"vizqo001",6,"baerc001",4,"bellj002",7,"thomj002",5,"murre001",10,"ramim002",9,"penat001",2,"espia001",3,"hernr001","mesaj001"
"CLE199607050","19960705",0,"Friday",708,"T","N","CHA","CLE","CLE08","alvaw001","herso001","scotd901","clara901","onorb901","merrd901","","",42536,"","","","","",0,0,74,1,9,4,1,4,185,9,7,0,14,6,0,2,10,7,"alvaw001","herso001","","","philt001",7,"martd002",8,"thomf001",3,"bainh001",10,"tartd001",9,"ventr001",5,"karkr001",2,"durhr001",4,"guilo001",6,"loftk001",8,"vizqo001",6,"franj002",3,"bellj002",7,"ramim002",9,"murre001",10,"baerc001",4,"thomj002",5,"aloms001",2,"hernr001","poolj001"
"CLE199607060","19960706",0,"Saturday",108,"T","D","CHA","CLE","CLE08","tapak001","nagyc001","clara901","onorb901","merrd901","scotd901","","",42454,"","","","","",0,1,79,4,10,4,1,1,155,9,3,2,7,7,0,0,4,6,"karcm001","shuep001","hernr001","","philt001",7,"martd002",8,"thomf001",3,"bainh001",10,"tartd001",9,"ventr001",5,"karkr001",2,"durhr001",4,"guilo001",6,"loftk001",8,"baerc001",4,"thomj002",5,"bellj002",7,"franj002",3,"murre001",10,"ramim002",9,"penat001",2,"vizqo001",6,"hernr001","shuep001"
"CLE199607070","19960707",0,"Sunday",108,"T","D","CHA","CLE","CLE08","ferna001","ogeac001","onorb901","merrd901","scotd901","clara901","","",42343,"","","","","",0,1,83,2,12,4,1,1,160,9,1,6,6,12,1,0,5,7,"ogeac001","ferna001","assep001","","philt001",7,"martd002",8,"thomf001",3,"bainh001",10,"tartd001",9,"ventr001",5,"karkr001",2,"durhr001",4,"guilo001",6,"loftk001",8,"vizqo001",6,"thomj002",5,"bellj002",7,"ramim002",9,"murre001",10,"baerc001",4,"aloms001",2,"espia001",3,"darwj001","assep001"
"CLE199607180","19960718",0,"Thursday",716,"T","N","MIN","CLE","CLE08","aguir001","ogeac001","hirsj901","mckej901","joycj901","hendt901","","",40934,"","","","","",0,1,76,2,12,2,1,4,180,9,4,5,6,9,0,0,4,4,"gravd001","guare001","","","knobc001",4,"beckr002",8,"molip001",10,"stahs001",3,"cordm001",7,"holld001",5,"walbm001",2,"mearp001",6,"hockd001",9,"loftk001",8,"carrm001",3,"thomj002",5,"bellj002",7,"ramim002",9,"burnj001",10,"baerc001",4,"penat001",2,"vizqo001",6,"guare001","gravd001"
"CLE199607190","19960719",0,"Friday",709,"T","N","MIN","CLE","CLE08","rodrf001","nagyc001","hirsj901","hendt901","joycj901","mckej901","","",42373,"","","","","",0,1,73,3,17,2,1,4,182,9,3,2,3,6,0,2,6,8,"rodrf001","nagyc001","nauld001","","knobc001",4,"hockd001",9,"molip001",10,"cordm001",7,"stahs001",3,"reboj001",5,"beckr002",8,"mearp001",6,"duram001",2,"loftk001",8,"gileb002",10,"thomj002",5,"bellj002",7,"ramim002",9,"baerc001",4,"carrm001",3,"penat001",2,"vizqo001",6,"nauld001","mesaj001"
"CLE199607200","19960720",0,"Saturday",107,"T","D","MIN","CLE","CLE08","aldrs001","tavaj001","joycj901","hendt901","hirsj901","mckej901","","",43433,"","","","","",0,0,66,3,14,0,1,1,239,11,5,6,11,16,2,0,10,11,"shuep001","stevd001","","","knobc001",4,"beckr002",8,"molip001",3,"cordm001",7,"stahs001",10,"kellb002",9,"holld001",5,"mearp001",6,"duram001",2,"loftk001",8,"vizqo001",6,"carrm001",3,"bellj002",7,"ramim002",9,"murre001",10,"baerc001",4,"thomj002",5,"aloms001",2,"stevd001","shuep001"
"CLE199607210","19960721",0,"Sunday",708,"T","N","MIN","CLE","CLE08","radkb001","mcdoj001","joycj901","mckej901","hirsj901","hendt901","","",42341,"","","","","",0,1,71,5,9,4,1,4,174,9,5,7,10,12,1,1,7,6,"mcdoj001","radkb001","shuep001","","knobc001",4,"hockd001",9,"molip001",10,"cordm001",7,"holld001",5,"reboj001",3,"beckr002",8,"mearp001",6,"duram001",2,"loftk001",8,"vizqo001",6,"thomj002",5,"bellj002",7,"ramim002",9,"burnj001",10,"baerc001",4,"carrm001",3,"penat001",2,"milcm001","shuep001"
"CLE199607300","19960730",0,"Tuesday",710,"T","N","TOR","CLE","CLE08","flenh001","martd001","fordd901","mccol901","evanj901","meric901","","",42355,"","","","","",0,1,75,2,8,2,1,4,175,9,3,1,8,4,0,1,9,5,"flenh001","martd001","timlm001","","nixoo001",8,"peret003",4,"delgc001",10,"cartj001",7,"sprae001",5,"olerj001",3,"obric001",2,"grees001",9,"gonza001",6,"loftk001",8,"vizcj001",6,"franj002",10,"bellj002",7,"ramim002",9,"kentj001",4,"carrm001",3,"thomj002",5,"penat001",2,"timlm001","plune001"
"CLE199607310","19960731",0,"Wednesday",739,"T","N","TOR","CLE","CLE08","guzmj003","nagyc001","evanj901","barnl901","fordd901","meric901","","",42301,"","","","","",0,0,72,2,8,3,4,4,198,9,2,4,8,9,0,0,10,10,"assep001","timlm001","","","nixoo001",8,"ceded001",4,"delgc001",10,"cartj001",7,"sprae001",5,"olerj001",3,"grees001",9,"gonza001",6,"marta002",2,"loftk001",8,"vizqo001",6,"thomj002",5,"bellj002",7,"franj002",3,"ramim002",9,"gileb002",10,"aloms001",2,"vizcj001",4,"rislb001","assep001"
"CLE199608010","19960801",0,"Thursday",705,"T","N","TOR","CLE","CLE08","hanse001","lopea002","mccol901","fordd901","meric901","evanj901","","",42249,"","","","","",0,1,72,2,9,4,1,4,166,9,5,3,9,12,0,0,2,8,"hanse001","lopea002","timlm001","","nixoo001",8,"ceded001",4,"delgc001",10,"cartj001",7,"sprae001",5,"olerj001",3,"obric001",2,"grees001",9,"gonza001",6,"loftk001",8,"vizqo001",6,"thomj002",5,"bellj002",7,"franj002",3,"burnj001",9,"gileb002",10,"aloms001",2,"vizcj001",4,"timlm001","mesaj001"
"CLE199608020","19960802",0,"Friday",707,"T","N","BAL","CLE","CLE08","erics001","herso001","cedeg901","reilm901","onorb901","garcr901","","",42465,"","","","","",0,1,73,5,6,4,1,4,170,9,1,11,2,16,1,0,2,9,"herso001","erics001","","","alomr001",4,"andeb001",8,"palmr001",3,"bonib001",9,"surhb001",5,"ripkc001",6,"murre001",10,"zaung001",2,"hammj001",7,"loftk001",8,"vizqo001",6,"franj002",3,"bellj002",7,"thomj002",5,"ramim002",9,"burnj001",10,"aloms001",2,"vizcj001",4,"shepk001","gravd001"
"CLE199608030","19960803",0,"Saturday",107,"T","D","BAL","CLE","CLE08","krivr001","ogeac001","onorb901","reilm901","cedeg901","garcr901","","",42448,"","","","","",0,1,78,6,12,4,1,1,200,9,9,4,14,11,0,1,5,10,"orosj001","ogeac001","","","alomr001",4,"andeb001",8,"palmr001",3,"bonib001",9,"surhb001",5,"ripkc001",6,"murre001",10,"hoilc001",2,"hammj001",7,"loftk001",8,"vizcj001",4,"franj002",3,"bellj002",7,"ramim002",9,"kentj001",5,"carrm001",10,"penat001",2,"vizqo001",6,"milla001","assep001"
"CLE199608040","19960804",0,"Sunday",108,"T","D","BAL","CLE","CLE08","coppr001","andeb002","onorb901","garcr901","cedeg901","reilm901","","",42349,"","","","","",0,1,79,6,8,4,1,2,213,9,2,14,11,11,1,0,8,6,"andeb002","coppr001","","","alomr001",4,"andeb001",8,"ripkc001",6,"palmr001",3,"bonib001",9,"surhb001",5,"murre001",10,"hoilc001",2,"hammj001",7,"loftk001",8,"vizqo001",6,"thomj002",5,"bellj002",7,"ramim002",9,"gileb002",10,"carrm001",3,"penat001",2,"vizcj001",4,"myerr001","mesaj001"
"CLE199608050","19960805",0,"Monday",705,"T","N","BAL","CLE","CLE08","welld001","nagyc001","reilm901","onorb901","garcr901","cedeg901","","",40863,"","","","","",0,1,80,7,10,4,1,4,234,9,13,10,21,19,0,2,11,9,"welld001","assep001","","","alomr001",4,"andeb001",8,"palmr001",3,"bonib001",9,"surhb001",5,"ripkc001",6,"murre001",10,"hoilc001",2,"hammj001",7,"loftk001",8,"vizcj001",4,"carrm001",3,"bellj002",7,"ramim002",9,"kentj001",10,"aloms001",2,"thomj002",5,"vizqo001",6,"myerr001","swing001"
"CLE199608160","19960816",0,"Friday",708,"T","N","DET","CLE","CLE08","liraf001","nagyc001","meric901","evanj901","mccol901","fordd901","","",42485,"","","","","",0,1,73,6,10,4,1,4,211,12,1,3,7,7,1,2,6,6,"assep001","lewir001","","","pridc001",10,"lewim001",4,"frymt001",5,"sierr001",9,"higgb001",7,"clart002",3,"cedea001",6,"ausmb001",2,"bartk001",8,"loftk001",8,"vizqo001",6,"thomj002",5,"bellj002",7,"ramim002",9,"gileb002",10,"carrm001",3,"aloms001",2,"vizcj001",4,"lewir001","assep001"
"CLE199608170","19960817",0,"Saturday",108,"T","D","DET","CLE","CLE08","thomj003","herso001","meric901","fordd901","mccol901","evanj901","","",42511,"","","","","",0,1,75,4,0,4,1,1,174,9,3,6,8,7,1,0,8,3,"herso001","thomj003","mesaj001","","pridc001",7,"easld001",6,"frymt001",5,"sierr001",10,"higgb001",9,"clart002",3,"lewim001",4,"parem001",2,"bartk001",8,"loftk001",8,"vizcj001",4,"carrm001",3,"bellj002",7,"ramim002",9,"kentj001",10,"thomj002",5,"penat001",2,"vizqo001",6,"cummj001","mesaj001"
"CLE199608180","19960818",0,"Sunday",107,"T","D","DET","CLE","CLE08","willb001","ogeac001","evanj901","meric901","fordd901","mccol901","","",42337,"","","","","",0,1,74,6,10,4,1,1,182,9,3,11,6,13,3,0,5,5,"ogeac001","willb001","","","pridc001",7,"easld001",4,"frymt001",5,"sierr001",9,"higgb001",8,"clart002",3,"lewim001",10,"cedea001",6,"ausmb001",2,"loftk001",8,"vizqo001",6,"thomj002",5,"bellj002",7,"ramim002",9,"gileb002",10,"aloms001",2,"kentj001",3,"vizcj001",4,"olsog001","tavaj001"
"CLE199608190","19960819",0,"Monday",705,"T","N","TEX","CLE","CLE08","pavlr001","mcdoj001","cobld901","reedr901","johnm901","younl901","","",42393,"","","","","",0,1,79,1,8,4,1,4,163,9,10,3,12,4,0,1,10,4,"pavlr001","mcdoj001","","","hamid001",8,"rodri001",2,"greer001",7,"gonzj002",9,"clarw001",3,"palmd002",5,"tettm001",10,"mclem001",4,"elstk001",6,"vizqo001",6,"vizcj001",4,"thomj002",5,"bellj002",7,"ramim002",9,"gileb002",10,"carrm001",3,"burnj001",8,"aloms001",2,"","merck001"
"CLE199608200","19960820",0,"Tuesday",706,"T","N","TEX","CLE","CLE08","wittb001","lopea002","reedr901","johnm901","younl901","cobld901","","",42370,"","","","","",0,1,75,6,6,3,3,4,181,9,4,10,11,12,1,0,10,9,"lopea002","wittb001","","","hamid001",8,"rodri001",2,"greer001",7,"gonzj002",9,"clarw001",3,"palmd002",5,"tettm001",10,"mclem001",4,"elstk001",6,"loftk001",8,"vizqo001",6,"thomj002",5,"bellj002",7,"ramim002",9,"burnj001",10,"aloms001",2,"carrm001",3,"vizcj001",4,"stanm003","assep001"
"CLE199608210","19960821",0,"Wednesday",739,"T","N","TEX","CLE","CLE08","burkj001","nagyc001","johnm901","younl901","cobld901","reedr901","","",42345,"","","","","",0,1,76,3,5,2,1,4,247,10,10,8,17,17,0,3,10,17,"vosbe001","tavaj001","","","hamid001",8,"rodri001",2,"greer001",7,"gonzj002",9,"clarw001",3,"palmd002",5,"tettm001",10,"mclem001",4,"elstk001",6,"loftk001",8,"vizqo001",6,"thomj002",5,"bellj002",7,"ramim002",9,"gileb002",10,"carrm001",3,"aloms001",2,"vizcj001",4,"vosbe001","tavaj001"
"CLE199608230","19960823",0,"Friday",708,"T","N","MIL","CLE","CLE08","mcdob001","herso001","mckej901","joycj901","hirsj901","hendt901","","",42405,"","","","","",0,1,75,7,8,2,1,4,217,11,6,5,12,10,1,1,5,8,"joned001","mesaj001","fettm001","","vinaf001",4,"cirij001",5,"nilsd001",9,"jahaj001",3,"seitk001",10,"valej003",6,"newfm001",7,"hulsd001",8,"levij001",2,"loftk001",8,"vizqo001",6,"thomj002",5,"bellj002",7,"ramim002",9,"gileb002",10,"carrm001",3,"penat001",2,"vizcj001",4,"fettm001","mesaj001"
"CLE199608240","19960824",0,"Saturday",106,"T","D","MIL","CLE","CLE08","karls001","ogeac001","hirsj901","joycj901","mckej901","hendt901","","",42437,"","","","","",0,1,74,4,12,4,1,1,212,10,4,3,9,10,3,1,8,9,"wickb001","plune001","fettm001","","vinaf001",4,"cirij001",5,"nilsd001",9,"jahaj001",10,"seitk001",3,"valej003",6,"newfm001",7,"willg001",8,"levij001",2,"loftk001",8,"vizcj001",4,"thomj002",5,"bellj002",7,"ramim002",9,"aloms001",2,"kentj001",3,"gileb002",10,"vizqo001",6,"fettm001","shuep001"
"CLE199608250","19960825",0,"Sunday",107,"T","D","MIL","CLE","CLE08","damij001","mcdoj001","hirsj901","hendt901","mckej901","joycj901","","",42335,"","","","","",0,1,77,3,9,4,1,1,184,9,5,8,7,11,1,0,6,5,"shuep001","miraa001","mesaj001","","vinaf001",4,"lorem001",5,"nilsd001",9,"jahaj001",10,"seitk001",3,"valej003",6,"newfm001",7,"willg001",8,"levij001",2,"loftk001",8,"vizqo001",6,"thomj002",5,"bellj002",7,"ramim002",10,"burnj001",9,"aloms001",2,"kentj001",3,"vizcj001",4,"joned001","mesaj001"
"CLE199609081","19960908",1,"Sunday",107,"T","D","SEA","CLE","CLE08","mulht001","nagyc001","cedeg901","garcr901","onorb901","reilm901","","",42307,"","","","","",0,1,76,3,12,2,1,1,146,9,1,2,6,8,0,0,7,5,"nagyc001","mulht001","","","coraj001",4,"rodra001",6,"grifk002",8,"marte001",10,"buhnj001",9,"sorrp001",3,"whitm001",7,"wilsd001",2,"holld001",5,"loftk001",8,"seitk001",10,"thomj002",5,"bellj002",7,"franj002",3,"ramim002",9,"aloms001",2,"vizqo001",6,"vizcj001",4,"jackm001",""
"CLE199609082","19960908",2,"Sunday",806,"T","N","SEA","CLE","CLE08","hitcs001","andeb002","garcr901","onorb901","reilm901","cedeg901","","",42217,"","","","","",0,1,74,2,6,2,1,4,212,9,6,5,10,8,0,1,8,3,"charn001","mesaj001","","","amarr001",4,"rodra001",6,"grifk002",8,"marte001",10,"buhnj001",9,"holld001",5,"huntb001",3,"whitm001",7,"marzj001",2,"loftk001",8,"seitk001",3,"thomj002",5,"bellj002",7,"franj002",10,"ramim002",9,"vizqo001",6,"penat001",2,"vizcj001",4,"charn001","mesaj001"
"CLE199609090","19960909",0,"Monday",715,"T","N","CAL","CLE","CLE08","dickj001","ogeac001","clara901","morrd901","barnl901","koscg901","","",42208,"","","","","",0,1,73,1,10,3,4,4,184,9,3,4,11,7,1,2,9,4,"shuep001","holtm001","mesaj001","","eenhr001",4,"edmoj001",8,"salmt001",9,"davic001",10,"snowj001",3,"andeg001",7,"turnc001",2,"ariag001",5,"schod001",6,"loftk001",8,"seitk001",10,"thomj002",5,"bellj002",7,"franj002",3,"ramim002",9,"vizqo001",6,"penat001",2,"vizcj001",4,"eichm001","mesaj001"
"CLE199609100","19960910",0,"Tuesday",105,"T","D","CAL","CLE","CLE08","sprid001","herso001","morrd901","barnl901","koscg901","clara901","","",42181,"","","","","",0,1,71,5,7,2,1,3,202,9,5,7,10,11,2,1,6,9,"assep001","perct001","","","erstd001",7,"edmoj001",8,"snowj001",3,"davic001",10,"andeg001",9,"howej002",5,"hudlr001",4,"fabrj001",2,"disag001",6,"loftk001",8,"seitk001",10,"thomj002",5,"bellj002",7,"franj002",3,"ramim002",9,"vizqo001",6,"penat001",2,"vizcj001",4,"perct001","assep001"
"CLE199609110","19960911",0,"Wednesday",706,"T","N","CAL","CLE","CLE08","finlc001","mcdoj001","barnl901","koscg901","clara901","morrd901","","",42264,"","","","","",0,0,77,0,-1,0,0,0,139,9,0,2,6,5,2,0,4,3,"mcdoj001","finlc001","mesaj001","","hudlr001",4,"edmoj001",8,"salmt001",9,"davic001",10,"andeg001",7,"snowj001",3,"disag001",6,"fabrj001",2,"ariag001",5,"loftk001",8,"vizcj001",6,"franj002",3,"bellj002",7,"ramim002",9,"seitk001",10,"kentj001",5,"penat001",2,"candc001",4,"may-d002","mesaj001"
"CLE199609120","19960912",0,"Thursday",705,"T","N","CAL","CLE","CLE08","bosks001","andeb002","younl901","cobld901","barrt901","johnm901","","",42244,"","","","","",0,1,74,3,17,4,1,4,175,9,2,11,9,9,2,0,6,4,"andeb002","bosks001","","","velar001",4,"edmoj001",8,"salmt001",9,"davic001",10,"andeg001",7,"snowj001",3,"disag001",6,"greet003",2,"ariag001",5,"loftk001",8,"seitk001",10,"thomj002",5,"bellj002",7,"franj002",3,"ramim002",9,"aloms001",2,"vizqo001",6,"vizcj001",4,"ellir001","tavaj001"
"CLE199609141","19960914",1,"Saturday",109,"T","D","OAK","CLE","CLE08","wengd001","nagyc001","cobld901","barrt901","johnm901","younl901","","",0,"","","","","",0,1,69,0,69,3,2,3,164,9,2,9,8,15,1,0,6,6,"nagyc001","wengd001","","","batit001",4,"herrj001",8,"bross001",5,"mcgwm001",3,"berrg001",10,"giamj001",7,"steit001",2,"leshb001",9,"bordm001",6,"loftk001",8,"seitk001",10,"thomj002",5,"bellj002",7,"franj002",3,"ramim002",9,"aloms001",2,"vizqo001",6,"vizcj001",4,"johnd003","tavaj001"
"CLE199609142","19960914",2,"Saturday",442,"T","D","OAK","CLE","CLE08","smala001","ogeac001","barrt901","johnm901","younl901","cobld901","","",42233,"","","","","",0,0,61,3,15,0,1,2,208,9,8,9,12,10,0,0,8,10,"plune001","smala001","mesaj001","","batit001",4,"bourr001",6,"bross001",3,"mcgwm001",10,"berrg001",9,"staim001",7,"spies001",5,"youne002",8,"molii001",2,"loftk001",8,"vizqo001",6,"thomj002",5,"bellj002",7,"franj002",10,"ramim002",9,"kentj001",3,"penat001",2,"vizcj001",4,"witaj001","mesaj001"
"CLE199609150","19960915",0,"Sunday",108,"T","D","OAK","CLE","CLE08","telgd001","herso001","johnm901","younl901","cobld901","barrt901","","",42226,"","","","","",0,0,65,0,-1,0,0,3,231,10,10,9,14,15,1,2,6,11,"reyec001","mesaj001","","","batit001",4,"giamj001",7,"bross001",3,"berrg001",10,"leshb001",9,"steit001",2,"spies001",5,"youne002",8,"bordm001",6,"loftk001",8,"seitk001",10,"thomj002",5,"bellj002",7,"franj002",3,"ramim002",9,"aloms001",2,"vizqo001",6,"vizcj001",4,"reyec001","mesaj001"
"CLE199609190","19960919",0,"Thursday",708,"T","N","KCA","CLE","CLE08","appik001","ogeac001","morrd901","barnl901","koscg901","clara901","","",42297,"","","","","",0,1,65,3,7,4,1,4,150,9,1,9,3,9,1,1,3,4,"ogeac001","appik001","","","offej001",4,"myerr003",8,"lockk001",5,"robeb002",7,"macfm001",2,"nunnj001",9,"paquc001",3,"stync001",10,"howad001",6,"loftk001",8,"seitk001",10,"thomj002",5,"bellj002",7,"franj002",3,"gileb002",9,"aloms001",2,"kentj001",4,"vizqo001",6,"jacoj001","assep001"
"CLE199609200","19960920",0,"Friday",707,"T","N","KCA","CLE","CLE08","bevib001","nagyc001","barnl901","koscg901","clara901","morrd901","","",42358,"","","","","",0,1,67,8,6,4,1,4,198,9,6,4,14,6,0,1,9,4,"bevib001","nagyc001","blumj001","","offej001",3,"myerr003",8,"robeb002",7,"macfm001",10,"nunnj001",9,"sweem002",2,"lockk001",4,"randj002",5,"howad001",6,"loftk001",8,"seitk001",3,"thomj002",5,"bellj002",7,"franj002",10,"ramim002",9,"aloms001",2,"kentj001",4,"vizqo001",6,"blumj001","shuep001"
"CLE199609210","19960921",0,"Saturday",107,"T","D","KCA","CLE","CLE08","rosaj001","herso001","koscg901","clara901","morrd901","barnl901","","",42339,"","","","","",0,1,75,2,8,4,1,3,201,9,4,13,8,16,1,1,10,8,"herso001","rosaj001","","","offej001",4,"myerr003",8,"robeb002",7,"hameb001",10,"paquc001",3,"younk001",9,"lockk001",5,"sweem002",2,"howad001",6,"jackd003",6,"seitk001",10,"thomj002",5,"bellj002",7,"franj002",3,"ramim002",9,"kentj001",4,"thomr004",8,"penat001",2,"magnm001","mesaj001"
"CLE199609220","19960922",0,"Sunday",105,"T","D","KCA","CLE","CLE08","hanec001","mcdoj001","clara901","morrd901","barnl901","koscg901","","",42291,"","","","","",0,1,68,3,17,4,1,1,160,9,5,6,8,10,2,0,5,6,"mcdoj001","jacoj001","mesaj001","","offej001",4,"randj002",5,"myerr003",8,"paquc001",3,"nunnj001",7,"stync001",10,"damoj001",9,"macfm001",2,"howad001",6,"loftk001",8,"seitk001",10,"thomj002",5,"bellj002",7,"ramim002",9,"kentj001",3,"penag001",4,"penat001",2,"vizqo001",6,"scanb001","mesaj001"
"CLE199609230","19960923",0,"Monday",705,"T","N","MIN","CLE","CLE08","millt001","lopea002","garcr901","onorb901","reilm901","cedeg901","","",42299,"","","","","",0,1,65,4,6,4,1,4,193,9,6,7,8,15,1,1,6,12,"gravd001","parrj002","mesaj001","","knobc001",4,"beckr002",8,"molip001",10,"walkt002",5,"cordm001",7,"stahs001",3,"myerg001",2,"mearp001",6,"bredb001",9,"loftk001",8,"seitk001",10,"thomj002",5,"bellj002",7,"franj002",3,"ramim002",9,"kentj001",4,"aloms001",2,"vizqo001",6,"parrj002","mesaj001"
"CLE199609240","19960924",0,"Tuesday",705,"T","N","MIN","CLE","CLE08","rodrf001","ogeac001","onorb901","reilm901","cedeg901","garcr901","","",42272,"","","","","",0,1,67,3,17,4,1,2,187,9,5,7,10,12,1,0,7,7,"ogeac001","rodrf001","mesaj001","","knobc001",4,"beckr002",8,"molip001",10,"stahs001",3,"cordm001",7,"myerg001",2,"walkt002",5,"mearp001",6,"bredb001",9,"vizqo001",6,"vizcj001",4,"thomj002",5,"bellj002",7,"franj002",10,"gileb002",9,"kentj001",3,"aloms001",2,"thomr004",8,"hansg001","mesaj001"
"CLE199609250","19960925",0,"Wednesday",715,"T","N","MIN","CLE","CLE08","rober001","nagyc001","onorb901","garcr901","cedeg901","reilm901","","",42469,"","","","","",0,1,60,3,7,4,1,4,145,9,3,6,5,9,0,0,1,8,"nagyc001","rober001","","","beckr002",8,"reboj001",4,"stahs001",3,"cordm001",7,"walkt002",10,"coomr001",5,"bredb001",9,"walbm001",2,"hockd001",6,"vizqo001",6,"candc001",4,"ramim002",9,"bellj002",10,"franj002",3,"kentj001",5,"aloms001",2,"thomr004",8,"gileb002",7,"stevd001",""
