"WAS200904130","20090413",0,"Monday",308,"F","D","PHI","WAS","WAS11","moyej001","cabrd001","millb901","cousd901","johna901","joycj901","","",40386,"","","","","",1,1,53,4,3,0,0,3,178,9,9,8,10,12,1,3,7,7,"moyej001","rives001","lidgb001","","rollj001",6,"victs001",8,"utlec001",4,"howar001",3,"wertj001",9,"ibanr001",7,"felip001",5,"costc001",2,"moyej001",1,"milll002",8,"guzmc001",6,"zimmr001",5,"dunna001",7,"dukee001",9,"johnn001",3,"florj002",2,"herna003",4,"cabrd001",1,"lidgb001","beimj001"
"WAS200904160","20090416",0,"Thursday",707,"F","N","PHI","WAS","WAS11","blanj001","marts001","johna901","cousd901","joycj901","millb901","","",20494,"","","","","",1,1,60,7,5,0,0,1,152,9,2,8,5,13,1,0,5,8,"marts001","blanj001","","","rollj001",6,"victs001",8,"utlec001",4,"howar001",3,"wertj001",9,"ibanr001",7,"felip001",5,"marsl001",2,"blanj001",1,"herna003",4,"johnn001",3,"zimmr001",5,"dunna001",7,"dukee001",8,"keara001",9,"florj002",2,"gonza005",6,"marts001",1,"happj001","hanrj001"
"WAS200904170","20090417",0,"Friday",706,"F","N","FLO","WAS","WAS11","nolar001","lannj001","timmt901","drakr901","kellj901","wegnm901","","",19026,"","","","","",1,1,72,5,4,0,0,1,219,10,3,2,10,12,0,1,10,12,"nunel001","rives001","lindm001","","maybc001",8,"bakej002",2,"ramih003",6,"cantj001",3,"uggld001",4,"hermj001",7,"rossc001",9,"helmw001",5,"nolar001",1,"herna003",4,"johnn001",3,"zimmr001",5,"dunna001",9,"dukee001",8,"willj004",7,"florj002",2,"gonza005",6,"lannj001",1,"lindm001","rives001"
"WAS200904180","20090418",0,"Saturday",108,"F","D","FLO","WAS","WAS11","johnj009","olses001","drakr901","kellj901","wegnm901","timmt901","","",19864,"","","","","",1,1,72,4,4,0,0,1,217,11,9,6,11,7,0,3,8,6,"calek001","tavaj001","","","bonie001",5,"hermj001",7,"ramih003",6,"cantj001",3,"uggld001",4,"paulr001",2,"rossc001",9,"maybc001",8,"johnj009",1,"herna003",4,"johnn001",3,"zimmr001",5,"dunna001",7,"bardj001",2,"keara001",9,"bernr001",8,"gonza005",6,"olses001",1,"calek001","ledew001"
"WAS200904190","20090419",0,"Sunday",136,"F","D","FLO","WAS","WAS11","volsc001","cabrd001","kellj901","wegnm901","timmt901","drakr901","","",16974,"","","","","",1,1,67,7,10,0,0,0,213,9,7,4,9,9,1,2,10,13,"nunel001","rives001","lindm001","","bonie001",5,"bakej002",2,"ramih003",6,"gloar001",3,"uggld001",4,"hermj001",7,"rossc001",9,"ameza001",8,"volsc001",1,"herna003",4,"johnn001",3,"zimmr001",5,"dunna001",7,"dukee001",8,"keara001",9,"florj002",2,"gonza005",6,"cabrd001",1,"lindm001","rives001"
"WAS200904200","20090420",0,"Monday",915,"F","N","ATL","WAS","WAS11","lowed001","zimmj003","wolfj901","cedeg901","(none)","onorb901","","",12473,"","","","","",1,1,58,6,5,0,0,3,144,9,2,3,6,8,0,0,4,9,"zimmj003","lowed001","hanrj001","","johnk003",4,"escoy001",6,"jonec004",5,"kotcc001",3,"franj004",9,"diazm003",7,"schaj002",8,"rossd001",2,"lowed001",1,"herna003",4,"johnn001",3,"zimmr001",5,"dunna001",9,"dukee001",8,"willj004",7,"florj002",2,"gonza005",6,"zimmj003",1,"sorir001","hanrj001"
"WAS200904210","20090421",0,"Tuesday",806,"F","N","ATL","WAS","WAS11","kawak001","marts001","cedeg901","onorb901","wolfj901","causk901","","",15439,"","","","","",1,1,54,5,4,0,0,0,167,9,3,4,9,9,2,1,8,9,"marts001","kawak001","hanrj001","","johnk003",4,"escoy001",6,"jonec004",5,"mccab002",2,"kotcc001",3,"franj004",9,"diazm003",7,"schaj002",8,"kawak001",1,"herna003",4,"johnn001",3,"zimmr001",5,"dunna001",7,"dukee001",8,"keara001",9,"florj002",2,"gonza005",6,"marts001",1,"gonzm001","hanrj001"
"WAS200904220","20090422",0,"Wednesday",705,"F","N","ATL","WAS","WAS11","jurrj001","lannj001","onorb901","wolfj901","causk901","cedeg901","","",15567,"","","","","",1,1,54,4,18,0,0,0,150,9,1,0,6,6,1,0,10,7,"gonzm001","mockg001","sorir001","","johnk003",4,"escoy001",6,"jonec004",5,"mccab002",2,"franj004",9,"diazm003",7,"kotcc001",3,"schaj002",8,"jurrj001",1,"cinta001",6,"johnn001",3,"zimmr001",5,"dunna001",9,"dukee001",8,"willj004",7,"bellr002",4,"florj002",2,"lannj001",1,"sorir001","tavaj001"
"WAS200904300","20090430",0,"Thursday",706,"F","N","SLN","WAS","WAS11","boggm001","cabrd001","reynj901","welkt901","herna901","welkb901","","",18007,"","","","","",1,1,63,8,5,0,0,0,198,9,9,4,8,6,0,1,11,7,"perec002","tavaj001","","","schus001",4,"rasmc001",9,"pujoa001",3,"duncc002",7,"ankir001",8,"thurj001",5,"laruj001",2,"greet004",6,"boggm001",1,"guzmc001",6,"johnn001",3,"zimmr001",5,"dunna001",7,"dukee001",8,"keara001",9,"florj002",2,"herna003",4,"cabrd001",1,"waltp001","hanrj001"
"WAS200905010","20090501",0,"Friday",705,"F","N","SLN","WAS","WAS11","wellt002","zimmj003","welkt901","herna901","welkb901","causk901","","",20697,"","","","","",1,1,76,3,8,0,0,0,151,9,6,2,10,8,0,0,4,6,"wellt002","zimmj003","","","schus001",4,"thurj001",5,"pujoa001",3,"duncc002",7,"ludwr001",9,"ankir001",8,"moliy001",2,"greet004",6,"wellt002",1,"guzmc001",6,"johnn001",3,"zimmr001",5,"dunna001",7,"dukee001",9,"florj002",2,"harrw001",8,"herna003",4,"zimmj003",1,"boyeb001","hanrj001"
"WAS200905020","20090502",0,"Saturday",106,"F","D","SLN","WAS","WAS11","pinej001","marts001","herna901","welkb901","causk901","welkt901","","",19950,"","","","","",1,1,63,4,5,0,0,3,127,9,1,6,5,9,1,0,3,5,"marts001","pinej001","","","schus001",4,"rasmc001",7,"ludwr001",9,"duncc002",3,"ankir001",8,"moliy001",2,"thurj001",5,"bardb001",6,"pinej001",1,"guzmc001",6,"johnn001",3,"zimmr001",5,"dunna001",7,"keara001",9,"harrw001",8,"herna003",4,"nievw001",2,"marts001",1,"waltp001",""
"WAS200905040","20090504",0,"Monday",706,"F","N","HOU","WAS","WAS11","moehb001","lannj001","wintm901","barkl901","knigb901","marsr901","","",14115,"","","","","",1,1,55,5,14,2,2,0,185,9,4,9,10,15,0,1,5,14,"lannj001","wrigw001","","","matsk001",4,"bourm001",8,"berkl001",3,"lee-c001",7,"tejam001",6,"pench001",9,"keppj001",5,"towlj001",2,"moehb001",1,"guzmc001",6,"johnn001",3,"zimmr001",5,"dunna001",7,"dukee001",8,"keara001",9,"florj002",2,"herna003",4,"lannj001",1,"fulcj001","mockg001"
"WAS200905050","20090505",0,"Tuesday",1238,"F","D","HOU","WAS","WAS11","oswar001","olses001","barkl901","knigb901","marsr901","wintm901","","",19328,"","","","","",1,1,58,8,3,0,0,0,233,11,10,11,14,11,2,2,10,9,"hanrj001","hawkl001","","","bourm001",8,"keppj001",4,"berkl001",3,"lee-c001",7,"tejam001",6,"pench001",9,"rodri001",2,"blumg001",5,"oswar001",1,"guzmc001",6,"johnn001",3,"zimmr001",5,"dunna001",9,"dukee001",8,"willj004",7,"herna003",4,"nievw001",2,"olses001",1,"hawkl001","hanrj001"
"WAS200905150","20090515",0,"Friday",706,"F","N","PHI","WAS","WAS11","blanj001","lannj001","diazl901","meric901","coope901","reilm901","","",23430,"","","","","",1,1,78,1,10,0,0,2,271,12,10,6,16,8,1,1,17,12,"happj001","wellk001","","","rollj001",6,"victs001",8,"utlec001",4,"howar001",3,"wertj001",9,"ibanr001",7,"felip001",5,"ruizc001",2,"blanj001",1,"guzmc001",6,"johnn001",3,"zimmr001",5,"dunna001",7,"dukee001",8,"keara001",9,"herna003",4,"nievw001",2,"lannj001",1,"happj001","wellk001"
"WAS200905161","20090516",1,"Saturday",108,"F","D","PHI","WAS","WAS11","myerb001","olses001","meric901","beald901","reilm901","diazl901","","",19910,"","","","","",1,1,76,2,8,0,0,3,156,9,8,5,14,8,0,1,8,4,"myerb001","olses001","lidgb001","","rollj001",6,"victs001",8,"ibanr001",7,"howar001",3,"wertj001",9,"felip001",5,"costc001",2,"brune001",4,"myerb001",1,"guzmc001",6,"johnn001",3,"zimmr001",5,"dunna001",9,"willj004",7,"bardj001",2,"harrw001",8,"herna003",4,"olses001",1,"lidgb001","coloj001"
"WAS200905162","20090516",2,"Saturday",706,"F","N","PHI","WAS","WAS11","carpa001","cabrd001","coope901","reilm901","diazl901","beald901","","",23896,"","","","","",1,1,74,1,5,0,0,0,136,6,7,5,9,9,0,0,8,7,"carpa001","cabrd001","condc001","","rollj001",6,"utlec001",4,"ibanr001",7,"howar001",3,"staim001",9,"victs001",8,"dobbg001",5,"ruizc001",2,"carpa001",1,"guzmc001",6,"johnn001",3,"zimmr001",5,"dunna001",9,"willj004",7,"harrw001",8,"bellr002",4,"nievw001",2,"cabrd001",1,"condc001","villr001"
"WAS200905170","20090517",0,"Sunday",137,"F","D","PHI","WAS","WAS11","parkc002","zimmj003","reilm901","diazl901","meric901","coope901","","",29577,"","","","","",1,1,61,5,10,0,0,2,210,9,8,6,10,9,0,1,6,9,"escas001","tavaj001","lidgb001","","rollj001",6,"utlec001",4,"ibanr001",7,"howar001",3,"wertj001",9,"victs001",8,"felip001",5,"ruizc001",2,"parkc002",1,"guzmc001",6,"johnn001",3,"zimmr001",5,"dunna001",9,"dukee001",8,"willj004",7,"herna003",4,"nievw001",2,"zimmj003",1,"lidgb001","beimj001"
"WAS200905180","20090518",0,"Monday",705,"F","N","PIT","WAS","WAS11","ohler001","detwr001","nauep901","westj901","rapue901","fairc901","","",14549,"","","","","",1,1,62,4,10,0,0,1,210,9,12,7,12,11,0,4,7,8,"ohler001","mockg001","","","yound004",9,"sancf001",4,"mclon001",8,"monrc001",7,"laroa001",3,"diazr001",2,"laroa002",5,"wilsj002",6,"ohler001",1,"guzmc001",6,"johnn001",3,"zimmr001",5,"dunna001",9,"willj004",7,"harrw001",8,"herna003",4,"bardj001",2,"detwr001",1,"cappm001","hanrj001"
"WAS200905190","20090519",0,"Tuesday",706,"F","N","PIT","WAS","WAS11","karsj001","marts001","westj901","rapue901","fairc901","nauep901","","",18579,"","","","","",1,1,67,6,4,0,0,1,187,10,8,5,8,8,0,0,4,10,"gorzt001","beimj001","","","morgn001",7,"sancf001",4,"mclon001",8,"laroa001",3,"mossb001",9,"laroa002",5,"jaraj001",2,"wilsj002",6,"karsj001",1,"guzmc001",6,"johnn001",3,"zimmr001",5,"dunna001",9,"willj004",7,"harrw001",8,"herna003",4,"nievw001",2,"marts001",1,"gorzt001","beimj001"
"WAS200905200","20090520",0,"Wednesday",706,"F","N","PIT","WAS","WAS11","mahop002","lannj001","rapue901","fairc901","nauep901","westj901","","",17854,"","","","","",1,1,75,1,9,0,0,1,171,9,2,1,11,6,1,2,13,8,"grabj002","hanrj001","cappm001","","morgn001",7,"sancf001",4,"mclon001",8,"monrc001",9,"laroa001",3,"diazr001",2,"laroa002",5,"wilsj002",6,"mahop002",1,"guzmc001",6,"johnn001",3,"zimmr001",5,"dunna001",7,"keara001",9,"bellr002",4,"maxwj002",8,"nievw001",2,"lannj001",1,"cappm001","hanrj001"
"WAS200905210","20090521",0,"Thursday",705,"F","N","PIT","WAS","WAS11","sneli001","stamc001","fairc901","nauep901","westj901","rapue901","","",17816,"","","","","",1,1,80,3,7,0,0,1,144,9,4,5,5,8,0,0,3,4,"tavaj001","gorzt001","hanrj001","","morgn001",7,"sancf001",4,"mclon001",8,"laroa001",3,"mossb001",9,"laroa002",5,"jaraj001",2,"wilsj002",6,"sneli001",1,"guzmc001",6,"johnn001",3,"zimmr001",5,"dunna001",9,"willj004",7,"harrw001",8,"bardj001",2,"herna003",4,"stamc001",1,"chavj001","hanrj001"
"WAS200905220","20090522",0,"Friday",706,"F","N","BAL","WAS","WAS11","hillr001","zimmj003","welkb901","welkt901","reynj901","herna901","","",22556,"","","","","",1,1,83,1,4,0,0,2,186,12,4,2,11,4,0,0,8,4,"baezd001","wellk001","sherg001","","robeb003",4,"jonea003",8,"markn001",9,"huffa001",3,"moram002",5,"reimn001",7,"moelc001",2,"iztuc001",6,"hillr001",1,"guzmc001",6,"johnn001",3,"zimmr001",5,"dunna001",9,"willj004",7,"bellr002",4,"bardj001",2,"maxwj002",8,"zimmj003",1,"sherg001","wellk001"
"WAS200905230","20090523",0,"Saturday",705,"F","N","BAL","WAS","WAS11","uehak001","detwr001","welkt901","reynj901","herna901","welkb901","","",31833,"","","","","",1,1,82,1,4,0,0,2,151,9,2,1,3,7,0,1,5,7,"bassb001","tavaj001","sherg001","","robeb003",4,"jonea003",8,"markn001",9,"moram002",5,"wiggt001",3,"reimn001",7,"zaung001",2,"iztuc001",6,"uehak001",1,"guzmc001",6,"johnn001",3,"zimmr001",5,"dunna001",7,"keara001",9,"harrw001",4,"bardj001",2,"maxwj002",8,"detwr001",1,"sherg001","hanrj001"
"WAS200905240","20090524",0,"Sunday",137,"F","D","BAL","WAS","WAS11","bergb002","marts001","reynj901","herna901","welkb901","welkt901","","",30880,"","","","","",1,1,80,1,1,0,0,2,156,9,5,8,7,12,1,1,8,5,"villr001","ray-c001","hanrj001","","robeb003",4,"jonea003",8,"markn001",9,"huffa001",3,"wiggt001",5,"reimn001",7,"moelc001",2,"andir001",6,"bergb002",1,"harrw001",8,"guzmc001",6,"zimmr001",5,"dunna001",3,"willj004",7,"bellr002",4,"keara001",9,"nievw001",2,"marts001",1,"hendm001","hanrj001"
"WAS200906020","20090602",0,"Tuesday",705,"F","N","SFN","WAS","WAS11","linct001","stamc001","wegnm901","timmt901","kellj901","drakr901","","",17331,"","","","","",1,1,80,5,9,0,0,0,183,9,6,10,11,14,2,2,7,10,"villr001","howrb001","","","rowaa001",8,"rente001",6,"winnr001",9,"molib001",2,"sandp001",3,"lewif001",7,"uribj002",5,"burre001",4,"linct001",1,"guzmc001",6,"johnn001",3,"zimmr001",5,"dunna001",7,"dukee001",9,"harrw001",8,"bardj001",2,"herna003",4,"stamc001",1,"millj002","hanrj001"
"WAS200906041","20090604",1,"Thursday",511,"F","N","SFN","WAS","WAS11","johnr005","zimmj003","timmt901","thomr901","kellj901","wegnm901","","",0,"","","","","",1,1,60,1,8,0,0,0,150,9,5,1,7,4,1,0,2,7,"johnr005","zimmj003","wilsb001","","rowaa001",8,"rente001",6,"winnr001",9,"molib001",2,"lewif001",7,"ishit001",3,"uribj002",5,"burre001",4,"johnr005",1,"gonza005",6,"johnn001",3,"zimmr001",5,"dunna001",7,"dukee001",8,"keara001",9,"bellr002",4,"nievw001",2,"zimmj003",1,"wilsb001","beimj001"
"WAS200906042","20090604",2,"Thursday",815,"F","N","SFN","WAS","WAS11","cainm001","detwr001","drakr901","kellj901","wegnm901","thomr901","","",16787,"","","","","",1,1,60,1,5,0,0,0,97,6,4,1,10,5,0,0,7,6,"cainm001","detwr001","","","rowaa001",8,"rente001",6,"torra001",7,"sandp001",3,"aurir001",5,"white004",2,"schin001",9,"burre001",4,"cainm001",1,"guzmc001",6,"johnn001",3,"zimmr001",5,"dunna001",7,"dukee001",9,"harrw001",8,"bardj001",2,"herna003",4,"detwr001",1,"",""
"WAS200906050","20090605",0,"Friday",708,"F","N","NYN","WAS","WAS11","reddt001","marts001","joycj901","rungb901","cousd901","reybd901","","",20353,"","","","","",1,1,62,5,3,0,0,3,198,10,3,1,8,7,0,2,10,7,"grees004","hanrj001","rodrf003","","coraa001",6,"castl001",4,"beltc001",8,"wrigd002",5,"murpd006",3,"tatif001",7,"martf002",9,"schnb001",2,"reddt001",1,"guzmc001",6,"johnn001",3,"zimmr001",5,"dunna001",7,"dukee001",8,"keara001",9,"bardj001",2,"herna003",4,"marts001",1,"rodrf003","hanrj001"
"WAS200906060","20090606",0,"Saturday",707,"F","N","NYN","WAS","WAS11","mainj001","lannj001","rungb901","cousd901","reybd901","joycj901","","",31456,"","","","","",1,1,78,2,1,0,0,2,120,9,1,7,4,9,0,1,2,5,"lannj001","mainj001","","","castl001",4,"browe001",9,"beltc001",8,"shefg001",7,"wrigd002",5,"tatif001",3,"santo001",2,"valdw001",6,"mainj001",1,"guzmc001",6,"johnn001",3,"zimmr001",5,"dunna001",7,"dukee001",9,"harrw001",8,"herna003",4,"nievw001",2,"lannj001",1,"nievf001",""
"WAS200906070","20090607",0,"Sunday",139,"F","D","NYN","WAS","WAS11","hernl003","stamc001","cousd901","reybd901","joycj901","rungb901","","",31841,"","","","","",1,1,76,7,7,0,0,1,168,9,7,0,11,5,0,1,8,9,"hernl003","stamc001","","","coraa001",4,"martf002",7,"beltc001",8,"wrigd002",5,"murpd006",3,"churr001",9,"schnb001",2,"valdw001",6,"hernl003",1,"guzmc001",6,"johnn001",3,"zimmr001",5,"dunna001",7,"dukee001",8,"keara001",9,"bardj001",2,"herna003",4,"stamc001",1,"rodrf003","macdm001"
"WAS200906090","20090609",0,"Tuesday",852,"F","N","CIN","WAS","WAS11","cuetj001","detwr001","fleta901","herna901","barrs901","mcclt901","","",16274,"","","","","",1,1,65,3,8,0,0,0,169,9,3,2,8,6,0,0,7,6,"cuetj001","detwr001","cordf002","","tavew001",8,"hairj002",5,"philb001",4,"hernr002",3,"gomej001",7,"brucj001",9,"gonza002",6,"hanir001",2,"cuetj001",1,"guzmc001",6,"johnn001",3,"zimmr001",5,"dunna001",7,"dukee001",9,"harrw001",8,"herna003",4,"nievw001",2,"detwr001",1,"cordf002","macdm001"
"WAS200906100","20090610",0,"Wednesday",707,"F","N","CIN","WAS","WAS11","haraa001","marts001","herna901","barrs901","mcclt901","fleta901","","",19790,"","","","","",1,1,81,1,1,0,0,0,214,12,4,2,7,7,0,2,6,10,"massn001","villr001","weatd001","","hairj002",5,"tavew001",8,"philb001",4,"nix-l001",7,"hernr002",3,"brucj001",9,"gonza002",6,"hanir001",2,"haraa001",1,"guzmc001",6,"johnn001",3,"zimmr001",5,"dunna001",7,"dukee001",8,"willj004",9,"bellr002",4,"bardj001",2,"marts001",1,"weatd001","bergj001"
"WAS200906110","20090611",0,"Thursday",437,"F","D","CIN","WAS","WAS11","owinm001","lannj001","barrs901","mcclt901","fleta901","herna901","","",19703,"","","","","",1,1,82,1,6,0,0,0,189,9,2,3,5,9,1,1,6,14,"tavaj001","herrd001","beimj001","","hairj002",5,"tavew001",8,"philb001",4,"gomej001",7,"hernr002",2,"brucj001",9,"gonza002",6,"rosaa001",3,"owinm001",1,"guzmc001",6,"gonza005",4,"zimmr001",5,"dunna001",3,"dukee001",8,"willj004",7,"keara001",9,"nievw001",2,"lannj001",1,"massn001","beimj001"
"WAS200906190","20090619",0,"Friday",705,"F","N","TOR","WAS","WAS11","tallb001","zimmj003","gormb901","hoyej901","buckc901","everm901","","",20860,"","","","","",1,1,82,3,6,0,0,2,240,11,1,2,7,10,0,3,13,16,"coloj001","frasj002","","","scutm001",6,"hilla001",4,"wellv001",8,"roles001",5,"linda001",7,"riosa002",9,"overl001",3,"barar001",2,"tallb001",1,"guzmc001",6,"johnn001",3,"zimmr001",5,"dunna001",7,"dukee001",9,"bardj001",2,"harrw001",8,"herna003",4,"zimmj003",1,"frasj002","coloj001"
"WAS200906200","20090620",0,"Saturday",708,"F","N","TOR","WAS","WAS11","cecib001","detwr001","hoyej901","buckc901","everm901","gormb901","","",22142,"","","","","",1,1,84,5,20,0,0,2,217,12,3,5,9,11,0,0,8,5,"tavaj001","richs001","","","scutm001",6,"hilla001",4,"wellv001",8,"roles001",5,"linda001",7,"riosa002",9,"millk005",3,"chavr001",2,"cecib001",1,"guzmc001",6,"johnn001",3,"zimmr001",5,"dunna001",7,"dukee001",9,"gonza005",4,"harrw001",8,"nievw001",2,"detwr001",1,"richs001","tavaj001"
"WAS200906210","20090621",0,"Sunday",137,"F","D","TOR","WAS","WAS11","romer002","marts001","buckc901","everm901","gormb901","hoyej901","","",26610,"","","","","",1,1,75,5,9,0,0,0,187,9,9,4,13,12,0,0,8,10,"romer002","marts001","","","scutm001",6,"hilla001",4,"wellv001",8,"roles001",5,"linda001",7,"riosa002",9,"overl001",3,"barar001",2,"romer002",1,"guzmc001",6,"johnn001",3,"zimmr001",5,"dunna001",7,"keara001",9,"gonza005",4,"harrw001",8,"bardj001",2,"marts001",1,"frasj002","hanrj001"
"WAS200906230","20090623",0,"Tuesday",706,"F","N","BOS","WAS","WAS11","pennb002","lannj001","tscht901","davib902","nelsj901","carlm901","","",41517,"","","","","",1,1,83,3,10,0,0,2,211,9,11,3,17,8,0,1,12,8,"delcm001","tavaj001","","","pedrd001",4,"drewj001",9,"youkk001",3,"bay-j001",7,"lowem001",5,"varij001",2,"ellsj001",8,"green001",6,"pennb002",1,"guzmc001",6,"johnn001",3,"zimmr001",5,"dunna001",7,"willj004",9,"bardj001",2,"harrw001",8,"herna003",4,"lannj001",1,"bardd001","hanrj001"
"WAS200906240","20090624",0,"Wednesday",706,"F","N","BOS","WAS","WAS11","lestj001","stamc001","davib902","nelsj901","carlm901","tscht901","","",41530,"","","","","",1,1,85,5,5,0,0,2,178,9,6,4,7,8,0,0,3,7,"lestj001","stamc001","papej001","","pedrd001",4,"drewj001",9,"youkk001",5,"bay-j001",7,"ortid001",3,"varij001",2,"ellsj001",8,"green001",6,"lestj001",1,"harrw001",8,"guzmc001",6,"zimmr001",5,"johnn001",3,"willj004",7,"dukee001",9,"herna003",4,"nievw001",2,"stamc001",1,"papej001","macdm001"
"WAS200906250","20090625",0,"Thursday",705,"F","N","BOS","WAS","WAS11","smolj001","zimmj003","nelsj901","carlm901","tscht901","davib902","","",41985,"","","","","",1,1,88,0,0,0,0,2,161,9,3,9,8,11,2,1,6,7,"zimmj003","smolj001","","","pedrd001",4,"drewj001",9,"bay-j001",7,"ortid001",3,"lowem001",5,"varij001",2,"ellsj001",8,"green001",6,"smolj001",1,"guzmc001",6,"johnn001",3,"zimmr001",5,"dunna001",7,"willj004",9,"bardj001",2,"harrw001",8,"herna003",4,"zimmj003",1,"ramir003","clipt001"
"WAS200907030","20090703",0,"Friday",635,"F","N","ATL","WAS","WAS11","kawak001","detwr001","wintm901","laynj901","randt901","guccc901","","",33982,"","","","","",1,1,77,5,5,0,0,2,208,9,9,8,14,8,1,1,13,8,"logab001","coloj001","sorir001","","mclon001",8,"pradm001",4,"jonec004",5,"mccab002",2,"escoy001",6,"diazm003",7,"franj004",9,"kotcc001",3,"kawak001",1,"morgn001",8,"johnn001",3,"zimmr001",5,"dunna001",7,"willj004",9,"guzmc001",6,"bardj001",2,"harrw001",4,"detwr001",1,"sorir001","beimj001"
"WAS200907040","20090704",0,"Saturday",107,"F","D","ATL","WAS","WAS11","hanst001","lannj001","laynj901","randt901","guccc901","wintm901","","",23708,"","","","","",1,1,78,3,15,0,0,2,154,9,3,5,9,7,0,0,5,5,"lannj001","gonzm001","macdm001","","mclon001",8,"pradm001",3,"jonec004",5,"andeg001",7,"escoy001",6,"diazm003",9,"rossd001",2,"conrb001",4,"hanst001",1,"morgn001",8,"johnn001",3,"zimmr001",5,"dunna001",7,"willj004",9,"guzmc001",6,"herna003",4,"nievw001",2,"lannj001",1,"oflae001","macdm001"
"WAS200907050","20090705",0,"Sunday",137,"F","D","ATL","WAS","WAS11","lowed001","olses001","randt901","guccc901","wintm901","laynj901","","",22677,"","","","","",1,1,71,1,6,0,0,2,159,9,3,5,9,14,1,0,10,10,"olses001","lowed001","macdm001","","mclon001",8,"pradm001",4,"jonec004",5,"mccab002",2,"escoy001",6,"andeg001",7,"diazm003",9,"kotcc001",3,"lowed001",1,"morgn001",8,"johnn001",3,"zimmr001",5,"dunna001",7,"willj004",9,"guzmc001",6,"bardj001",2,"bellr002",4,"olses001",1,"medlk001","macdm001"
"WAS200907160","20090716",0,"Thursday",706,"F","N","CHN","WAS","WAS11","hardr001","lannj001","emmep901","darlg901","reybd901","estam901","","",26980,"","","","","",1,1,91,8,7,0,0,2,159,9,6,2,10,4,1,2,6,4,"hardr001","lannj001","","","johnr008",8,"therr001",6,"bradm001",9,"lee-d002",3,"ramia001",5,"soria001",7,"bakej001",4,"hillk002",2,"hardr001",1,"morgn001",8,"johnn001",3,"zimmr001",5,"dunna001",7,"willj004",9,"guzmc001",6,"bardj001",2,"gonza005",4,"lannj001",1,"gregk001","clipt001"
"WAS200907170","20090717",0,"Friday",706,"F","N","CHN","WAS","WAS11","zambc001","stamc001","darlg901","reybd901","estam901","emmep901","","",27581,"","","","","",1,1,75,4,8,0,0,2,159,9,3,1,7,6,1,1,5,9,"zambc001","stamc001","gregk001","","fukuk001",8,"therr001",6,"lee-d002",3,"ramia001",5,"bradm001",9,"hoffm001",7,"fontm001",4,"hillk002",2,"zambc001",1,"morgn001",8,"johnn001",3,"zimmr001",5,"dunna001",7,"willj004",9,"harrw001",4,"bardj001",2,"gonza005",6,"stamc001",1,"gregk001","beimj001"
"WAS200907180","20090718",0,"Saturday",705,"F","N","CHN","WAS","WAS11","wellr001","zimmj003","reybd901","estam901","emmep901","darlg901","","",36014,"","","","","",1,1,80,4,7,0,0,2,195,9,6,5,11,10,1,1,6,12,"wellr001","zimmj003","gregk001","","fukuk001",8,"therr001",6,"lee-d002",3,"ramia001",5,"bradm001",9,"soria001",7,"fontm001",4,"hillk002",2,"wellr001",1,"morgn001",8,"johnn001",3,"zimmr001",5,"dunna001",7,"willj004",9,"harrw001",4,"gonza005",6,"nievw001",2,"zimmj003",1,"gregk001","beimj001"
"WAS200907190","20090719",0,"Sunday",136,"F","D","CHN","WAS","WAS11","hartk001","mockg001","estam901","emmep901","darlg901","reybd901","","",34574,"","","","","",1,1,80,8,5,0,0,2,185,9,11,3,16,7,0,2,9,9,"hartk001","mockg001","","","fukuk001",8,"therr001",6,"lee-d002",3,"hoffm001",9,"fox-j001",5,"soria001",7,"fontm001",4,"hillk002",2,"hartk001",1,"morgn001",8,"johnn001",3,"zimmr001",5,"dunna001",7,"willj004",9,"bardj001",2,"bellr002",4,"gonza005",6,"mockg001",1,"stevj001","macdm001"
"WAS200907200","20090720",0,"Monday",706,"F","N","NYN","WAS","WAS11","hernl003","martj005","wendh902","eddid901","demud901","knigb901","","",19169,"","","","","",1,1,77,6,4,0,0,0,136,9,6,2,9,6,1,0,2,6,"hernl003","martj005","","","pagaa001",8,"castl001",4,"murpd006",3,"wrigd002",5,"franj004",9,"reedj004",7,"coraa001",6,"schnb001",2,"hernl003",1,"morgn001",8,"bellr002",4,"johnn001",3,"dunna001",7,"guzmc001",6,"keara001",9,"harrw001",5,"bardj001",2,"martj005",1,"rodrf003","kensl001"
"WAS200907210","20090721",0,"Tuesday",705,"F","N","NYN","WAS","WAS11","pereo002","lannj001","eddid901","demud901","knigb901","wendh902","","",23414,"","","","","",1,1,81,7,3,0,0,0,129,9,0,4,7,4,0,0,5,6,"lannj001","pereo002","","","pagaa001",8,"castl001",4,"wrigd002",5,"franj004",9,"tatif001",7,"murpd006",3,"santo001",2,"coraa001",6,"pereo002",1,"morgn001",8,"guzmc001",6,"zimmr001",5,"dunna001",3,"willj004",7,"keara001",9,"gonza005",4,"nievw001",2,"lannj001",1,"parnb001",""
"WAS200907220","20090722",0,"Wednesday",706,"F","N","NYN","WAS","WAS11","pelfm001","stamc001","demud901","knigb901","wendh902","eddid901","","",23583,"","","","","",1,1,85,1,10,0,0,2,140,9,1,3,4,8,1,1,5,7,"stamc001","pelfm001","macdm001","","pagaa001",8,"castl001",4,"murpd006",3,"wrigd002",5,"franj004",9,"sullc001",7,"berra001",6,"schnb001",2,"pelfm001",1,"morgn001",8,"guzmc001",6,"zimmr001",5,"dunna001",7,"johnn001",3,"willj004",9,"bellr002",4,"bardj001",2,"stamc001",1,"grees004","macdm001"
"WAS200907230","20090723",0,"Thursday",706,"F","N","SLN","WAS","WAS11","waina001","balec001","knigb901","wendh902","eddid901","demud901","","",25359,"","","","","",1,1,76,8,5,0,0,2,109,7,4,1,6,8,0,1,5,7,"waina001","balec001","","","schus001",4,"rasmc001",8,"derom001",3,"ludwr001",9,"ankir001",7,"moliy001",2,"thurj001",5,"ryanb002",6,"waina001",1,"morgn001",8,"guzmc001",6,"zimmr001",5,"dunna001",7,"johnn001",3,"willj004",9,"gonza005",4,"bardj001",2,"balec001",1,"","villr001"
"WAS200907240","20090724",0,"Friday",706,"F","N","SDN","WAS","WAS11","latom001","mockg001","fostm901","bellw901","fairc901","hirsj901","","",23506,"","","","","",1,1,86,1,5,0,0,1,176,9,6,2,10,6,0,4,7,6,"latom001","mockg001","","","gwynt002",8,"cabre001",6,"gonza003",3,"kouzk001",5,"headc001",7,"blank002",9,"rodrl002",4,"alfoe002",2,"latom001",1,"harrw001",8,"guzmc001",6,"zimmr001",5,"dunna001",7,"johnn001",3,"willj004",9,"bardj001",2,"gonza005",4,"mockg001",1,"burkg001","kensl001"
"WAS200907250","20090725",0,"Saturday",705,"F","N","SDN","WAS","WAS11","staut001","martj005","bellw901","fairc901","hirsj901","fostm901","","",21834,"","","","","",1,1,87,3,14,0,0,2,161,9,1,13,6,16,1,0,7,6,"clipt001","staut001","","","gwynt002",8,"cabre001",6,"gonza003",3,"kouzk001",5,"headc001",7,"macid001",9,"rodrl002",4,"lobaj001",2,"staut001",1,"morgn001",8,"guzmc001",6,"zimmr001",5,"dunna001",7,"johnn001",3,"willj004",9,"bellr002",4,"nievw001",2,"martj005",1,"mujie001","macdm001"
"WAS200907260","20090726",0,"Sunday",135,"F","D","SDN","WAS","WAS11","gaudc001","lannj001","fairc901","hirsj901","fostm901","bellw901","","",20747,"","","","","",1,1,86,1,4,0,0,0,168,10,2,3,7,9,1,0,5,8,"beimj001","burkg001","","","cabre001",6,"venaw001",8,"headc001",7,"kouzk001",5,"blank002",9,"salao001",3,"rodrl002",4,"alfoe002",2,"gaudc001",1,"harrw001",8,"johnn001",3,"zimmr001",5,"dunna001",7,"willj004",9,"bardj001",2,"gonza005",6,"herna003",4,"lannj001",1,"burkg001","beimj001"
"WAS200908040","20090804",0,"Tuesday",706,"F","N","FLO","WAS","WAS11","johnj009","martj005","cedeg901","culbf901","johna901","wolfj901","","",19828,"","","","","",1,1,86,1,8,0,0,2,170,9,4,6,11,8,0,0,11,2,"villr001","calek001","macdm001","","coghc001",7,"johnn001",3,"ramih003",6,"cantj001",5,"uggld001",4,"hermj001",9,"rossc001",8,"bakej002",2,"johnj009",1,"morgn001",8,"guzmc001",6,"willj004",7,"dunna001",3,"dukee001",9,"harrw001",5,"gonza005",4,"nievw001",2,"martj005",1,"meyed002","macdm001"
"WAS200908050","20090805",0,"Wednesday",705,"F","N","FLO","WAS","WAS11","vandr001","lannj001","culbf901","johna901","wolfj901","cedeg901","","",18312,"","","","","",1,1,85,5,6,0,0,1,174,9,4,5,10,8,0,0,8,6,"lannj001","vandr001","macdm001","","coghc001",7,"johnn001",3,"ramih003",6,"cantj001",5,"uggld001",4,"rossc001",9,"paulr001",2,"bonie001",8,"vandr001",1,"morgn001",8,"guzmc001",6,"zimmr001",5,"dunna001",3,"willj004",7,"dukee001",9,"bellr002",4,"nievw001",2,"lannj001",1,"lindm001","macdm001"
"WAS200908060","20090806",0,"Thursday",1236,"F","D","FLO","WAS","WAS11","volsc001","stamc001","johna901","wolfj901","cedeg901","culbf901","","",23691,"","","","","",1,1,69,3,10,0,0,0,209,9,8,12,11,14,1,1,9,7,"sosaj002","ayall001","","","coghc001",7,"johnn001",3,"ramih003",6,"cantj001",5,"uggld001",4,"bakej002",2,"rossc001",8,"hermj001",9,"volsc001",1,"morgn001",8,"bellr002",4,"zimmr001",5,"dunna001",3,"willj004",7,"dukee001",9,"bardj001",2,"gonza005",6,"stamc001",1,"donnb001","sosaj002"
"WAS200908070","20090807",0,"Friday",706,"F","N","ARI","WAS","WAS11","garlj001","balec001","onorb901","crawj901","cuzzp901","hallt901","","",22674,"","","","","",1,1,81,5,1,0,0,1,187,9,6,7,13,11,1,0,10,5,"bergj001","gutij002","macdm001","","drews001",6,"romea001",9,"parrg001",8,"reynm001",5,"snydc002",2,"oeltt001",7,"whitj002",3,"ojeda001",4,"garlj001",1,"morgn001",8,"guzmc001",6,"zimmr001",5,"dunna001",3,"willj004",7,"dukee001",9,"bellr002",4,"nievw001",2,"balec001",1,"vasqe001","macdm001"
"WAS200908080","20090808",0,"Saturday",706,"F","N","ARI","WAS","WAS11","hared001","mockg001","crawj901","cuzzp901","hallt901","onorb901","","",24551,"","","","","",1,1,81,1,7,0,0,3,132,9,2,5,5,8,0,0,5,4,"mockg001","hared001","sosaj002","","drews001",6,"romea001",7,"parrg001",9,"reynm001",5,"montm001",2,"whitj002",3,"younc004",8,"ojeda001",4,"hared001",1,"morgn001",8,"guzmc001",6,"zimmr001",5,"dunna001",3,"willj004",9,"harrw001",7,"bardj001",2,"gonza005",4,"mockg001",1,"boyeb001","sosaj002"
"WAS200908090","20090809",0,"Sunday",135,"F","D","ARI","WAS","WAS11","petiy001","martj005","hallt901","cuzzp901","onorb901","crawj901","","",19938,"","","","","",1,1,90,4,7,0,0,2,181,9,2,9,10,16,3,0,7,10,"martj005","petiy001","sosaj002","","oeltt001",7,"rober002",4,"drews001",6,"reynm001",5,"tracc001",3,"snydc002",2,"romea001",9,"younc004",8,"petiy001",1,"morgn001",8,"guzmc001",6,"zimmr001",5,"dunna001",3,"willj004",7,"dukee001",9,"bardj001",2,"gonza005",4,"martj005",1,"boyeb001","sosaj002"
"WAS200908180","20090818",0,"Tuesday",706,"F","N","COL","WAS","WAS11","jimeu001","stamc001","eddid901","knigb901","wendh902","demud901","","",18192,"","","","","",1,1,88,7,6,0,0,3,157,9,4,3,6,10,0,0,6,9,"jimeu001","burns001","streh001","","gonzc001",7,"fowld001",8,"heltt001",3,"tulot001",6,"hawpb001",9,"atkig001",5,"barmc001",4,"iannc001",2,"jimeu001",1,"morgn001",8,"guzmc001",6,"zimmr001",5,"dunna001",3,"willj004",7,"dukee001",9,"gonza005",4,"nievw001",2,"stamc001",1,"streh001","clipt001"
"WAS200908190","20090819",0,"Wednesday",706,"F","N","COL","WAS","WAS11","marqj001","balec001","knigb901","wendh902","demud901","eddid901","","",16187,"","","","","",1,1,80,2,6,0,0,2,191,9,5,4,9,10,0,1,12,7,"marqj001","balec001","streh001","","gonzc001",7,"fowld001",8,"heltt001",3,"tulot001",6,"hawpb001",9,"stewi001",5,"barmc001",4,"iannc001",2,"marqj001",1,"morgn001",8,"guzmc001",6,"zimmr001",5,"dunna001",3,"willj004",7,"dukee001",9,"bellr002",4,"bardj001",2,"balec001",1,"streh001","macdm001"
"WAS200908200","20090820",0,"Thursday",706,"F","N","COL","WAS","WAS11","hammj002","mockg001","wendh902","demud901","eddid901","knigb901","","",18036,"","","","","",1,1,89,1,7,0,0,2,170,9,4,1,6,4,0,2,5,5,"hammj002","mockg001","streh001","","gonzc001",8,"spilr001",7,"heltt001",3,"tulot001",6,"hawpb001",9,"stewi001",5,"barmc001",4,"torry001",2,"hammj002",1,"morgn001",8,"guzmc001",6,"zimmr001",5,"dunna001",3,"willj004",7,"dukee001",9,"bardj001",2,"gonza005",4,"mockg001",1,"streh001","clipt001"
"WAS200908210","20090821",0,"Friday",706,"F","N","MIL","WAS","WAS11","loopb001","martj005","diazl901","reilm901","meric901","muchm901","","",26307,"","","","","",1,1,83,1,5,0,0,2,148,9,7,3,12,5,1,0,6,3,"loopb001","martj005","","","lopef001",4,"counc001",6,"braur002",7,"fielp001",3,"mcgec001",5,"camem001",8,"cataf001",9,"kendj001",2,"loopb001",1,"morgn001",8,"guzmc001",6,"zimmr001",5,"dunna001",3,"willj004",9,"harrw001",7,"bellr002",4,"nievw001",2,"martj005",1,"hofft001","sosaj002"
"WAS200908220","20090822",0,"Saturday",826,"F","N","MIL","WAS","WAS11","burnm001","lannj001","reilm901","meric901","muchm901","diazl901","","",19374,"","","","","",1,1,75,5,5,0,0,0,187,9,11,9,16,10,1,2,10,4,"narvc001","bergj001","hofft001","","lopef001",4,"camem001",8,"braur002",7,"fielp001",3,"mcgec001",5,"bourj001",9,"kendj001",2,"escoa003",6,"burnm001",1,"morgn001",8,"gonza005",6,"dunna001",3,"zimmr001",5,"bellr002",4,"dukee001",9,"padij002",7,"nievw001",2,"lannj001",1,"hofft001","macdm001"
"WAS200908230","20090823",0,"Sunday",136,"F","D","MIL","WAS","WAS11","parrm001","stamc001","meric901","muchm901","diazl901","reilm901","","",21484,"","","","","",1,1,82,4,8,0,0,1,171,9,3,8,6,10,2,0,5,8,"stamc001","parrm001","","","lopef001",4,"counc001",5,"braur002",7,"fielp001",3,"camem001",8,"cataf001",9,"rivem003",2,"parrm001",1,"escoa003",6,"morgn001",8,"guzmc001",6,"zimmr001",5,"dunna001",3,"willj004",7,"bellr002",4,"bardj001",2,"morsm001",9,"stamc001",1,"weatd001","clipt001"
"WAS200908240","20090824",0,"Monday",436,"F","D","MIL","WAS","WAS11","gally001","balec001","muchm901","diazl901","reilm901","meric901","","",17805,"","","","","",1,1,84,5,6,0,0,1,191,9,7,1,10,6,1,0,7,11,"gally001","balec001","","","lopef001",4,"cataf001",9,"braur002",7,"fielp001",3,"mcgec001",5,"camem001",8,"kendj001",2,"gally001",1,"escoa003",6,"morgn001",8,"guzmc001",6,"zimmr001",5,"dunna001",3,"willj004",9,"harrw001",7,"gonza005",4,"nievw001",2,"balec001",1,"stetm001","macdm001"
"WAS200909040","20090904",0,"Friday",707,"F","N","FLO","WAS","WAS11","wests001","mockg001","knigb901","mcclt901","fleta901","gibsg901","","",16364,"","","","","",1,1,82,5,5,0,0,1,225,9,9,6,13,13,1,0,9,11,"badeb001","mockg001","nunel001","","coghc001",7,"johnn001",3,"ramih003",6,"cantj001",5,"bakej002",2,"uggld001",4,"rossc001",9,"maybc001",8,"wests001",1,"maxwj002",8,"guzmc001",6,"zimmr001",5,"dunna001",3,"willj004",7,"dukee001",9,"bardj001",2,"gonza005",4,"mockg001",1,"nunel001","macdm001"
"WAS200909050","20090905",0,"Saturday",707,"F","N","FLO","WAS","WAS11","johnj009","hernl003","mcclt901","fleta901","gibsg901","knigb901","","",18111,"","","","","",1,1,80,8,3,0,0,2,198,9,9,5,13,10,1,0,10,7,"johnj009","hernl003","","","coghc001",7,"maybc001",8,"ramih003",6,"cantj001",3,"bakej002",2,"uggld001",4,"rossc001",9,"helmw001",5,"johnj009",1,"harrw001",8,"guzmc001",6,"zimmr001",5,"dunna001",3,"willj004",7,"dukee001",9,"orr-p001",4,"nievw001",2,"hernl003",1,"sancb001","bergj001"
"WAS200909060","20090906",0,"Sunday",137,"F","D","FLO","WAS","WAS11","sanca004","martj005","fleta901","gibsg901","knigb901","mcclt901","","",22325,"","","","","",1,1,80,6,8,0,0,1,163,9,4,5,10,10,0,0,9,10,"macdm001","nunel001","","","coghc001",7,"johnn001",3,"ramih003",6,"cantj001",5,"uggld001",4,"rossc001",9,"paulr001",2,"maybc001",8,"sanca004",1,"harrw001",8,"guzmc001",6,"zimmr001",5,"dunna001",3,"willj004",7,"dukee001",9,"gonza005",4,"nievw001",2,"martj005",1,"nunel001","macdm001"
"WAS200909080","20090908",0,"Tuesday",705,"F","N","PHI","WAS","WAS11","martp001","lannj001","mealj901","kulpr901","scotd901","estam901","","",17153,"","","","","",1,1,73,5,5,0,0,0,173,9,5,3,7,9,2,0,4,10,"martp001","lannj001","madsr001","","rollj001",6,"victs001",8,"utlec001",4,"howar001",3,"wertj001",9,"ibanr001",7,"felip001",5,"ruizc001",2,"martp001",1,"harrw001",8,"guzmc001",6,"zimmr001",5,"dunna001",3,"willj004",7,"dukee001",9,"orr-p001",4,"nievw001",2,"lannj001",1,"madsr001","rives001"
"WAS200909090","20090909",0,"Wednesday",706,"F","N","PHI","WAS","WAS11","lee-c003","mockg001","kulpr901","scotd901","estam901","mealj901","","",16818,"","","","","",1,1,70,7,5,0,0,0,184,9,6,5,11,11,1,1,9,7,"lee-c003","clipt001","madsr001","","rollj001",6,"victs001",8,"utlec001",4,"howar001",3,"ibanr001",7,"wertj001",9,"felip001",5,"bakop001",2,"lee-c003",1,"maxwj002",8,"guzmc001",6,"dunna001",3,"zimmr001",5,"willj004",7,"dukee001",9,"bardj001",2,"gonza005",4,"mockg001",1,"madsr001","macdm001"
"WAS200909100","20090910",0,"Thursday",707,"F","N","PHI","WAS","WAS11","blanj001","hernl003","scotd901","estam901","mealj901","kulpr901","","",18706,"","","","","",1,1,66,8,10,0,0,0,183,9,7,8,11,9,2,1,6,7,"hernl003","blanj001","villr001","","rollj001",6,"victs001",8,"utlec001",4,"howar001",3,"ibanr001",7,"wertj001",9,"felip001",5,"ruizc001",2,"blanj001",1,"harrw001",8,"orr-p001",4,"zimmr001",5,"dunna001",3,"willj004",7,"dukee001",9,"desmi001",6,"nievw001",2,"hernl003",1,"lidgb001","villr001"
"WAS200909220","20090922",0,"Tuesday",707,"F","N","LAN","WAS","WAS11","kuroh001","hernl003","cuzzp901","hallt901","crawj901","hohnb901","","",18518,"","","","","",1,1,76,7,4,0,0,3,176,9,14,2,15,4,1,3,7,6,"kuroh001","hernl003","","","furcr001",6,"ethia001",9,"ramim002",7,"kempm001",8,"lonej001",3,"blakc001",5,"bellr002",4,"martr004",2,"kuroh001",1,"harrw001",8,"guzmc001",6,"zimmr001",5,"dunna001",3,"willj004",7,"dukee001",9,"bardj001",2,"desmi001",4,"hernl003",1,"kersc001","kensl001"
"WAS200909230","20090923",0,"Wednesday",706,"F","N","LAN","WAS","WAS11","billc001","detwr001","hallt901","crawj901","hohnb901","cuzzp901","","",18635,"","","","","",1,1,82,1,8,0,0,2,179,9,4,5,8,5,1,2,10,7,"rives001","mcdoj004","","","furcr001",6,"bellr002",5,"ethia001",9,"ramim002",7,"kempm001",8,"lonej001",3,"martr004",2,"hudso001",4,"billc001",1,"harrw001",7,"guzmc001",6,"dunna001",3,"zimmr001",5,"dukee001",9,"bardj001",2,"maxwj002",8,"gonza005",4,"detwr001",1,"mcdoj004","rives001"
"WAS200909240","20090924",0,"Thursday",705,"F","N","LAN","WAS","WAS11","padiv001","martj005","crawj901","hohnb901","cuzzp901","hallt901","","",22432,"","","","","",1,1,81,3,5,0,0,0,221,9,7,6,10,8,1,1,10,8,"tronr001","villr001","broxj001","","furcr001",6,"ethia001",9,"ramim002",7,"kempm001",8,"lonej001",3,"bellr002",4,"dewib001",5,"martr004",2,"padiv001",1,"harrw001",8,"desmi001",6,"dunna001",3,"zimmr001",5,"willj004",7,"dukee001",9,"gonza005",4,"burkj003",2,"martj005",1,"broxj001","kensl001"
"WAS200909250","20090925",0,"Friday",705,"F","N","ATL","WAS","WAS11","vazqj001","lannj001","drecb901","emmep901","barrs901","tscht901","","",28276,"","","","","",1,1,71,6,6,0,0,0,147,9,4,1,9,3,1,2,10,3,"vazqj001","lannj001","","","mclon001",8,"pradm001",4,"jonec004",5,"mccab002",2,"escoy001",6,"andeg001",7,"diazm003",9,"laroa001",3,"vazqj001",1,"harrw001",7,"desmi001",6,"dunna001",3,"zimmr001",5,"willj004",9,"orr-p001",4,"bardj001",2,"maxwj002",8,"lannj001",1,"","rives001"
"WAS200909260","20090926",0,"Saturday",105,"F","D","ATL","WAS","WAS11","hanst001","mockg001","emmep901","barrs901","tscht901","drecb901","","",29058,"","","","","",1,1,64,8,4,0,0,3,168,9,11,5,13,7,0,3,7,4,"hanst001","mockg001","","","mclon001",8,"pradm001",4,"jonec004",5,"mccab002",2,"andeg001",7,"escoy001",6,"laroa001",3,"diazm003",9,"hanst001",1,"harrw001",8,"orr-p001",5,"willj004",7,"dunna001",3,"dukee001",9,"bardj001",2,"gonza005",4,"desmi001",6,"mockg001",1,"sorir001","kensl001"
"WAS200909270","20090927",0,"Sunday",137,"F","D","ATL","WAS","WAS11","lowed001","hernl003","barrs901","tscht901","drecb901","emmep901","","",27840,"","","","","",1,1,70,4,4,0,0,2,175,10,6,3,9,9,0,1,6,9,"gonzm001","macdm001","sorir001","","mclon001",8,"pradm001",4,"jonec004",5,"mccab002",2,"andeg001",7,"escoy001",6,"laroa001",3,"diazm003",9,"lowed001",1,"harrw001",8,"desmi001",6,"zimmr001",5,"willj004",7,"dukee001",9,"morsm001",3,"burkj003",2,"gonza005",4,"hernl003",1,"sorir001","macdm001"
"WAS200909280","20090928",0,"Monday",706,"F","N","NYN","WAS","WAS11","figun001","detwr001","rungb901","drakr901","danlk901","bellw901","","",18600,"","","","","",1,1,73,4,7,0,0,2,152,9,1,2,7,7,2,0,10,8,"detwr001","figun001","macdm001","","pagaa001",7,"castl001",4,"wrigd002",5,"beltc001",8,"franj004",9,"tatif001",3,"santo001",2,"herna003",6,"figun001",1,"maxwj002",8,"desmi001",6,"zimmr001",5,"dunna001",3,"willj004",7,"morsm001",9,"bardj001",2,"gonza005",4,"detwr001",1,"parnb001","macdm001"
"WAS200909290","20090929",0,"Tuesday",705,"F","N","NYN","WAS","WAS11","pelfm001","martj005","drakr901","danlk901","bellw901","rungb901","","",19614,"","","","","",1,1,62,4,5,0,0,1,157,9,3,4,10,8,2,0,9,8,"clipt001","grees004","macdm001","","pagaa001",7,"castl001",4,"wrigd002",5,"beltc001",8,"murpd006",3,"franj004",9,"schnb001",2,"valdw001",6,"pelfm001",1,"harrw001",8,"dukee001",9,"zimmr001",5,"dunna001",3,"morsm001",7,"orr-p001",4,"desmi001",6,"nievw001",2,"martj005",1,"rodrf003","macdm001"
"WAS200909300","20090930",0,"Wednesday",436,"F","D","NYN","WAS","WAS11","reddt001","lannj001","danlk901","bellw901","rungb901","drakr901","","",23944,"","","","","",1,1,61,4,10,0,0,2,187,9,4,7,7,8,1,3,6,8,"villr001","rodrf003","","","pagaa001",7,"herna003",4,"wrigd002",5,"beltc001",8,"franj004",9,"tatif001",3,"santo001",2,"valdw001",6,"reddt001",1,"harrw001",8,"dukee001",9,"zimmr001",5,"dunna001",3,"willj004",7,"bardj001",2,"desmi001",6,"gonza005",4,"lannj001",1,"rodrf003","villr001"
