"SDN200604030","20060403",0,"Monday",412,"F","D","SFN","SDN","SAN02","schmj001","peavj001","reilm901","kellj901","mealj901","fleta901","","",43767,"","","","","",1,1,70,3,5,0,0,0,150,9,1,6,5,10,0,0,5,5,"peavj001","schmj001","","","winnr001",8,"vizqo001",6,"durhr001",4,"bondb001",7,"aloum001",9,"felip001",5,"niekl001",3,"mathm001",2,"schmj001",1,"robed001",8,"youne001",7,"gileb002",9,"piazm001",2,"gonza003",3,"greek002",6,"castv001",5,"barfj003",4,"peavj001",1,"accaj001","hensc002"
"SDN200604050","20060405",0,"Wednesday",707,"F","N","SFN","SDN","SAN02","morrm001","estes001","kellj901","mealj901","fleta901","reilm901","","",23721,"","","","","",1,1,59,3,15,0,0,2,154,9,3,1,6,7,0,1,8,8,"morrm001","estes001","worrt002","","winnr001",8,"vizqo001",6,"durhr001",4,"bondb001",7,"aloum001",9,"niekl001",3,"felip001",5,"mathm001",2,"morrm001",1,"robed001",8,"sledt001",7,"gileb002",9,"piazm001",2,"gonza003",3,"greek002",6,"castv001",5,"barfj003",4,"estes001",1,"worrt002","sweeb001"
"SDN200604070","20060407",0,"Friday",707,"F","N","COL","SDN","SAN02","foggj001","younc003","reynj901","welkt901","cedeg901","danlk901","","",33918,"","","","","",1,1,60,4,11,0,0,2,175,9,10,4,13,6,2,0,6,5,"foggj001","hensc002","","","sullc001",8,"barmc001",6,"heltt001",3,"atkig001",5,"marre001",7,"hawpb001",9,"smitj001",4,"ardod001",2,"foggj001",1,"robed001",8,"youne001",7,"gileb002",9,"piazm001",2,"gonza003",3,"greek002",6,"castv001",5,"barfj003",4,"younc003",1,"fuenb001","sweeb001"
"SDN200604080","20060408",0,"Saturday",706,"F","N","COL","SDN","SAN02","day-z001","brazd001","welkt901","cedeg901","danlk901","reynj901","","",29629,"","","","","",1,1,61,3,10,0,0,1,180,9,12,4,17,5,1,0,11,5,"day-z001","brazd001","","","sullc001",8,"barmc001",6,"heltt001",3,"atkig001",5,"hollm001",7,"marre001",9,"smitj001",4,"ojedm001",2,"day-z001",1,"robed001",8,"youne001",7,"gileb002",9,"gonza003",3,"mirad001",2,"greek002",6,"castv001",5,"barfj003",4,"brazd001",1,"cortd001","hofft001"
"SDN200604090","20060409",0,"Sunday",106,"F","D","COL","SDN","SAN02","jennj001","peavj001","danlk901","cedeg901","reynj901","welkt901","","",28901,"","","","","",1,1,63,3,10,0,0,2,168,9,10,4,18,8,0,0,9,5,"jennj001","peavj001","","","sullc001",8,"barmc001",6,"heltt001",3,"atkig001",5,"hollm001",7,"hawpb001",9,"smitj001",4,"ardod001",2,"jennj001",1,"robed001",8,"sledt001",7,"gileb002",9,"piazm001",2,"gonza003",3,"greek002",6,"castv001",5,"barfj003",4,"peavj001",1,"fuenb001","embra001"
"SDN200604200","20060420",0,"Thursday",707,"F","N","NYN","SDN","SAN02","tracs001","peavj001","buckc901","hirsj901","carlm901","guccc901","","",28791,"","","","","",1,1,66,3,6,0,0,2,173,9,7,2,12,7,0,0,4,5,"sancd001","lines001","","","reyej001",6,"lodup001",2,"beltc001",8,"delgc001",3,"wrigd002",5,"floyc001",7,"nadyx001",9,"matsk001",4,"tracs001",1,"robed001",7,"barfj003",4,"gileb002",9,"piazm001",2,"gonza003",3,"greek002",6,"castv001",5,"johnb003",8,"peavj001",1,"julij001","adkij001"
"SDN200604210","20060421",0,"Friday",706,"F","N","NYN","SDN","SAN02","bannb001","willw001","hirsj901","carlm901","guccc901","buckc901","","",38541,"","","","","",1,1,63,3,12,0,0,0,236,14,1,2,7,11,1,0,8,16,"sweeb001","bradc001","","","reyej001",6,"lodup001",2,"delgc001",3,"wrigd002",5,"floyc001",7,"nadyx001",9,"matsk001",4,"chave002",8,"bannb001",1,"robed001",7,"barfj003",4,"gileb002",9,"piazm001",2,"gonza003",3,"greek002",6,"castv001",5,"johnb003",8,"willw001",1,"bradc001","sweeb001"
"SDN200604220","20060422",0,"Saturday",707,"F","N","NYN","SDN","SAN02","martp001","younc003","carlm901","guccc901","buckc901","hirsj901","","",39389,"","","","","",1,1,62,4,7,0,0,0,178,9,8,1,11,3,1,2,10,5,"martp001","younc003","","","reyej001",6,"woodc001",4,"delgc001",3,"wrigd002",5,"floyc001",7,"nadyx001",9,"castr002",2,"chave002",8,"martp001",1,"robed001",7,"barfj003",4,"gileb002",9,"piazm001",2,"gonza003",3,"greek002",6,"blumg001",5,"johnb003",8,"younc003",1,"julij001","adkij001"
"SDN200604230","20060423",0,"Sunday",106,"F","D","NYN","SDN","SAN02","zambv001","hensc002","guccc901","buckc901","hirsj901","carlm901","","",34109,"","","","","",1,1,69,3,9,0,0,2,184,9,4,7,8,12,0,0,8,11,"hensc002","zambv001","hofft001","","matsk001",4,"lodup001",2,"delgc001",3,"wrigd002",5,"floyc001",7,"nadyx001",9,"woodc001",6,"chave002",8,"zambv001",1,"robed001",7,"barfj003",4,"gileb002",9,"gonza003",3,"camem001",8,"castv001",5,"greek002",6,"mirad001",2,"hensc002",1,"julij001","hofft001"
"SDN200604240","20060424",0,"Monday",706,"F","N","ARI","SDN","SAN02","webbb001","parkc002","davib902","welkb901","mcclt901","fostm901","","",19718,"","","","","",1,1,62,3,13,0,0,2,149,9,4,1,9,6,0,0,6,3,"webbb001","parkc002","valvj001","","davaj001",8,"hudso001",4,"tracc001",5,"gonzl001",7,"clart002",3,"grees001",9,"estrj001",2,"easld001",6,"webbb001",1,"robed001",7,"barfj003",4,"gileb002",9,"piazm001",2,"gonza003",3,"camem001",8,"castv001",5,"blumg001",6,"parkc002",1,"valvj001","sweeb001"
"SDN200604250","20060425",0,"Tuesday",705,"F","N","ARI","SDN","SAN02","vargc001","peavj001","welkb901","mcclt901","fostm901","davib902","","",21281,"","","","","",1,1,61,4,10,0,0,2,164,9,7,0,13,5,1,2,10,6,"vargc001","peavj001","","","counc001",6,"hudso001",4,"tracc001",5,"gonzl001",7,"jackc002",3,"grees001",9,"estrj001",2,"byrne001",8,"vargc001",1,"youne001",7,"barfj003",4,"gileb002",9,"castv001",5,"camem001",8,"gonza003",3,"greek002",6,"mirad001",2,"peavj001",1,"aquig001","casss001"
"SDN200604260","20060426",0,"Wednesday",1235,"F","D","ARI","SDN","SAN02","herno001","willw001","mcclt901","fostm901","davib902","welkb901","","",22247,"","","","","",1,1,65,4,10,0,0,0,170,9,3,2,9,3,0,0,9,3,"herno001","willw001","valvj001","","davaj001",8,"hudso001",4,"tracc001",5,"gonzl001",7,"jackc002",3,"grees001",9,"easld001",6,"snydc002",2,"herno001",1,"robed001",7,"camem001",8,"gileb002",9,"piazm001",2,"gonza003",3,"greek002",6,"castv001",5,"bellm002",4,"willw001",1,"valvj001","lines001"
"SDN200604280","20060428",0,"Friday",707,"F","N","LAN","SDN","SAN02","seo-j001","younc003","scotd901","iassd901","hoyej901","kulpr901","","",36435,"","","","","",1,1,64,4,10,0,0,2,155,9,3,0,8,2,0,0,8,5,"seo-j001","younc003","baezd001","","furcr001",6,"loftk001",8,"drewj001",9,"kentj001",4,"garcn001",3,"muelb001",5,"cruzj004",7,"navad001",2,"seo-j001",1,"robed001",7,"barfj003",4,"gileb002",9,"piazm001",2,"camem001",8,"gonza003",3,"castv001",5,"greek002",6,"younc003",1,"baezd001","sweeb001"
"SDN200604290","20060429",0,"Saturday",705,"F","N","LAN","SDN","SAN02","tomkb001","hensc002","iassd901","hoyej901","kulpr901","scotd901","","",44337,"","","","","",1,1,63,3,12,0,0,0,139,9,4,2,5,5,0,0,5,3,"tomkb001","hensc002","baezd001","","furcr001",6,"loftk001",8,"drewj001",9,"kentj001",4,"garcn001",3,"muelb001",5,"cruzj004",7,"navad001",2,"tomkb001",1,"robed001",7,"gileb002",9,"camem001",8,"bellm002",5,"gonza003",3,"greek002",6,"barfj003",4,"mirad001",2,"hensc002",1,"baezd001","sweeb001"
"SDN200604300","20060430",0,"Sunday",106,"F","D","LAN","SDN","SAN02","lowed001","parkc002","hoyej901","kulpr901","scotd901","iassd901","","",38116,"","","","","",1,1,70,4,9,0,0,1,191,10,5,6,6,7,0,1,5,7,"lines001","hamut001","","","furcr001",6,"loftk001",8,"drewj001",9,"kentj001",4,"garcn001",3,"muelb001",5,"repkj001",7,"navad001",2,"lowed001",1,"robed001",7,"camem001",8,"gileb002",9,"piazm001",2,"bellm002",3,"greek002",6,"castv001",5,"barfj003",4,"parkc002",1,"hamut001","lines001"
"SDN200605050","20060505",0,"Friday",706,"F","N","CHN","SDN","SAN02","zambc001","parkc002","kellj901","mealj901","fleta901","reilm901","","",37123,"","","","","",1,1,64,3,16,0,0,0,187,11,0,1,4,5,2,1,8,11,"casss001","wills002","","","pierj002",8,"bynuf001",7,"walkt002",3,"ramia001",5,"barrm003",2,"jonej003",9,"hairj002",4,"peren001",6,"zambc001",1,"robed001",7,"camem001",8,"gileb002",9,"bellm002",3,"greek002",6,"castv001",5,"barfj003",4,"bardj001",2,"parkc002",1,"wills002","casss001"
"SDN200605060","20060506",0,"Saturday",707,"F","N","CHN","SDN","SAN02","marss002","peavj001","mealj901","fleta901","reilm901","kellj901","","",37745,"","","","","",1,1,67,4,12,0,0,0,194,10,1,2,9,7,0,0,10,7,"casss001","howrb001","","","pierj002",8,"ceder002",6,"walkt002",3,"jonej003",9,"ramia001",5,"murtm001",7,"barrm003",2,"hairj002",4,"marss002",1,"youne001",7,"camem001",8,"gileb002",9,"piazm001",2,"bellm002",3,"greek002",6,"castv001",5,"barfj003",4,"peavj001",1,"howrb001","casss001"
"SDN200605070","20060507",0,"Sunday",105,"F","D","CHN","SDN","SAN02","guzma001","willw001","fleta901","reilm901","kellj901","mealj901","","",39847,"","","","","",1,1,72,3,8,0,0,0,169,9,3,6,8,9,0,0,6,10,"willw001","guzma001","sweeb001","","pierj002",8,"ceder002",6,"walkt002",3,"barrm003",2,"ramia001",5,"murtm001",7,"jonej003",9,"hairj002",4,"guzma001",1,"robed001",7,"barfj003",4,"gileb002",9,"bellm002",5,"bower002",2,"greek002",6,"gonza003",3,"johnb003",8,"willw001",1,"ohmaw001","sweeb001"
"SDN200605080","20060508",0,"Monday",707,"F","N","CHN","SDN","SAN02","maddg002","younc003","reilm901","kellj901","mealj901","fleta901","","",24139,"","","","","",1,1,65,3,10,0,0,3,162,9,3,8,10,14,0,0,7,9,"younc003","maddg002","","","pierj002",8,"ceder002",6,"walkt002",3,"barrm003",2,"ramia001",5,"murtm001",7,"jonej003",9,"hairj002",4,"maddg002",1,"robed001",7,"camem001",8,"gileb002",9,"piazm001",2,"castv001",5,"barfj003",4,"greek002",6,"gonza003",3,"younc003",1,"dempr002","brazd001"
"SDN200605090","20060509",0,"Tuesday",707,"F","N","MIL","SDN","SAN02","david002","hensc002","emmep901","froeb901","wintm901","rungb901","","",22196,"","","","","",1,1,64,4,7,0,0,1,185,10,5,4,10,5,1,0,7,4,"kolbd001","hofft001","turnd001","","weekr001",4,"hardj003",6,"jenkg001",9,"lee-c001",7,"koskc001",5,"cirij001",3,"milld002",2,"clarb003",8,"david002",1,"robed001",7,"camem001",8,"gileb002",9,"piazm001",2,"castv001",5,"greek002",6,"barfj003",4,"gonza003",3,"hensc002",1,"turnd001","hofft001"
"SDN200605100","20060510",0,"Wednesday",706,"F","N","MIL","SDN","SAN02","capuc001","parkc002","froeb901","wintm901","rungb901","emmep901","","",20088,"","","","","",1,1,65,4,11,0,0,0,159,9,0,3,7,8,0,0,9,10,"parkc002","capuc001","hofft001","","weekr001",4,"hallb001",6,"jenkg001",9,"lee-c001",7,"fielp001",3,"koskc001",5,"milld002",2,"clarb003",8,"capuc001",1,"youne001",7,"camem001",8,"gileb002",9,"bellm002",3,"greek002",6,"castv001",5,"barfj003",4,"bardj001",2,"parkc002",1,"delaj001","hofft001"
"SDN200605110","20060511",0,"Thursday",1236,"F","D","MIL","SDN","SAN02","hendb001","peavj001","wintm901","rungb901","emmep901","froeb901","","",22500,"","","","","",1,1,70,3,13,0,0,2,174,9,5,8,7,12,0,0,4,8,"peavj001","hendb001","","","grosg002",8,"hardj003",6,"jenkg001",9,"lee-c001",7,"fielp001",3,"koskc001",5,"hallb001",4,"moelc001",2,"hendb001",1,"robed001",7,"camem001",8,"gileb002",9,"bower002",2,"greek002",6,"barfj003",4,"gonza003",3,"blumg001",5,"peavj001",1,"lehrj001","lines001"
"SDN200605220","20060522",0,"Monday",705,"F","N","ATL","SDN","SAN02","smolj001","peavj001","cousd901","timmt901","brinj901","nelsj901","","",25869,"","","","","",1,1,67,3,13,0,0,2,165,9,3,1,5,8,0,0,3,8,"smolj001","peavj001","reitc001","","gilem001",4,"rente001",6,"jonec004",5,"jonea002",8,"franj004",9,"langr002",7,"jordb001",3,"pratt001",2,"smolj001",1,"robed001",7,"camem001",8,"gileb002",9,"piazm001",2,"greek002",6,"gonza003",3,"castv001",5,"barfj003",4,"peavj001",1,"reitc001","browj003"
"SDN200605230","20060523",0,"Tuesday",705,"F","N","ATL","SDN","SAN02","sosaj002","thomm004","timmt901","brinj901","nelsj901","cousd901","","",25315,"","","","","",1,1,65,3,13,0,0,1,144,9,1,2,5,2,2,0,3,5,"thomm004","sosaj002","hofft001","","gilem001",4,"rente001",6,"jonec004",5,"jonea002",8,"franj004",9,"langr002",7,"jordb001",3,"pratt001",2,"sosaj002",1,"robed001",7,"camem001",8,"gileb002",9,"piazm001",2,"greek002",6,"gonza003",3,"castv001",5,"barfj003",4,"thomm004",1,"ray-k001","hofft001"
"SDN200605240","20060524",0,"Wednesday",707,"F","N","ATL","SDN","SAN02","thomj005","younc003","brinj901","nelsj901","cousd901","timmt901","","",23740,"","","","","",1,1,73,4,9,0,0,1,160,9,10,6,13,10,2,1,9,5,"thomj005","younc003","","","gilem001",4,"rente001",6,"jonec004",5,"jonea002",8,"laroa001",3,"franj004",9,"diazm003",7,"pratt001",2,"thomj005",1,"robed001",7,"camem001",8,"gileb002",9,"piazm001",2,"greek002",6,"gonza003",3,"castv001",5,"barfj003",4,"younc003",1,"reitc001","adkij001"
"SDN200605260","20060526",0,"Friday",705,"F","N","SLN","SDN","SAN02","suppj001","hensc002","kulpr901","scotd901","iassd901","davib902","","",40075,"","","","","",1,1,66,4,13,0,0,2,157,9,1,7,5,10,0,0,7,5,"hensc002","suppj001","","","ecksd001",6,"spies001",7,"pujoa001",3,"roles001",5,"edmoj001",8,"encaj001",9,"benng001",2,"milea001",4,"suppj001",1,"robed001",7,"camem001",8,"gileb002",9,"piazm001",2,"greek002",6,"gonza003",3,"blumg001",5,"barfj003",4,"hensc002",1,"hancj001","adkij001"
"SDN200605270","20060527",0,"Saturday",110,"F","D","SLN","SDN","SAN02","ponss001","parkc002","scotd901","iassd901","davib902","kulpr901","","",32722,"","","","","",1,1,69,3,12,0,0,0,161,9,4,3,7,13,0,0,8,9,"ponss001","parkc002","isrij001","","ecksd001",6,"spies001",7,"pujoa001",3,"roles001",5,"encaj001",9,"tagus001",8,"moliy001",2,"lunah001",4,"ponss001",1,"robed001",7,"camem001",8,"gileb002",9,"bardj001",2,"greek002",6,"bellm002",4,"gonza003",3,"blumg001",5,"parkc002",1,"isrij001","browj003"
"SDN200605280","20060528",0,"Sunday",106,"F","D","SLN","SDN","SAN02","muldm001","peavj001","iassd901","davib902","kulpr901","scotd901","","",38145,"","","","","",1,1,70,4,13,0,0,1,179,9,8,10,16,16,0,0,8,12,"peavj001","muldm001","hofft001","","ecksd001",6,"rodrj002",7,"pujoa001",3,"roles001",5,"encaj001",9,"tagus001",8,"moliy001",2,"milea001",4,"muldm001",1,"youne001",7,"camem001",8,"gileb002",9,"castv001",5,"greek002",6,"bellm002",3,"bardj001",2,"barfj003",4,"peavj001",1,"johnt002","hofft001"
"SDN200605290","20060529",0,"Monday",606,"F","N","COL","SDN","SAN02","jennj001","thomm004","meric901","reint901","cuzzp901","crawj901","","",27904,"","","","","",1,1,69,3,10,0,0,1,141,9,5,0,10,2,0,0,6,4,"jennj001","thomm004","","","carrj001",4,"spilr001",8,"heltt001",3,"hollm001",7,"atkig001",5,"hawpb001",9,"closj001",2,"barmc001",6,"jennj001",1,"robed001",7,"camem001",8,"gileb002",9,"piazm001",2,"bellm002",5,"greek002",6,"gonza003",3,"barfj003",4,"thomm004",1,"","sweeb001"
"SDN200605300","20060530",0,"Tuesday",706,"F","N","COL","SDN","SAN02","cooka002","younc003","reint901","cuzzp901","crawj901","meric901","","",23698,"","","","","",1,1,70,4,8,0,0,1,140,9,0,2,2,10,0,0,4,4,"younc003","cooka002","hofft001","","carrj001",4,"sullc001",8,"heltt001",3,"hollm001",7,"atkig001",5,"hawpb001",9,"closj001",2,"barmc001",6,"cooka002",1,"robed001",7,"camem001",8,"gileb002",9,"piazm001",2,"bellm002",4,"greek002",6,"gonza003",3,"blumg001",5,"younc003",1,"mesaj001","hofft001"
"SDN200605310","20060531",0,"Wednesday",1235,"F","D","COL","SDN","SAN02","franj003","hensc002","cuzzp901","crawj901","meric901","reint901","","",24607,"","","","","",1,1,75,4,9,0,0,1,159,9,2,3,10,4,1,1,8,4,"hensc002","franj003","hofft001","","carrj001",4,"spilr001",8,"heltt001",3,"hollm001",7,"atkig001",5,"hawpb001",9,"closj001",2,"barmc001",6,"franj003",1,"youne001",7,"camem001",8,"gileb002",9,"bardj001",2,"bellm002",3,"greek002",6,"castv001",5,"barfj003",4,"hensc002",1,"fuenb001","hofft001"
"SDN200606090","20060609",0,"Friday",706,"F","N","FLO","SDN","SAN02","nolar001","younc003","darlg901","poncl901","drecb901","hallt901","","",32247,"","","","","",1,1,66,4,7,0,0,0,151,9,2,3,8,6,1,0,8,4,"younc003","nolar001","hofft001","","ramih003",6,"uggld001",4,"jacom001",3,"cabrm001",5,"borcj001",7,"hermj001",9,"aberr001",8,"olivm001",2,"nolar001",1,"robed001",7,"camem001",8,"gileb002",9,"piazm001",2,"gonza003",3,"greek002",6,"blumg001",5,"barfj003",4,"younc003",1,"kensl001","hofft001"
"SDN200606100","20060610",0,"Saturday",706,"F","N","FLO","SDN","SAN02","olses001","hensc002","poncl901","drecb901","hallt901","darlg901","","",31567,"","","","","",1,1,66,3,6,0,0,0,162,9,2,1,3,4,0,1,5,6,"olses001","hensc002","boroj001","","ameza001",6,"uggld001",4,"jacom001",3,"cabrm001",5,"rossc001",7,"hermj001",9,"aberr001",8,"tream001",2,"olses001",1,"robed001",7,"camem001",8,"gileb002",9,"piazm001",2,"greek002",6,"gonza003",3,"castv001",5,"barfj003",4,"hensc002",1,"boroj001","sikob001"
"SDN200606110","20060611",0,"Sunday",106,"F","D","FLO","SDN","SAN02","moehb001","peavj001","drecb901","hallt901","darlg901","poncl901","","",31090,"","","","","",1,1,73,4,7,0,0,1,173,9,7,3,14,12,1,1,7,10,"moehb001","peavj001","tankt001","","ramih003",6,"uggld001",4,"jacom001",3,"cabrm001",5,"rossc001",7,"hermj001",9,"ameza001",8,"olivm001",2,"moehb001",1,"robed001",7,"camem001",8,"gileb002",9,"bardj001",2,"gonza003",3,"bellm002",4,"greek002",6,"castv001",5,"peavj001",1,"tankt001","casss001"
"SDN200606130","20060613",0,"Tuesday",706,"F","N","LAN","SDN","SAN02","selea001","parkc002","barrt901","diazl901","reedr901","tscht901","","",30371,"","","","","",1,1,68,3,15,0,0,1,170,9,1,9,8,10,2,0,9,10,"parkc002","selea001","","","furcr001",6,"loftk001",8,"garcn001",3,"drewj001",9,"kentj001",4,"aybaw001",5,"kempm001",7,"martr004",2,"selea001",1,"robed001",7,"camem001",8,"gileb002",9,"piazm001",2,"gonza003",3,"greek002",6,"castv001",5,"barfj003",4,"parkc002",1,"pereo001","casss001"
"SDN200606140","20060614",0,"Wednesday",705,"F","N","LAN","SDN","SAN02","pennb002","thomm004","diazl901","reedr901","tscht901","barrt901","","",30011,"","","","","",1,1,69,4,12,0,0,1,160,9,3,5,6,8,1,1,5,6,"lines001","kuo-h001","hofft001","","furcr001",6,"loftk001",8,"garcn001",3,"drewj001",9,"kentj001",4,"ethia001",7,"aybaw001",5,"martr004",2,"pennb002",1,"robed001",7,"camem001",8,"gileb002",9,"piazm001",2,"gonza003",3,"bellm002",5,"greek002",6,"barfj003",4,"thomm004",1,"baezd001","hofft001"
"SDN200606150","20060615",0,"Thursday",1237,"F","D","LAN","SDN","SAN02","billc001","younc003","reedr901","tscht901","barrt901","diazl901","","",33382,"","","","","",1,1,75,3,9,0,0,2,190,9,7,3,9,7,1,0,8,6,"broxj001","sikob001","","","furcr001",6,"cruzj004",9,"garcn001",3,"kentj001",4,"kempm001",8,"ethia001",7,"aybaw001",5,"martr004",2,"billc001",1,"robed001",7,"camem001",8,"gileb002",9,"bardj001",2,"gonza003",3,"bellm002",5,"blumg001",6,"barfj003",4,"younc003",1,"saitt001","casss001"
"SDN200606230","20060623",0,"Friday",705,"F","N","SEA","SDN","SAN02","mechg001","peavj001","gibsg901","relic901","nauep901","vanol901","","",40049,"","","","","",1,1,73,3,8,0,0,2,182,10,1,2,8,7,0,0,7,9,"lines001","matej001","","","suzui001",9,"belta001",5,"lopej003",4,"ibanr001",7,"sexsr001",3,"johjk001",2,"reedj004",8,"betay001",6,"mechg001",1,"camem001",8,"johnb003",7,"gileb002",9,"piazm001",2,"gonza003",3,"greek002",6,"castv001",5,"barfj003",4,"peavj001",1,"matej001","lines001"
"SDN200606240","20060624",0,"Saturday",706,"F","N","SEA","SDN","SAN02","moyej001","parkc002","relic901","nauep901","vanol901","gibsg901","","",33349,"","","","","",1,1,71,4,12,0,0,0,171,9,9,5,15,10,0,1,7,6,"moyej001","parkc002","","","suzui001",9,"belta001",5,"lopej003",4,"ibanr001",7,"sexsr001",3,"johjk001",2,"reedj004",8,"betay001",6,"moyej001",1,"camem001",8,"johnb003",7,"gileb002",9,"piazm001",2,"greek002",6,"gonza003",3,"castv001",5,"barfj003",4,"parkc002",1,"putzj001","embra001"
"SDN200606250","20060625",0,"Sunday",105,"F","D","SEA","SDN","SAN02","pinej001","thomm004","nauep901","vanol901","gibsg901","relic901","","",32707,"","","","","",1,1,76,3,15,0,0,0,161,9,9,4,12,7,0,1,7,4,"sherg001","embra001","","","suzui001",9,"belta001",5,"lopej003",4,"ibanr001",7,"sexsr001",3,"reedj004",8,"river003",2,"bloow001",6,"pinej001",1,"camem001",8,"bellm002",4,"gileb002",9,"bardj001",2,"gonza003",3,"greek002",6,"johnb003",7,"blumg001",5,"thomm004",1,"sorir001","sikob001"
"SDN200606270","20060627",0,"Tuesday",708,"F","N","OAK","SDN","SAN02","zitob001","younc003","nelsj901","cousd901","timmt901","brinj901","","",34102,"","","","","",1,1,80,3,14,0,0,2,160,9,0,3,5,10,1,0,8,9,"younc003","zitob001","hofft001","","kotsm001",8,"swisn001",7,"chave001",5,"crosb002",6,"johnd004",3,"paytj001",9,"kendj001",2,"scutm001",4,"zitob001",1,"camem001",8,"johnb003",7,"gileb002",9,"piazm001",2,"greek002",6,"gonza003",3,"castv001",5,"barfj003",4,"younc003",1,"halsb001","hofft001"
"SDN200606280","20060628",0,"Wednesday",705,"F","N","OAK","SDN","SAN02","blanj001","hensc002","cousd901","timmt901","brinj901","nelsj901","","",39874,"","","","","",1,1,73,4,6,0,0,1,160,9,1,8,6,12,1,0,5,7,"hensc002","blanj001","","","kotsm001",8,"swisn001",7,"chave001",5,"crosb002",6,"johnd004",3,"paytj001",9,"kendj001",2,"scutm001",4,"blanj001",1,"camem001",8,"johnb003",7,"gileb002",9,"piazm001",2,"gonza003",3,"greek002",6,"castv001",5,"barfj003",4,"hensc002",1,"saues001","casss001"
"SDN200606290","20060629",0,"Thursday",1236,"F","D","OAK","SDN","SAN02","hared001","peavj001","timmt901","brinj901","nelsj901","cousd901","","",30301,"","","","","",1,1,76,4,13,0,0,1,282,14,6,5,11,9,1,1,11,10,"florr002","casss001","gaudc001","","kendj001",2,"swisn001",7,"chave001",5,"crosb002",6,"johnd004",3,"paytj001",8,"kielb001",9,"scutm001",4,"hared001",1,"camem001",8,"youne001",7,"gileb002",9,"bardj001",2,"gonza003",3,"bellm002",5,"greek002",6,"barfj003",4,"peavj001",1,"gaudc001","casss001"
"SDN200606300","20060630",0,"Friday",706,"F","N","SFN","SDN","SAN02","wrigj001","parkc002","scotd901","kulpr901","iassd901","davib902","","",39511,"","","","","",1,1,74,3,13,0,0,1,168,9,5,6,7,14,0,1,3,11,"sikob001","accaj001","","","winnr001",9,"vizqo001",6,"sweem001",3,"bondb001",7,"durhr001",4,"finls001",8,"felip001",5,"alfoe002",2,"wrigj001",1,"camem001",8,"johnb003",7,"gileb002",9,"piazm001",2,"gonza003",3,"greek002",6,"castv001",5,"barfj003",4,"parkc002",1,"accaj001","sikob001"
"SDN200607011","20060701",1,"Saturday",1205,"F","D","SFN","SDN","SAN02","cainm001","thomm004","kulpr901","reint901","davib902","scotd901","","",23888,"","","","","",1,1,77,4,6,0,0,1,167,9,4,7,6,9,1,0,8,9,"adkij001","wilsb001","hofft001","","winnr001",9,"vizqo001",6,"felip001",5,"bondb001",7,"finls001",8,"niekl001",3,"frank001",4,"alfoe002",2,"cainm001",1,"camem001",8,"bellm002",4,"gileb002",9,"bardj001",2,"gonza003",3,"greek002",6,"blumg001",5,"johnb003",7,"thomm004",1,"klins002","hofft001"
"SDN200607012","20060701",2,"Saturday",705,"F","N","SFN","SDN","SAN02","hennb001","willw001","iassd901","davib902","scotd901","reint901","","",43029,"","","","","",1,1,73,4,6,0,0,1,186,10,4,1,13,5,0,1,11,6,"klins002","embra001","benia001","","winnr001",9,"finls001",8,"felip001",5,"bondb001",7,"durhr001",4,"sweem001",3,"greet003",2,"vizcj001",6,"hennb001",1,"camem001",8,"youne001",7,"gileb002",9,"piazm001",2,"gonza003",3,"greek002",6,"castv001",5,"barfj003",4,"willw001",1,"benia001","casss001"
"SDN200607020","20060702",0,"Sunday",107,"F","D","SFN","SDN","SAN02","morrm001","younc003","davib902","scotd901","kulpr901","iassd901","","",39837,"","","","","",1,1,79,3,6,0,0,2,178,9,6,2,8,6,0,0,4,9,"morrm001","younc003","wilsb001","","winnr001",8,"vizqo001",6,"felip001",5,"sweem001",7,"niekl001",3,"durhr001",4,"ellij001",9,"alfoe002",2,"morrm001",1,"camem001",8,"youne001",7,"gileb002",9,"bardj001",2,"gonza003",3,"bellm002",5,"blumg001",6,"barfj003",4,"younc003",1,"wilsb001","merec001"
"SDN200607140","20060714",0,"Friday",707,"F","N","ATL","SDN","SAN02","hudst001","younc003","poncl901","hicke901","drecb901","darlg901","","",42869,"","","","","",1,1,79,3,8,0,0,1,263,11,15,12,17,19,0,1,6,10,"sosaj002","hensc002","yatet001","","gilem001",4,"rente001",6,"jonec004",5,"jonea002",8,"mccab002",2,"franj004",9,"laroa001",3,"langr002",7,"hudst001",1,"robed001",7,"camem001",8,"gileb002",9,"piazm001",2,"gonza003",3,"greek002",6,"bellm002",5,"barfj003",4,"younc003",1,"yatet001","hensc002"
"SDN200607150","20060715",0,"Saturday",705,"F","N","ATL","SDN","SAN02","smolj001","parkc002","hicke901","drecb901","darlg901","poncl901","","",39988,"","","","","",1,1,79,3,6,0,0,2,178,9,11,3,12,10,1,1,6,10,"smolj001","parkc002","","","betew001",4,"rente001",6,"jonec004",5,"jonea002",8,"mccab002",2,"franj004",9,"laroa001",3,"thors001",7,"smolj001",1,"robed001",7,"camem001",8,"gileb002",9,"piazm001",2,"gonza003",3,"greek002",6,"bellm002",5,"barfj003",4,"parkc002",1,"ray-k001","adkij001"
"SDN200607160","20060716",0,"Sunday",106,"F","D","ATL","SDN","SAN02","jamec002","peavj001","drecb901","darlg901","poncl901","hicke901","","",31650,"","","","","",1,1,79,4,10,0,0,1,155,9,10,5,14,10,0,1,9,5,"jamec002","peavj001","","","betew001",4,"rente001",6,"jonec004",5,"jonea002",8,"mccab002",2,"franj004",9,"laroa001",3,"thors001",7,"jamec002",1,"youne001",7,"camem001",8,"gileb002",9,"bardj001",2,"greek002",6,"gonza003",3,"castv001",5,"barfj003",4,"peavj001",1,"ray-k001","adkij001"
"SDN200607170","20060717",0,"Monday",706,"F","N","PHI","SDN","SAN02","hamec001","willw001","davig901","gormb901","millb901","coope901","","",25936,"","","","","",1,1,74,3,5,0,0,2,194,9,6,8,12,13,2,0,7,8,"embra001","cormr001","hofft001","","rollj001",6,"utlec001",4,"abreb001",9,"burrp001",7,"howar001",3,"rowaa001",8,"belld002",5,"liebm001",2,"hamec001",1,"youne001",7,"camem001",8,"gileb002",9,"piazm001",2,"greek002",6,"gonza003",3,"castv001",5,"barfj003",4,"willw001",1,"fulta001","hofft001"
"SDN200607180","20060718",0,"Tuesday",705,"F","N","PHI","SDN","SAN02","madsr001","hensc002","gormb901","millb901","coope901","davig901","","",33327,"","","","","",1,1,72,4,8,0,0,2,186,9,6,10,10,14,0,0,8,6,"hensc002","madsr001","","","rollj001",6,"utlec001",4,"abreb001",9,"burrp001",7,"howar001",3,"rowaa001",8,"belld002",5,"liebm001",2,"madsr001",1,"robed001",7,"camem001",8,"gileb002",9,"piazm001",2,"gonza003",3,"greek002",6,"blumg001",5,"barfj003",4,"hensc002",1,"fulta001","sweeb001"
"SDN200607190","20060719",0,"Wednesday",1235,"F","D","PHI","SDN","SAN02","liebj001","thomm004","millb901","coope901","davig901","gormb901","","",32101,"","","","","",1,1,77,3,10,0,0,2,159,9,5,4,11,8,1,0,11,7,"gearg001","hofft001","gordt001","","rollj001",6,"delld001",7,"utlec001",4,"abreb001",9,"howar001",3,"rowaa001",8,"belld002",5,"costc001",2,"liebj001",1,"robed001",7,"camem001",8,"gileb002",9,"bardj001",2,"gonza003",3,"greek002",6,"bellm002",5,"barfj003",4,"thomm004",1,"gordt001","adkij001"
"SDN200608010","20060801",0,"Tuesday",707,"F","N","HOU","SDN","SAN02","petta001","peavj001","iassd901","barkl901","scotd901","kulpr901","","",39925,"","","","","",1,1,71,3,8,0,0,2,170,9,1,0,7,5,0,0,7,8,"petta001","peavj001","lidgb001","","tavew001",8,"biggc001",4,"lambm001",3,"huffa001",9,"ensbm001",5,"scotl001",7,"evera001",6,"ausmb001",2,"petta001",1,"camem001",8,"barfj003",4,"gileb002",9,"piazm001",2,"greek002",6,"gonza003",3,"johnb003",7,"bellm002",5,"peavj001",1,"lidgb001","merec001"
"SDN200608020","20060802",0,"Wednesday",705,"F","N","HOU","SDN","SAN02","backb001","willw001","barkl901","scotd901","kulpr901","iassd901","","",30757,"","","","","",1,1,71,4,9,0,0,2,160,9,7,1,10,8,0,2,7,7,"backb001","willw001","","","tavew001",8,"biggc001",4,"lambm001",3,"ensbm001",5,"scotl001",9,"wilsp002",7,"evera001",6,"ausmb001",2,"backb001",1,"robed001",7,"camem001",8,"gileb002",9,"piazm001",2,"gonza003",3,"walkt002",5,"greek002",6,"barfj003",4,"willw001",1,"borkd001","adkij001"
"SDN200608030","20060803",0,"Thursday",1235,"F","D","HOU","SDN","SAN02","albem001","hensc002","scotd901","kulpr901","iassd901","barkl901","","",29661,"","","","","",1,1,70,4,7,0,0,0,168,9,2,5,6,10,1,2,6,9,"hensc002","albem001","hofft001","","tavew001",8,"lambm001",3,"huffa001",9,"ensbm001",5,"scotl001",7,"munse001",2,"evera001",6,"burkc001",4,"albem001",1,"robed001",7,"camem001",8,"gileb002",9,"bardj001",2,"gonza003",3,"walkt002",5,"greek002",6,"barfj003",4,"hensc002",1,"millt002","hofft001"
"SDN200608040","20060804",0,"Friday",707,"F","N","WAS","SDN","SAN02","ortir002","younc003","froeb901","wintm901","rungb901","emmep901","","",36538,"","","","","",1,1,73,4,9,0,0,1,181,9,6,2,9,10,0,0,3,11,"ortir002","younc003","","","soria001",7,"lopef001",6,"zimmr001",5,"johnn001",3,"keara001",9,"churr001",8,"andem003",4,"schnb001",2,"ortir002",1,"robed001",7,"gileb002",9,"camem001",8,"gonza003",3,"bardj001",2,"walkt002",5,"blumg001",6,"barfj003",4,"younc003",1,"cordc001","embra001"
"SDN200608050","20060805",0,"Saturday",706,"F","N","WAS","SDN","SAN02","astap001","thomm004","rungb901","emmep901","wintm901","froeb901","","",40339,"","","","","",1,1,69,3,10,0,0,2,160,9,3,6,6,10,0,0,5,9,"embra001","astap001","hofft001","","soria001",7,"lopef001",6,"zimmr001",5,"johnn001",3,"keara001",9,"churr001",8,"andem003",4,"schnb001",2,"astap001",1,"robed001",7,"gileb002",9,"camem001",8,"piazm001",2,"gonza003",3,"bellm002",5,"blumg001",6,"barfj003",4,"thomm004",1,"corcr001","hofft001"
"SDN200608060","20060806",0,"Sunday",106,"F","D","WAS","SDN","SAN02","hernl003","peavj001","emmep901","wintm901","froeb901","rungb901","","",35648,"","","","","",1,1,75,4,14,0,0,2,207,10,2,3,7,10,1,1,12,8,"brocd001","bowim001","","","soria001",7,"lopef001",6,"zimmr001",5,"johnn001",3,"keara001",9,"churr001",8,"andem003",4,"schnb001",2,"hernl003",1,"robed001",7,"gileb002",9,"camem001",8,"bardj001",2,"gonza003",3,"walkt002",4,"bellm002",5,"blumg001",6,"peavj001",1,"bowim001","brocd001"
"SDN200608140","20060814",0,"Monday",709,"F","N","SFN","SDN","SAN02","hennb001","hensc002","schrp901","eddid901","demud901","joycj901","","",31774,"","","","","",1,1,68,3,14,0,0,2,168,9,1,0,4,5,1,3,7,9,"hennb001","hensc002","benia001","","winnr001",9,"vizqo001",6,"finls001",8,"bondb001",7,"durhr001",4,"hills002",3,"felip001",5,"alfoe002",2,"hennb001",1,"robed001",7,"camem001",8,"gileb002",9,"piazm001",2,"gonza003",3,"walkt002",5,"greek002",6,"barfj003",4,"hensc002",1,"benia001","merec001"
"SDN200608150","20060815",0,"Tuesday",707,"F","N","SFN","SDN","SAN02","morrm001","younc003","eddid901","demud901","joycj901","schrp901","","",31601,"","","","","",1,1,67,4,13,0,0,1,159,9,3,2,9,6,1,0,7,8,"stanm003","lines001","benia001","","winnr001",8,"vizqo001",6,"aloum001",9,"bondb001",7,"durhr001",4,"hills002",3,"felip001",5,"alfoe002",2,"morrm001",1,"robed001",7,"camem001",8,"gileb002",9,"gonza003",3,"bardj001",2,"walkt002",5,"greek002",6,"barfj003",4,"younc003",1,"benia001","brocd001"
"SDN200608160","20060816",0,"Wednesday",705,"F","N","SFN","SDN","SAN02","lowrn001","parkc002","demud901","joycj901","schrp901","eddid901","","",33938,"","","","","",1,1,68,4,11,0,0,1,257,13,7,5,11,10,0,2,10,11,"klins002","embra001","stanm003","","winnr001",8,"vizqo001",6,"aloum001",9,"bondb001",7,"durhr001",4,"sweem001",3,"hills002",5,"greet003",2,"lowrn001",1,"camem001",8,"johnb003",7,"gileb002",9,"piazm001",2,"gonza003",3,"greek002",6,"bellm002",5,"barfj003",4,"parkc002",1,"stanm003","wills002"
"SDN200608170","20060817",0,"Thursday",1237,"F","D","SFN","SDN","SAN02","cainm001","peavj001","joycj901","schrp901","eddid901","demud901","","",29734,"","","","","",1,1,73,3,10,0,0,1,158,9,8,4,9,5,0,0,3,8,"cainm001","peavj001","","","frank001",4,"finls001",8,"hills002",5,"aloum001",9,"sweem001",3,"lindt001",7,"felip001",6,"alfoe002",2,"cainm001",1,"robed001",7,"walkt002",4,"gileb002",9,"gonza003",3,"bardj001",2,"johnb003",8,"greek002",6,"bellm002",5,"peavj001",1,"tascj001","wills002"
"SDN200608180","20060818",0,"Friday",706,"F","N","ARI","SDN","SAN02","gonze002","willw001","younl901","marqa901","hallt901","everm901","","",35196,"","","","","",1,1,68,4,10,0,0,1,155,9,2,8,4,9,0,0,4,6,"willw001","gonze002","","","drews001",6,"jackc002",3,"gonzl001",7,"grees001",9,"tracc001",5,"estrj001",2,"hudso001",4,"younc004",8,"gonze002",1,"robed001",7,"camem001",8,"gileb002",9,"piazm001",2,"gonza003",3,"walkt002",5,"blumg001",6,"barfj003",4,"willw001",1,"julij001","wills002"
"SDN200608190","20060819",0,"Saturday",110,"F","D","ARI","SDN","SAN02","vargc001","thomm004","marqa901","hallt901","everm901","younl901","","",34250,"","","","","",1,1,73,4,12,0,0,1,176,9,5,3,8,5,0,0,6,6,"vargc001","thomm004","penat003","","byrne001",8,"tracc001",5,"gonzl001",7,"jackc002",3,"grees001",9,"hudso001",4,"drews001",6,"snydc002",2,"vargc001",1,"robed001",7,"camem001",8,"gileb002",9,"gonza003",3,"bardj001",2,"walkt002",5,"blumg001",6,"barfj003",4,"thomm004",1,"penat003","adkij001"
"SDN200608200","20060820",0,"Sunday",107,"F","D","ARI","SDN","SAN02","batim001","younc003","hallt901","everm901","younl901","marqa901","","",34843,"","","","","",1,1,73,3,13,0,0,2,182,10,1,2,8,9,0,1,5,12,"merec001","meddb001","","","byrne001",8,"tracc001",5,"gonzl001",7,"jackc002",3,"estrj001",2,"grees001",9,"hudso001",4,"drews001",6,"batim001",1,"robed001",7,"gileb002",9,"walkt002",5,"piazm001",2,"camem001",8,"gonza003",3,"blumg001",6,"barfj003",4,"younc003",1,"meddb001","merec001"
"SDN200608210","20060821",0,"Monday",712,"F","N","LAN","SDN","SAN02","billc001","staut001","barrt901","diazl901","reedr901","guccc901","","",33244,"","","","","",1,1,68,3,9,0,0,1,145,9,2,4,6,9,0,1,3,5,"staut001","desse001","hofft001","","furcr001",6,"loftk001",8,"garcn001",3,"drewj001",9,"kentj001",4,"ethia001",7,"betew001",5,"martr004",2,"billc001",1,"robed001",7,"gileb002",9,"walkt002",5,"piazm001",2,"camem001",8,"gonza003",3,"blumg001",6,"barfj003",4,"staut001",1,"tomkb001","hofft001"
"SDN200608220","20060822",0,"Tuesday",706,"F","N","LAN","SDN","SAN02","hendm001","peavj001","diazl901","reedr901","guccc901","barrt901","","",32774,"","","","","",1,1,75,3,12,0,0,2,154,9,0,1,5,5,1,1,8,5,"peavj001","hendm001","hofft001","","furcr001",6,"loftk001",8,"garcn001",3,"drewj001",9,"kentj001",4,"ethia001",7,"lugoj001",5,"hallt001",2,"hendm001",1,"barfj003",4,"gileb002",9,"camem001",8,"piazm001",2,"gonza003",3,"johnb003",7,"bellm002",5,"alexm001",6,"peavj001",1,"broxj001","hofft001"
"SDN200608230","20060823",0,"Wednesday",706,"F","N","LAN","SDN","SAN02","pennb002","willw001","reedr901","guccc901","barrt901","diazl901","","",36613,"","","","","",1,1,71,3,9,0,0,2,174,9,2,7,7,13,1,1,4,10,"willw001","pennb002","","","furcr001",6,"loftk001",8,"garcn001",3,"kentj001",4,"ethia001",7,"lugoj001",9,"betew001",5,"martr004",2,"pennb002",1,"robed001",7,"camem001",8,"gileb002",9,"gonza003",3,"bardj001",2,"blumg001",6,"bellm002",5,"barfj003",4,"willw001",1,"carrg001","merec001"
"SDN200609010","20060901",0,"Friday",706,"F","N","CIN","SDN","SAN02","arrob001","hensc002","mcclt901","culbf901","welkb901","fostm901","","",32901,"","","","","",1,1,72,4,8,0,0,2,170,9,6,2,11,5,2,2,11,5,"arrob001","hensc002","","","freer001",9,"dunna001",7,"grifk002",8,"encae001",5,"hatts001",3,"aurir001",6,"philb001",4,"rossd001",2,"arrob001",1,"robed001",7,"gileb002",9,"walkt002",4,"piazm001",2,"branr001",5,"camem001",8,"gonza003",3,"blumg001",6,"hensc002",1,"schos001","casss001"
"SDN200609020","20060902",0,"Saturday",706,"F","N","CIN","SDN","SAN02","lohsk001","peavj001","culbf901","welkb901","fostm901","mcclt901","","",36287,"","","","","",1,1,70,3,11,0,0,1,142,9,1,7,2,10,2,0,1,8,"peavj001","lohsk001","","","freer001",9,"dunna001",7,"grifk002",8,"encae001",5,"hatts001",3,"aurir001",6,"philb001",4,"rossd001",2,"lohsk001",1,"robed001",7,"gileb002",9,"walkt002",5,"piazm001",2,"gonza003",3,"camem001",8,"blumg001",6,"barfj003",4,"peavj001",1,"shacb001",""
"SDN200609030","20060903",0,"Sunday",106,"F","D","CIN","SDN","SAN02","milte001","welld001","welkb901","fostm901","mcclt901","culbf901","","",31153,"","","","","",1,1,79,3,13,0,0,1,148,9,1,2,7,7,1,0,7,6,"merec001","cormr001","hofft001","","freer001",8,"clayr001",6,"encae001",5,"aurir001",3,"dunna001",7,"rossd001",2,"philb001",4,"denoc001",9,"milte001",1,"robed001",7,"gileb002",9,"camem001",8,"bardj001",2,"barfj003",4,"gonza003",3,"bellm002",5,"alexm001",6,"welld001",1,"majeg001","hofft001"
"SDN200609040","20060904",0,"Monday",611,"F","N","COL","SDN","SAN02","foggj001","willw001","davib902","wegnm901","hudsm901","laynj901","","",35722,"","","","","",1,1,76,4,11,0,0,2,159,9,5,7,6,9,1,1,4,3,"seanr001","fuenb001","","","carrj001",4,"heltt001",3,"atkig001",5,"hollm001",7,"hawpb001",9,"torry001",2,"sullc001",8,"tulot001",6,"foggj001",1,"robed001",7,"gileb002",9,"walkt002",3,"bardj001",2,"branr001",5,"camem001",8,"blumg001",6,"barfj003",4,"willw001",1,"fuenb001","seanr001"
"SDN200609050","20060905",0,"Tuesday",707,"F","N","COL","SDN","SAN02","franj003","younc003","wegnm901","hudsm901","laynj901","davib902","","",26456,"","","","","",1,1,73,3,10,0,0,1,177,9,4,5,9,12,0,0,9,9,"merec001","franj003","hofft001","","matsk001",4,"heltt001",3,"atkig001",5,"hollm001",7,"hawpb001",9,"torry001",2,"spilr001",8,"tulot001",6,"franj003",1,"camem001",8,"gileb002",9,"barfj003",4,"piazm001",2,"johnb003",7,"bellm002",3,"branr001",5,"alexm001",6,"younc003",1,"mesaj001","hofft001"
"SDN200609060","20060906",0,"Wednesday",705,"F","N","COL","SDN","SAN02","jennj001","hensc002","hudsm901","laynj901","davib902","wegnm901","","",27968,"","","","","",1,1,71,2,9,0,0,2,191,11,0,2,8,5,0,0,11,7,"merec001","fieln001","","","matsk001",4,"heltt001",3,"atkig001",5,"hollm001",7,"hawpb001",9,"tulot001",6,"spilr001",8,"iannc001",2,"jennj001",1,"robed001",7,"gileb002",9,"walkt002",4,"piazm001",2,"gonza003",3,"camem001",8,"branr001",5,"blumg001",6,"hensc002",1,"fieln001","merec001"
"SDN200609190","20060919",0,"Tuesday",706,"F","N","ARI","SDN","SAN02","hernl003","hensc002","iassd901","barkl901","scotd901","kulpr901","","",29067,"","","","","",1,1,70,4,9,0,0,1,151,9,2,5,7,5,0,0,7,4,"hensc002","hernl003","hofft001","","counc001",6,"hudso001",4,"gonzl001",7,"byrne001",8,"tracc001",5,"jackc002",3,"quenc001",9,"snydc002",2,"hernl003",1,"robed001",7,"gileb002",9,"walkt002",4,"piazm001",2,"gonza003",3,"camem001",8,"branr001",5,"blumg001",6,"hensc002",1,"julij001","hofft001"
"SDN200609200","20060920",0,"Wednesday",706,"F","N","ARI","SDN","SAN02","gonze001","welld001","barkl901","scotd901","kulpr901","iassd901","","",34129,"","","","","",1,1,67,3,8,0,0,2,184,9,8,2,18,8,1,1,13,8,"gonze001","welld001","","","younc004",8,"hudso001",4,"gonzl001",7,"byrne001",9,"jackc002",3,"estrj001",2,"easld001",5,"calla001",6,"gonze001",1,"robed001",7,"gileb002",9,"walkt002",4,"gonza003",3,"bardj001",2,"camem001",8,"branr001",5,"blumg001",6,"welld001",1,"meddb001","seanr001"
"SDN200609210","20060921",0,"Thursday",706,"F","N","ARI","SDN","SAN02","webbb001","willw001","scotd901","kulpr901","iassd901","barkl901","","",34238,"","","","","",1,1,66,3,7,0,0,1,143,9,1,3,5,6,0,1,6,5,"willw001","webbb001","hofft001","","hudso001",4,"drews001",6,"jackc002",3,"byrne001",8,"tracc001",5,"hairs001",7,"quenc001",9,"snydc002",2,"webbb001",1,"robed001",7,"gileb002",9,"gonza003",3,"piazm001",2,"branr001",5,"camem001",8,"blumg001",6,"barfj003",4,"willw001",1,"vizcl001","hofft001"
"SDN200609220","20060922",0,"Friday",708,"F","N","PIT","SDN","SAN02","gorzt001","younc003","wintm901","froeb901","emmep901","rungb901","","",40077,"","","","","",1,1,67,3,7,0,0,2,140,9,2,6,1,10,3,0,1,7,"younc003","gorzt001","","","duffc001",8,"wilsj002",6,"sancf001",4,"bay-j001",7,"nadyx001",9,"paulr001",2,"doumr001",3,"bautj002",5,"gorzt001",1,"barfj003",4,"gileb002",9,"camem001",8,"piazm001",2,"gonza003",3,"johnb003",7,"walkt002",5,"alexm001",6,"younc003",1,"baylj001","merec001"
"SDN200609230","20060923",0,"Saturday",706,"F","N","PIT","SDN","SAN02","dukez001","peavj001","froeb901","emmep901","rungb901","wintm901","","",43168,"","","","","",1,1,69,3,8,0,0,1,136,9,1,2,6,6,1,1,5,9,"peavj001","dukez001","hofft001","","duffc001",8,"wilsj002",6,"sancf001",5,"nadyx001",9,"paulr001",2,"doumr001",3,"bautj002",7,"castj005",4,"dukez001",1,"barfj003",4,"gileb002",9,"camem001",8,"piazm001",2,"gonza003",3,"johnb003",7,"walkt002",5,"alexm001",6,"peavj001",1,"martd004","hofft001"
"SDN200609240","20060924",0,"Sunday",105,"F","D","PIT","SDN","SAN02","mclem002","hensc002","emmep901","rungb901","wintm901","froeb901","","",41932,"","","","","",1,1,70,3,11,0,0,1,145,9,1,2,7,7,1,0,6,8,"hensc002","perej001","hofft001","","duffc001",8,"wilsj002",6,"bay-j001",7,"nadyx001",9,"doumr001",3,"bautj002",5,"castj005",4,"maldc003",2,"mclem002",1,"robed001",7,"gileb002",9,"gonza003",3,"bardj001",2,"branr001",5,"camem001",8,"blumg001",6,"barfj003",4,"hensc002",1,"torrs001","hofft001"
